// Code generated by protoc-gen-go. DO NOT EDIT.
// versions:
// 	protoc-gen-go v1.36.4
// 	protoc        v6.33.1
// source: mealplanning/mealplanning_service.proto

package mealplanning

import (
	reflect "reflect"
	unsafe "unsafe"

	protoreflect "google.golang.org/protobuf/reflect/protoreflect"
	protoimpl "google.golang.org/protobuf/runtime/protoimpl"
)

const (
	// Verify that this generated code is sufficiently up-to-date.
	_ = protoimpl.EnforceVersion(20 - protoimpl.MinVersion)
	// Verify that runtime/protoimpl is sufficiently up-to-date.
	_ = protoimpl.EnforceVersion(protoimpl.MaxVersion - 20)
)

var File_mealplanning_mealplanning_service_proto protoreflect.FileDescriptor

var file_mealplanning_mealplanning_service_proto_rawDesc = string([]byte{
	0x0a, 0x27, 0x6d, 0x65, 0x61, 0x6c, 0x70, 0x6c, 0x61, 0x6e, 0x6e, 0x69, 0x6e, 0x67, 0x2f, 0x6d,
	0x65, 0x61, 0x6c, 0x70, 0x6c, 0x61, 0x6e, 0x6e, 0x69, 0x6e, 0x67, 0x5f, 0x73, 0x65, 0x72, 0x76,
	0x69, 0x63, 0x65, 0x2e, 0x70, 0x72, 0x6f, 0x74, 0x6f, 0x12, 0x0c, 0x6d, 0x65, 0x61, 0x6c, 0x70,
	0x6c, 0x61, 0x6e, 0x6e, 0x69, 0x6e, 0x67, 0x1a, 0x2d, 0x6d, 0x65, 0x61, 0x6c, 0x70, 0x6c, 0x61,
	0x6e, 0x6e, 0x69, 0x6e, 0x67, 0x2f, 0x6d, 0x65, 0x61, 0x6c, 0x70, 0x6c, 0x61, 0x6e, 0x6e, 0x69,
	0x6e, 0x67, 0x5f, 0x73, 0x65, 0x72, 0x76, 0x69, 0x63, 0x65, 0x5f, 0x74, 0x79, 0x70, 0x65, 0x73,
	0x2e, 0x70, 0x72, 0x6f, 0x74, 0x6f, 0x32, 0x87, 0xde, 0x01, 0x0a, 0x13, 0x4d, 0x65, 0x61, 0x6c,
	0x50, 0x6c, 0x61, 0x6e, 0x6e, 0x69, 0x6e, 0x67, 0x53, 0x65, 0x72, 0x76, 0x69, 0x63, 0x65, 0x12,
	0x52, 0x0a, 0x0b, 0x41, 0x72, 0x63, 0x68, 0x69, 0x76, 0x65, 0x4d, 0x65, 0x61, 0x6c, 0x12, 0x20,
	0x2e, 0x6d, 0x65, 0x61, 0x6c, 0x70, 0x6c, 0x61, 0x6e, 0x6e, 0x69, 0x6e, 0x67, 0x2e, 0x41, 0x72,
	0x63, 0x68, 0x69, 0x76, 0x65, 0x4d, 0x65, 0x61, 0x6c, 0x52, 0x65, 0x71, 0x75, 0x65, 0x73, 0x74,
	0x1a, 0x21, 0x2e, 0x6d, 0x65, 0x61, 0x6c, 0x70, 0x6c, 0x61, 0x6e, 0x6e, 0x69, 0x6e, 0x67, 0x2e,
	0x41, 0x72, 0x63, 0x68, 0x69, 0x76, 0x65, 0x4d, 0x65, 0x61, 0x6c, 0x52, 0x65, 0x73, 0x70, 0x6f,
	0x6e, 0x73, 0x65, 0x12, 0x5e, 0x0a, 0x0f, 0x41, 0x72, 0x63, 0x68, 0x69, 0x76, 0x65, 0x4d, 0x65,
	0x61, 0x6c, 0x50, 0x6c, 0x61, 0x6e, 0x12, 0x24, 0x2e, 0x6d, 0x65, 0x61, 0x6c, 0x70, 0x6c, 0x61,
	0x6e, 0x6e, 0x69, 0x6e, 0x67, 0x2e, 0x41, 0x72, 0x63, 0x68, 0x69, 0x76, 0x65, 0x4d, 0x65, 0x61,
	0x6c, 0x50, 0x6c, 0x61, 0x6e, 0x52, 0x65, 0x71, 0x75, 0x65, 0x73, 0x74, 0x1a, 0x25, 0x2e, 0x6d,
	0x65, 0x61, 0x6c, 0x70, 0x6c, 0x61, 0x6e, 0x6e, 0x69, 0x6e, 0x67, 0x2e, 0x41, 0x72, 0x63, 0x68,
	0x69, 0x76, 0x65, 0x4d, 0x65, 0x61, 0x6c, 0x50, 0x6c, 0x61, 0x6e, 0x52, 0x65, 0x73, 0x70, 0x6f,
	0x6e, 0x73, 0x65, 0x12, 0x6d, 0x0a, 0x14, 0x41, 0x72, 0x63, 0x68, 0x69, 0x76, 0x65, 0x4d, 0x65,
	0x61, 0x6c, 0x50, 0x6c, 0x61, 0x6e, 0x45, 0x76, 0x65, 0x6e, 0x74, 0x12, 0x29, 0x2e, 0x6d, 0x65,
	0x61, 0x6c, 0x70, 0x6c, 0x61, 0x6e, 0x6e, 0x69, 0x6e, 0x67, 0x2e, 0x41, 0x72, 0x63, 0x68, 0x69,
	0x76, 0x65, 0x4d, 0x65, 0x61, 0x6c, 0x50, 0x6c, 0x61, 0x6e, 0x45, 0x76, 0x65, 0x6e, 0x74, 0x52,
	0x65, 0x71, 0x75, 0x65, 0x73, 0x74, 0x1a, 0x2a, 0x2e, 0x6d, 0x65, 0x61, 0x6c, 0x70, 0x6c, 0x61,
	0x6e, 0x6e, 0x69, 0x6e, 0x67, 0x2e, 0x41, 0x72, 0x63, 0x68, 0x69, 0x76, 0x65, 0x4d, 0x65, 0x61,
	0x6c, 0x50, 0x6c, 0x61, 0x6e, 0x45, 0x76, 0x65, 0x6e, 0x74, 0x52, 0x65, 0x73, 0x70, 0x6f, 0x6e,
	0x73, 0x65, 0x12, 0x8b, 0x01, 0x0a, 0x1e, 0x41, 0x72, 0x63, 0x68, 0x69, 0x76, 0x65, 0x4d, 0x65,
	0x61, 0x6c, 0x50, 0x6c, 0x61, 0x6e, 0x47, 0x72, 0x6f, 0x63, 0x65, 0x72, 0x79, 0x4c, 0x69, 0x73,
	0x74, 0x49, 0x74, 0x65, 0x6d, 0x12, 0x33, 0x2e, 0x6d, 0x65, 0x61, 0x6c, 0x70, 0x6c, 0x61, 0x6e,
	0x6e, 0x69, 0x6e, 0x67, 0x2e, 0x41, 0x72, 0x63, 0x68, 0x69, 0x76, 0x65, 0x4d, 0x65, 0x61, 0x6c,
	0x50, 0x6c, 0x61, 0x6e, 0x47, 0x72, 0x6f, 0x63, 0x65, 0x72, 0x79, 0x4c, 0x69, 0x73, 0x74, 0x49,
	0x74, 0x65, 0x6d, 0x52, 0x65, 0x71, 0x75, 0x65, 0x73, 0x74, 0x1a, 0x34, 0x2e, 0x6d, 0x65, 0x61,
	0x6c, 0x70, 0x6c, 0x61, 0x6e, 0x6e, 0x69, 0x6e, 0x67, 0x2e, 0x41, 0x72, 0x63, 0x68, 0x69, 0x76,
	0x65, 0x4d, 0x65, 0x61, 0x6c, 0x50, 0x6c, 0x61, 0x6e, 0x47, 0x72, 0x6f, 0x63, 0x65, 0x72, 0x79,
	0x4c, 0x69, 0x73, 0x74, 0x49, 0x74, 0x65, 0x6d, 0x52, 0x65, 0x73, 0x70, 0x6f, 0x6e, 0x73, 0x65,
	0x12, 0x70, 0x0a, 0x15, 0x41, 0x72, 0x63, 0x68, 0x69, 0x76, 0x65, 0x4d, 0x65, 0x61, 0x6c, 0x50,
	0x6c, 0x61, 0x6e, 0x4f, 0x70, 0x74, 0x69, 0x6f, 0x6e, 0x12, 0x2a, 0x2e, 0x6d, 0x65, 0x61, 0x6c,
	0x70, 0x6c, 0x61, 0x6e, 0x6e, 0x69, 0x6e, 0x67, 0x2e, 0x41, 0x72, 0x63, 0x68, 0x69, 0x76, 0x65,
	0x4d, 0x65, 0x61, 0x6c, 0x50, 0x6c, 0x61, 0x6e, 0x4f, 0x70, 0x74, 0x69, 0x6f, 0x6e, 0x52, 0x65,
	0x71, 0x75, 0x65, 0x73, 0x74, 0x1a, 0x2b, 0x2e, 0x6d, 0x65, 0x61, 0x6c, 0x70, 0x6c, 0x61, 0x6e,
	0x6e, 0x69, 0x6e, 0x67, 0x2e, 0x41, 0x72, 0x63, 0x68, 0x69, 0x76, 0x65, 0x4d, 0x65, 0x61, 0x6c,
	0x50, 0x6c, 0x61, 0x6e, 0x4f, 0x70, 0x74, 0x69, 0x6f, 0x6e, 0x52, 0x65, 0x73, 0x70, 0x6f, 0x6e,
	0x73, 0x65, 0x12, 0x7c, 0x0a, 0x19, 0x41, 0x72, 0x63, 0x68, 0x69, 0x76, 0x65, 0x4d, 0x65, 0x61,
	0x6c, 0x50, 0x6c, 0x61, 0x6e, 0x4f, 0x70, 0x74, 0x69, 0x6f, 0x6e, 0x56, 0x6f, 0x74, 0x65, 0x12,
	0x2e, 0x2e, 0x6d, 0x65, 0x61, 0x6c, 0x70, 0x6c, 0x61, 0x6e, 0x6e, 0x69, 0x6e, 0x67, 0x2e, 0x41,
	0x72, 0x63, 0x68, 0x69, 0x76, 0x65, 0x4d, 0x65, 0x61, 0x6c, 0x50, 0x6c, 0x61, 0x6e, 0x4f, 0x70,
	0x74, 0x69, 0x6f, 0x6e, 0x56, 0x6f, 0x74, 0x65, 0x52, 0x65, 0x71, 0x75, 0x65, 0x73, 0x74, 0x1a,
	0x2f, 0x2e, 0x6d, 0x65, 0x61, 0x6c, 0x70, 0x6c, 0x61, 0x6e, 0x6e, 0x69, 0x6e, 0x67, 0x2e, 0x41,
	0x72, 0x63, 0x68, 0x69, 0x76, 0x65, 0x4d, 0x65, 0x61, 0x6c, 0x50, 0x6c, 0x61, 0x6e, 0x4f, 0x70,
	0x74, 0x69, 0x6f, 0x6e, 0x56, 0x6f, 0x74, 0x65, 0x52, 0x65, 0x73, 0x70, 0x6f, 0x6e, 0x73, 0x65,
	0x12, 0x9d, 0x01, 0x0a, 0x24, 0x41, 0x72, 0x63, 0x68, 0x69, 0x76, 0x65, 0x4d, 0x65, 0x61, 0x6c,
	0x50, 0x6c, 0x61, 0x6e, 0x52, 0x65, 0x63, 0x69, 0x70, 0x65, 0x4f, 0x70, 0x74, 0x69, 0x6f, 0x6e,
	0x53, 0x65, 0x6c, 0x65, 0x63, 0x74, 0x69, 0x6f, 0x6e, 0x12, 0x39, 0x2e, 0x6d, 0x65, 0x61, 0x6c,
	0x70, 0x6c, 0x61, 0x6e, 0x6e, 0x69, 0x6e, 0x67, 0x2e, 0x41, 0x72, 0x63, 0x68, 0x69, 0x76, 0x65,
	0x4d, 0x65, 0x61, 0x6c, 0x50, 0x6c, 0x61, 0x6e, 0x52, 0x65, 0x63, 0x69, 0x70, 0x65, 0x4f, 0x70,
	0x74, 0x69, 0x6f, 0x6e, 0x53, 0x65, 0x6c, 0x65, 0x63, 0x74, 0x69, 0x6f, 0x6e, 0x52, 0x65, 0x71,
	0x75, 0x65, 0x73, 0x74, 0x1a, 0x3a, 0x2e, 0x6d, 0x65, 0x61, 0x6c, 0x70, 0x6c, 0x61, 0x6e, 0x6e,
	0x69, 0x6e, 0x67, 0x2e, 0x41, 0x72, 0x63, 0x68, 0x69, 0x76, 0x65, 0x4d, 0x65, 0x61, 0x6c, 0x50,
	0x6c, 0x61, 0x6e, 0x52, 0x65, 0x63, 0x69, 0x70, 0x65, 0x4f, 0x70, 0x74, 0x69, 0x6f, 0x6e, 0x53,
	0x65, 0x6c, 0x65, 0x63, 0x74, 0x69, 0x6f, 0x6e, 0x52, 0x65, 0x73, 0x70, 0x6f, 0x6e, 0x73, 0x65,
	0x12, 0x5e, 0x0a, 0x0f, 0x41, 0x72, 0x63, 0x68, 0x69, 0x76, 0x65, 0x4d, 0x65, 0x61, 0x6c, 0x4c,
	0x69, 0x73, 0x74, 0x12, 0x24, 0x2e, 0x6d, 0x65, 0x61, 0x6c, 0x70, 0x6c, 0x61, 0x6e, 0x6e, 0x69,
	0x6e, 0x67, 0x2e, 0x41, 0x72, 0x63, 0x68, 0x69, 0x76, 0x65, 0x4d, 0x65, 0x61, 0x6c, 0x4c, 0x69,
	0x73, 0x74, 0x52, 0x65, 0x71, 0x75, 0x65, 0x73, 0x74, 0x1a, 0x25, 0x2e, 0x6d, 0x65, 0x61, 0x6c,
	0x70, 0x6c, 0x61, 0x6e, 0x6e, 0x69, 0x6e, 0x67, 0x2e, 0x41, 0x72, 0x63, 0x68, 0x69, 0x76, 0x65,
	0x4d, 0x65, 0x61, 0x6c, 0x4c, 0x69, 0x73, 0x74, 0x52, 0x65, 0x73, 0x70, 0x6f, 0x6e, 0x73, 0x65,
	0x12, 0x6a, 0x0a, 0x13, 0x41, 0x72, 0x63, 0x68, 0x69, 0x76, 0x65, 0x4d, 0x65, 0x61, 0x6c, 0x4c,
	0x69, 0x73, 0x74, 0x49, 0x74, 0x65, 0x6d, 0x12, 0x28, 0x2e, 0x6d, 0x65, 0x61, 0x6c, 0x70, 0x6c,
	0x61, 0x6e, 0x6e, 0x69, 0x6e, 0x67, 0x2e, 0x41, 0x72, 0x63, 0x68, 0x69, 0x76, 0x65, 0x4d, 0x65,
	0x61, 0x6c, 0x4c, 0x69, 0x73, 0x74, 0x49, 0x74, 0x65, 0x6d, 0x52, 0x65, 0x71, 0x75, 0x65, 0x73,
	0x74, 0x1a, 0x29, 0x2e, 0x6d, 0x65, 0x61, 0x6c, 0x70, 0x6c, 0x61, 0x6e, 0x6e, 0x69, 0x6e, 0x67,
	0x2e, 0x41, 0x72, 0x63, 0x68, 0x69, 0x76, 0x65, 0x4d, 0x65, 0x61, 0x6c, 0x4c, 0x69, 0x73, 0x74,
	0x49, 0x74, 0x65, 0x6d, 0x52, 0x65, 0x73, 0x70, 0x6f, 0x6e, 0x73, 0x65, 0x12, 0x58, 0x0a, 0x0d,
	0x41, 0x72, 0x63, 0x68, 0x69, 0x76, 0x65, 0x52, 0x65, 0x63, 0x69, 0x70, 0x65, 0x12, 0x22, 0x2e,
	0x6d, 0x65, 0x61, 0x6c, 0x70, 0x6c, 0x61, 0x6e, 0x6e, 0x69, 0x6e, 0x67, 0x2e, 0x41, 0x72, 0x63,
	0x68, 0x69, 0x76, 0x65, 0x52, 0x65, 0x63, 0x69, 0x70, 0x65, 0x52, 0x65, 0x71, 0x75, 0x65, 0x73,
	0x74, 0x1a, 0x23, 0x2e, 0x6d, 0x65, 0x61, 0x6c, 0x70, 0x6c, 0x61, 0x6e, 0x6e, 0x69, 0x6e, 0x67,
	0x2e, 0x41, 0x72, 0x63, 0x68, 0x69, 0x76, 0x65, 0x52, 0x65, 0x63, 0x69, 0x70, 0x65, 0x52, 0x65,
	0x73, 0x70, 0x6f, 0x6e, 0x73, 0x65, 0x12, 0x70, 0x0a, 0x15, 0x41, 0x72, 0x63, 0x68, 0x69, 0x76,
	0x65, 0x52, 0x65, 0x63, 0x69, 0x70, 0x65, 0x50, 0x72, 0x65, 0x70, 0x54, 0x61, 0x73, 0x6b, 0x12,
	0x2a, 0x2e, 0x6d, 0x65, 0x61, 0x6c, 0x70, 0x6c, 0x61, 0x6e, 0x6e, 0x69, 0x6e, 0x67, 0x2e, 0x41,
	0x72, 0x63, 0x68, 0x69, 0x76, 0x65, 0x52, 0x65, 0x63, 0x69, 0x70, 0x65, 0x50, 0x72, 0x65, 0x70,
	0x54, 0x61, 0x73, 0x6b, 0x52, 0x65, 0x71, 0x75, 0x65, 0x73, 0x74, 0x1a, 0x2b, 0x2e, 0x6d, 0x65,
	0x61, 0x6c, 0x70, 0x6c, 0x61, 0x6e, 0x6e, 0x69, 0x6e, 0x67, 0x2e, 0x41, 0x72, 0x63, 0x68, 0x69,
	0x76, 0x65, 0x52, 0x65, 0x63, 0x69, 0x70, 0x65, 0x50, 0x72, 0x65, 0x70, 0x54, 0x61, 0x73, 0x6b,
	0x52, 0x65, 0x73, 0x70, 0x6f, 0x6e, 0x73, 0x65, 0x12, 0x6a, 0x0a, 0x13, 0x41, 0x72, 0x63, 0x68,
	0x69, 0x76, 0x65, 0x52, 0x65, 0x63, 0x69, 0x70, 0x65, 0x52, 0x61, 0x74, 0x69, 0x6e, 0x67, 0x12,
	0x28, 0x2e, 0x6d, 0x65, 0x61, 0x6c, 0x70, 0x6c, 0x61, 0x6e, 0x6e, 0x69, 0x6e, 0x67, 0x2e, 0x41,
	0x72, 0x63, 0x68, 0x69, 0x76, 0x65, 0x52, 0x65, 0x63, 0x69, 0x70, 0x65, 0x52, 0x61, 0x74, 0x69,
	0x6e, 0x67, 0x52, 0x65, 0x71, 0x75, 0x65, 0x73, 0x74, 0x1a, 0x29, 0x2e, 0x6d, 0x65, 0x61, 0x6c,
	0x70, 0x6c, 0x61, 0x6e, 0x6e, 0x69, 0x6e, 0x67, 0x2e, 0x41, 0x72, 0x63, 0x68, 0x69, 0x76, 0x65,
	0x52, 0x65, 0x63, 0x69, 0x70, 0x65, 0x52, 0x61, 0x74, 0x69, 0x6e, 0x67, 0x52, 0x65, 0x73, 0x70,
	0x6f, 0x6e, 0x73, 0x65, 0x12, 0x64, 0x0a, 0x11, 0x41, 0x72, 0x63, 0x68, 0x69, 0x76, 0x65, 0x52,
	0x65, 0x63, 0x69, 0x70, 0x65, 0x4c, 0x69, 0x73, 0x74, 0x12, 0x26, 0x2e, 0x6d, 0x65, 0x61, 0x6c,
	0x70, 0x6c, 0x61, 0x6e, 0x6e, 0x69, 0x6e, 0x67, 0x2e, 0x41, 0x72, 0x63, 0x68, 0x69, 0x76, 0x65,
	0x52, 0x65, 0x63, 0x69, 0x70, 0x65, 0x4c, 0x69, 0x73, 0x74, 0x52, 0x65, 0x71, 0x75, 0x65, 0x73,
	0x74, 0x1a, 0x27, 0x2e, 0x6d, 0x65, 0x61, 0x6c, 0x70, 0x6c, 0x61, 0x6e, 0x6e, 0x69, 0x6e, 0x67,
	0x2e, 0x41, 0x72, 0x63, 0x68, 0x69, 0x76, 0x65, 0x52, 0x65, 0x63, 0x69, 0x70, 0x65, 0x4c, 0x69,
	0x73, 0x74, 0x52, 0x65, 0x73, 0x70, 0x6f, 0x6e, 0x73, 0x65, 0x12, 0x70, 0x0a, 0x15, 0x41, 0x72,
	0x63, 0x68, 0x69, 0x76, 0x65, 0x52, 0x65, 0x63, 0x69, 0x70, 0x65, 0x4c, 0x69, 0x73, 0x74, 0x49,
	0x74, 0x65, 0x6d, 0x12, 0x2a, 0x2e, 0x6d, 0x65, 0x61, 0x6c, 0x70, 0x6c, 0x61, 0x6e, 0x6e, 0x69,
	0x6e, 0x67, 0x2e, 0x41, 0x72, 0x63, 0x68, 0x69, 0x76, 0x65, 0x52, 0x65, 0x63, 0x69, 0x70, 0x65,
	0x4c, 0x69, 0x73, 0x74, 0x49, 0x74, 0x65, 0x6d, 0x52, 0x65, 0x71, 0x75, 0x65, 0x73, 0x74, 0x1a,
	0x2b, 0x2e, 0x6d, 0x65, 0x61, 0x6c, 0x70, 0x6c, 0x61, 0x6e, 0x6e, 0x69, 0x6e, 0x67, 0x2e, 0x41,
	0x72, 0x63, 0x68, 0x69, 0x76, 0x65, 0x52, 0x65, 0x63, 0x69, 0x70, 0x65, 0x4c, 0x69, 0x73, 0x74,
	0x49, 0x74, 0x65, 0x6d, 0x52, 0x65, 0x73, 0x70, 0x6f, 0x6e, 0x73, 0x65, 0x12, 0x64, 0x0a, 0x11,
	0x41, 0x72, 0x63, 0x68, 0x69, 0x76, 0x65, 0x52, 0x65, 0x63, 0x69, 0x70, 0x65, 0x53, 0x74, 0x65,
	0x70, 0x12, 0x26, 0x2e, 0x6d, 0x65, 0x61, 0x6c, 0x70, 0x6c, 0x61, 0x6e, 0x6e, 0x69, 0x6e, 0x67,
	0x2e, 0x41, 0x72, 0x63, 0x68, 0x69, 0x76, 0x65, 0x52, 0x65, 0x63, 0x69, 0x70, 0x65, 0x53, 0x74,
	0x65, 0x70, 0x52, 0x65, 0x71, 0x75, 0x65, 0x73, 0x74, 0x1a, 0x27, 0x2e, 0x6d, 0x65, 0x61, 0x6c,
	0x70, 0x6c, 0x61, 0x6e, 0x6e, 0x69, 0x6e, 0x67, 0x2e, 0x41, 0x72, 0x63, 0x68, 0x69, 0x76, 0x65,
	0x52, 0x65, 0x63, 0x69, 0x70, 0x65, 0x53, 0x74, 0x65, 0x70, 0x52, 0x65, 0x73, 0x70, 0x6f, 0x6e,
	0x73, 0x65, 0x12, 0x9d, 0x01, 0x0a, 0x24, 0x41, 0x72, 0x63, 0x68, 0x69, 0x76, 0x65, 0x52, 0x65,
	0x63, 0x69, 0x70, 0x65, 0x53, 0x74, 0x65, 0x70, 0x43, 0x6f, 0x6d, 0x70, 0x6c, 0x65, 0x74, 0x69,
	0x6f, 0x6e, 0x43, 0x6f, 0x6e, 0x64, 0x69, 0x74, 0x69, 0x6f, 0x6e, 0x12, 0x39, 0x2e, 0x6d, 0x65,
	0x61, 0x6c, 0x70, 0x6c, 0x61, 0x6e, 0x6e, 0x69, 0x6e, 0x67, 0x2e, 0x41, 0x72, 0x63, 0x68, 0x69,
	0x76, 0x65, 0x52, 0x65, 0x63, 0x69, 0x70, 0x65, 0x53, 0x74, 0x65, 0x70, 0x43, 0x6f, 0x6d, 0x70,
	0x6c, 0x65, 0x74, 0x69, 0x6f, 0x6e, 0x43, 0x6f, 0x6e, 0x64, 0x69, 0x74, 0x69, 0x6f, 0x6e, 0x52,
	0x65, 0x71, 0x75, 0x65, 0x73, 0x74, 0x1a, 0x3a, 0x2e, 0x6d, 0x65, 0x61, 0x6c, 0x70, 0x6c, 0x61,
	0x6e, 0x6e, 0x69, 0x6e, 0x67, 0x2e, 0x41, 0x72, 0x63, 0x68, 0x69, 0x76, 0x65, 0x52, 0x65, 0x63,
	0x69, 0x70, 0x65, 0x53, 0x74, 0x65, 0x70, 0x43, 0x6f, 0x6d, 0x70, 0x6c, 0x65, 0x74, 0x69, 0x6f,
	0x6e, 0x43, 0x6f, 0x6e, 0x64, 0x69, 0x74, 0x69, 0x6f, 0x6e, 0x52, 0x65, 0x73, 0x70, 0x6f, 0x6e,
	0x73, 0x65, 0x12, 0x82, 0x01, 0x0a, 0x1b, 0x41, 0x72, 0x63, 0x68, 0x69, 0x76, 0x65, 0x52, 0x65,
	0x63, 0x69, 0x70, 0x65, 0x53, 0x74, 0x65, 0x70, 0x49, 0x6e, 0x67, 0x72, 0x65, 0x64, 0x69, 0x65,
	0x6e, 0x74, 0x12, 0x30, 0x2e, 0x6d, 0x65, 0x61, 0x6c, 0x70, 0x6c, 0x61, 0x6e, 0x6e, 0x69, 0x6e,
	0x67, 0x2e, 0x41, 0x72, 0x63, 0x68, 0x69, 0x76, 0x65, 0x52, 0x65, 0x63, 0x69, 0x70, 0x65, 0x53,
	0x74, 0x65, 0x70, 0x49, 0x6e, 0x67, 0x72, 0x65, 0x64, 0x69, 0x65, 0x6e, 0x74, 0x52, 0x65, 0x71,
	0x75, 0x65, 0x73, 0x74, 0x1a, 0x31, 0x2e, 0x6d, 0x65, 0x61, 0x6c, 0x70, 0x6c, 0x61, 0x6e, 0x6e,
	0x69, 0x6e, 0x67, 0x2e, 0x41, 0x72, 0x63, 0x68, 0x69, 0x76, 0x65, 0x52, 0x65, 0x63, 0x69, 0x70,
	0x65, 0x53, 0x74, 0x65, 0x70, 0x49, 0x6e, 0x67, 0x72, 0x65, 0x64, 0x69, 0x65, 0x6e, 0x74, 0x52,
	0x65, 0x73, 0x70, 0x6f, 0x6e, 0x73, 0x65, 0x12, 0x82, 0x01, 0x0a, 0x1b, 0x41, 0x72, 0x63, 0x68,
	0x69, 0x76, 0x65, 0x52, 0x65, 0x63, 0x69, 0x70, 0x65, 0x53, 0x74, 0x65, 0x70, 0x49, 0x6e, 0x73,
	0x74, 0x72, 0x75, 0x6d, 0x65, 0x6e, 0x74, 0x12, 0x30, 0x2e, 0x6d, 0x65, 0x61, 0x6c, 0x70, 0x6c,
	0x61, 0x6e, 0x6e, 0x69, 0x6e, 0x67, 0x2e, 0x41, 0x72, 0x63, 0x68, 0x69, 0x76, 0x65, 0x52, 0x65,
	0x63, 0x69, 0x70, 0x65, 0x53, 0x74, 0x65, 0x70, 0x49, 0x6e, 0x73, 0x74, 0x72, 0x75, 0x6d, 0x65,
	0x6e, 0x74, 0x52, 0x65, 0x71, 0x75, 0x65, 0x73, 0x74, 0x1a, 0x31, 0x2e, 0x6d, 0x65, 0x61, 0x6c,
	0x70, 0x6c, 0x61, 0x6e, 0x6e, 0x69, 0x6e, 0x67, 0x2e, 0x41, 0x72, 0x63, 0x68, 0x69, 0x76, 0x65,
	0x52, 0x65, 0x63, 0x69, 0x70, 0x65, 0x53, 0x74, 0x65, 0x70, 0x49, 0x6e, 0x73, 0x74, 0x72, 0x75,
	0x6d, 0x65, 0x6e, 0x74, 0x52, 0x65, 0x73, 0x70, 0x6f, 0x6e, 0x73, 0x65, 0x12, 0x79, 0x0a, 0x18,
	0x41, 0x72, 0x63, 0x68, 0x69, 0x76, 0x65, 0x52, 0x65, 0x63, 0x69, 0x70, 0x65, 0x53, 0x74, 0x65,
	0x70, 0x50, 0x72, 0x6f, 0x64, 0x75, 0x63, 0x74, 0x12, 0x2d, 0x2e, 0x6d, 0x65, 0x61, 0x6c, 0x70,
	0x6c, 0x61, 0x6e, 0x6e, 0x69, 0x6e, 0x67, 0x2e, 0x41, 0x72, 0x63, 0x68, 0x69, 0x76, 0x65, 0x52,
	0x65, 0x63, 0x69, 0x70, 0x65, 0x53, 0x74, 0x65, 0x70, 0x50, 0x72, 0x6f, 0x64, 0x75, 0x63, 0x74,
	0x52, 0x65, 0x71, 0x75, 0x65, 0x73, 0x74, 0x1a, 0x2e, 0x2e, 0x6d, 0x65, 0x61, 0x6c, 0x70, 0x6c,
	0x61, 0x6e, 0x6e, 0x69, 0x6e, 0x67, 0x2e, 0x41, 0x72, 0x63, 0x68, 0x69, 0x76, 0x65, 0x52, 0x65,
	0x63, 0x69, 0x70, 0x65, 0x53, 0x74, 0x65, 0x70, 0x50, 0x72, 0x6f, 0x64, 0x75, 0x63, 0x74, 0x52,
	0x65, 0x73, 0x70, 0x6f, 0x6e, 0x73, 0x65, 0x12, 0x76, 0x0a, 0x17, 0x41, 0x72, 0x63, 0x68, 0x69,
	0x76, 0x65, 0x52, 0x65, 0x63, 0x69, 0x70, 0x65, 0x53, 0x74, 0x65, 0x70, 0x56, 0x65, 0x73, 0x73,
	0x65, 0x6c, 0x12, 0x2c, 0x2e, 0x6d, 0x65, 0x61, 0x6c, 0x70, 0x6c, 0x61, 0x6e, 0x6e, 0x69, 0x6e,
	0x67, 0x2e, 0x41, 0x72, 0x63, 0x68, 0x69, 0x76, 0x65, 0x52, 0x65, 0x63, 0x69, 0x70, 0x65, 0x53,
	0x74, 0x65, 0x70, 0x56, 0x65, 0x73, 0x73, 0x65, 0x6c, 0x52, 0x65, 0x71, 0x75, 0x65, 0x73, 0x74,
	0x1a, 0x2d, 0x2e, 0x6d, 0x65, 0x61, 0x6c, 0x70, 0x6c, 0x61, 0x6e, 0x6e, 0x69, 0x6e, 0x67, 0x2e,
	0x41, 0x72, 0x63, 0x68, 0x69, 0x76, 0x65, 0x52, 0x65, 0x63, 0x69, 0x70, 0x65, 0x53, 0x74, 0x65,
	0x70, 0x56, 0x65, 0x73, 0x73, 0x65, 0x6c, 0x52, 0x65, 0x73, 0x70, 0x6f, 0x6e, 0x73, 0x65, 0x12,
	0x73, 0x0a, 0x16, 0x41, 0x72, 0x63, 0x68, 0x69, 0x76, 0x65, 0x56, 0x61, 0x6c, 0x69, 0x64, 0x49,
	0x6e, 0x67, 0x72, 0x65, 0x64, 0x69, 0x65, 0x6e, 0x74, 0x12, 0x2b, 0x2e, 0x6d, 0x65, 0x61, 0x6c,
	0x70, 0x6c, 0x61, 0x6e, 0x6e, 0x69, 0x6e, 0x67, 0x2e, 0x41, 0x72, 0x63, 0x68, 0x69, 0x76, 0x65,
	0x56, 0x61, 0x6c, 0x69, 0x64, 0x49, 0x6e, 0x67, 0x72, 0x65, 0x64, 0x69, 0x65, 0x6e, 0x74, 0x52,
	0x65, 0x71, 0x75, 0x65, 0x73, 0x74, 0x1a, 0x2c, 0x2e, 0x6d, 0x65, 0x61, 0x6c, 0x70, 0x6c, 0x61,
	0x6e, 0x6e, 0x69, 0x6e, 0x67, 0x2e, 0x41, 0x72, 0x63, 0x68, 0x69, 0x76, 0x65, 0x56, 0x61, 0x6c,
	0x69, 0x64, 0x49, 0x6e, 0x67, 0x72, 0x65, 0x64, 0x69, 0x65, 0x6e, 0x74, 0x52, 0x65, 0x73, 0x70,
	0x6f, 0x6e, 0x73, 0x65, 0x12, 0x82, 0x01, 0x0a, 0x1b, 0x41, 0x72, 0x63, 0x68, 0x69, 0x76, 0x65,
	0x56, 0x61, 0x6c, 0x69, 0x64, 0x49, 0x6e, 0x67, 0x72, 0x65, 0x64, 0x69, 0x65, 0x6e, 0x74, 0x47,
	0x72, 0x6f, 0x75, 0x70, 0x12, 0x30, 0x2e, 0x6d, 0x65, 0x61, 0x6c, 0x70, 0x6c, 0x61, 0x6e, 0x6e,
	0x69, 0x6e, 0x67, 0x2e, 0x41, 0x72, 0x63, 0x68, 0x69, 0x76, 0x65, 0x56, 0x61, 0x6c, 0x69, 0x64,
	0x49, 0x6e, 0x67, 0x72, 0x65, 0x64, 0x69, 0x65, 0x6e, 0x74, 0x47, 0x72, 0x6f, 0x75, 0x70, 0x52,
	0x65, 0x71, 0x75, 0x65, 0x73, 0x74, 0x1a, 0x31, 0x2e, 0x6d, 0x65, 0x61, 0x6c, 0x70, 0x6c, 0x61,
	0x6e, 0x6e, 0x69, 0x6e, 0x67, 0x2e, 0x41, 0x72, 0x63, 0x68, 0x69, 0x76, 0x65, 0x56, 0x61, 0x6c,
	0x69, 0x64, 0x49, 0x6e, 0x67, 0x72, 0x65, 0x64, 0x69, 0x65, 0x6e, 0x74, 0x47, 0x72, 0x6f, 0x75,
	0x70, 0x52, 0x65, 0x73, 0x70, 0x6f, 0x6e, 0x73, 0x65, 0x12, 0xa0, 0x01, 0x0a, 0x25, 0x41, 0x72,
	0x63, 0x68, 0x69, 0x76, 0x65, 0x56, 0x61, 0x6c, 0x69, 0x64, 0x49, 0x6e, 0x67, 0x72, 0x65, 0x64,
	0x69, 0x65, 0x6e, 0x74, 0x4d, 0x65, 0x61, 0x73, 0x75, 0x72, 0x65, 0x6d, 0x65, 0x6e, 0x74, 0x55,
	0x6e, 0x69, 0x74, 0x12, 0x3a, 0x2e, 0x6d, 0x65, 0x61, 0x6c, 0x70, 0x6c, 0x61, 0x6e, 0x6e, 0x69,
	0x6e, 0x67, 0x2e, 0x41, 0x72, 0x63, 0x68, 0x69, 0x76, 0x65, 0x56, 0x61, 0x6c, 0x69, 0x64, 0x49,
	0x6e, 0x67, 0x72, 0x65, 0x64, 0x69, 0x65, 0x6e, 0x74, 0x4d, 0x65, 0x61, 0x73, 0x75, 0x72, 0x65,
	0x6d, 0x65, 0x6e, 0x74, 0x55, 0x6e, 0x69, 0x74, 0x52, 0x65, 0x71, 0x75, 0x65, 0x73, 0x74, 0x1a,
	0x3b, 0x2e, 0x6d, 0x65, 0x61, 0x6c, 0x70, 0x6c, 0x61, 0x6e, 0x6e, 0x69, 0x6e, 0x67, 0x2e, 0x41,
	0x72, 0x63, 0x68, 0x69, 0x76, 0x65, 0x56, 0x61, 0x6c, 0x69, 0x64, 0x49, 0x6e, 0x67, 0x72, 0x65,
	0x64, 0x69, 0x65, 0x6e, 0x74, 0x4d, 0x65, 0x61, 0x73, 0x75, 0x72, 0x65, 0x6d, 0x65, 0x6e, 0x74,
	0x55, 0x6e, 0x69, 0x74, 0x52, 0x65, 0x73, 0x70, 0x6f, 0x6e, 0x73, 0x65, 0x12, 0x94, 0x01, 0x0a,
	0x21, 0x41, 0x72, 0x63, 0x68, 0x69, 0x76, 0x65, 0x56, 0x61, 0x6c, 0x69, 0x64, 0x49, 0x6e, 0x67,
	0x72, 0x65, 0x64, 0x69, 0x65, 0x6e, 0x74, 0x50, 0x72, 0x65, 0x70, 0x61, 0x72, 0x61, 0x74, 0x69,
	0x6f, 0x6e, 0x12, 0x36, 0x2e, 0x6d, 0x65, 0x61, 0x6c, 0x70, 0x6c, 0x61, 0x6e, 0x6e, 0x69, 0x6e,
	0x67, 0x2e, 0x41, 0x72, 0x63, 0x68, 0x69, 0x76, 0x65, 0x56, 0x61, 0x6c, 0x69, 0x64, 0x49, 0x6e,
	0x67, 0x72, 0x65, 0x64, 0x69, 0x65, 0x6e, 0x74, 0x50, 0x72, 0x65, 0x70, 0x61, 0x72, 0x61, 0x74,
	0x69, 0x6f, 0x6e, 0x52, 0x65, 0x71, 0x75, 0x65, 0x73, 0x74, 0x1a, 0x37, 0x2e, 0x6d, 0x65, 0x61,
	0x6c, 0x70, 0x6c, 0x61, 0x6e, 0x6e, 0x69, 0x6e, 0x67, 0x2e, 0x41, 0x72, 0x63, 0x68, 0x69, 0x76,
	0x65, 0x56, 0x61, 0x6c, 0x69, 0x64, 0x49, 0x6e, 0x67, 0x72, 0x65, 0x64, 0x69, 0x65, 0x6e, 0x74,
	0x50, 0x72, 0x65, 0x70, 0x61, 0x72, 0x61, 0x74, 0x69, 0x6f, 0x6e, 0x52, 0x65, 0x73, 0x70, 0x6f,
	0x6e, 0x73, 0x65, 0x12, 0x7f, 0x0a, 0x1a, 0x41, 0x72, 0x63, 0x68, 0x69, 0x76, 0x65, 0x56, 0x61,
	0x6c, 0x69, 0x64, 0x50, 0x72, 0x65, 0x70, 0x54, 0x61, 0x73, 0x6b, 0x43, 0x6f, 0x6e, 0x66, 0x69,
	0x67, 0x12, 0x2f, 0x2e, 0x6d, 0x65, 0x61, 0x6c, 0x70, 0x6c, 0x61, 0x6e, 0x6e, 0x69, 0x6e, 0x67,
	0x2e, 0x41, 0x72, 0x63, 0x68, 0x69, 0x76, 0x65, 0x56, 0x61, 0x6c, 0x69, 0x64, 0x50, 0x72, 0x65,
	0x70, 0x54, 0x61, 0x73, 0x6b, 0x43, 0x6f, 0x6e, 0x66, 0x69, 0x67, 0x52, 0x65, 0x71, 0x75, 0x65,
	0x73, 0x74, 0x1a, 0x30, 0x2e, 0x6d, 0x65, 0x61, 0x6c, 0x70, 0x6c, 0x61, 0x6e, 0x6e, 0x69, 0x6e,
	0x67, 0x2e, 0x41, 0x72, 0x63, 0x68, 0x69, 0x76, 0x65, 0x56, 0x61, 0x6c, 0x69, 0x64, 0x50, 0x72,
	0x65, 0x70, 0x54, 0x61, 0x73, 0x6b, 0x43, 0x6f, 0x6e, 0x66, 0x69, 0x67, 0x52, 0x65, 0x73, 0x70,
	0x6f, 0x6e, 0x73, 0x65, 0x12, 0x82, 0x01, 0x0a, 0x1b, 0x41, 0x72, 0x63, 0x68, 0x69, 0x76, 0x65,
	0x56, 0x61, 0x6c, 0x69, 0x64, 0x49, 0x6e, 0x67, 0x72, 0x65, 0x64, 0x69, 0x65, 0x6e, 0x74, 0x53,
	0x74, 0x61, 0x74, 0x65, 0x12, 0x30, 0x2e, 0x6d, 0x65, 0x61, 0x6c, 0x70, 0x6c, 0x61, 0x6e, 0x6e,
	0x69, 0x6e, 0x67, 0x2e, 0x41, 0x72, 0x63, 0x68, 0x69, 0x76, 0x65, 0x56, 0x61, 0x6c, 0x69, 0x64,
	0x49, 0x6e, 0x67, 0x72, 0x65, 0x64, 0x69, 0x65, 0x6e, 0x74, 0x53, 0x74, 0x61, 0x74, 0x65, 0x52,
	0x65, 0x71, 0x75, 0x65, 0x73, 0x74, 0x1a, 0x31, 0x2e, 0x6d, 0x65, 0x61, 0x6c, 0x70, 0x6c, 0x61,
	0x6e, 0x6e, 0x69, 0x6e, 0x67, 0x2e, 0x41, 0x72, 0x63, 0x68, 0x69, 0x76, 0x65, 0x56, 0x61, 0x6c,
	0x69, 0x64, 0x49, 0x6e, 0x67, 0x72, 0x65, 0x64, 0x69, 0x65, 0x6e, 0x74, 0x53, 0x74, 0x61, 0x74,
	0x65, 0x52, 0x65, 0x73, 0x70, 0x6f, 0x6e, 0x73, 0x65, 0x12, 0xa0, 0x01, 0x0a, 0x25, 0x41, 0x72,
	0x63, 0x68, 0x69, 0x76, 0x65, 0x56, 0x61, 0x6c, 0x69, 0x64, 0x49, 0x6e, 0x67, 0x72, 0x65, 0x64,
	0x69, 0x65, 0x6e, 0x74, 0x53, 0x74, 0x61, 0x74, 0x65, 0x49, 0x6e, 0x67, 0x72, 0x65, 0x64, 0x69,
	0x65, 0x6e, 0x74, 0x12, 0x3a, 0x2e, 0x6d, 0x65, 0x61, 0x6c, 0x70, 0x6c, 0x61, 0x6e, 0x6e, 0x69,
	0x6e, 0x67, 0x2e, 0x41, 0x72, 0x63, 0x68, 0x69, 0x76, 0x65, 0x56, 0x61, 0x6c, 0x69, 0x64, 0x49,
	0x6e, 0x67, 0x72, 0x65, 0x64, 0x69, 0x65, 0x6e, 0x74, 0x53, 0x74, 0x61, 0x74, 0x65, 0x49, 0x6e,
	0x67, 0x72, 0x65, 0x64, 0x69, 0x65, 0x6e, 0x74, 0x52, 0x65, 0x71, 0x75, 0x65, 0x73, 0x74, 0x1a,
	0x3b, 0x2e, 0x6d, 0x65, 0x61, 0x6c, 0x70, 0x6c, 0x61, 0x6e, 0x6e, 0x69, 0x6e, 0x67, 0x2e, 0x41,
	0x72, 0x63, 0x68, 0x69, 0x76, 0x65, 0x56, 0x61, 0x6c, 0x69, 0x64, 0x49, 0x6e, 0x67, 0x72, 0x65,
	0x64, 0x69, 0x65, 0x6e, 0x74, 0x53, 0x74, 0x61, 0x74, 0x65, 0x49, 0x6e, 0x67, 0x72, 0x65, 0x64,
	0x69, 0x65, 0x6e, 0x74, 0x52, 0x65, 0x73, 0x70, 0x6f, 0x6e, 0x73, 0x65, 0x12, 0x73, 0x0a, 0x16,
	0x41, 0x72, 0x63, 0x68, 0x69, 0x76, 0x65, 0x56, 0x61, 0x6c, 0x69, 0x64, 0x49, 0x6e, 0x73, 0x74,
	0x72, 0x75, 0x6d, 0x65, 0x6e, 0x74, 0x12, 0x2b, 0x2e, 0x6d, 0x65, 0x61, 0x6c, 0x70, 0x6c, 0x61,
	0x6e, 0x6e, 0x69, 0x6e, 0x67, 0x2e, 0x41, 0x72, 0x63, 0x68, 0x69, 0x76, 0x65, 0x56, 0x61, 0x6c,
	0x69, 0x64, 0x49, 0x6e, 0x73, 0x74, 0x72, 0x75, 0x6d, 0x65, 0x6e, 0x74, 0x52, 0x65, 0x71, 0x75,
	0x65, 0x73, 0x74, 0x1a, 0x2c, 0x2e, 0x6d, 0x65, 0x61, 0x6c, 0x70, 0x6c, 0x61, 0x6e, 0x6e, 0x69,
	0x6e, 0x67, 0x2e, 0x41, 0x72, 0x63, 0x68, 0x69, 0x76, 0x65, 0x56, 0x61, 0x6c, 0x69, 0x64, 0x49,
	0x6e, 0x73, 0x74, 0x72, 0x75, 0x6d, 0x65, 0x6e, 0x74, 0x52, 0x65, 0x73, 0x70, 0x6f, 0x6e, 0x73,
	0x65, 0x12, 0x82, 0x01, 0x0a, 0x1b, 0x41, 0x72, 0x63, 0x68, 0x69, 0x76, 0x65, 0x56, 0x61, 0x6c,
	0x69, 0x64, 0x4d, 0x65, 0x61, 0x73, 0x75, 0x72, 0x65, 0x6d, 0x65, 0x6e, 0x74, 0x55, 0x6e, 0x69,
	0x74, 0x12, 0x30, 0x2e, 0x6d, 0x65, 0x61, 0x6c, 0x70, 0x6c, 0x61, 0x6e, 0x6e, 0x69, 0x6e, 0x67,
	0x2e, 0x41, 0x72, 0x63, 0x68, 0x69, 0x76, 0x65, 0x56, 0x61, 0x6c, 0x69, 0x64, 0x4d, 0x65, 0x61,
	0x73, 0x75, 0x72, 0x65, 0x6d, 0x65, 0x6e, 0x74, 0x55, 0x6e, 0x69, 0x74, 0x52, 0x65, 0x71, 0x75,
	0x65, 0x73, 0x74, 0x1a, 0x31, 0x2e, 0x6d, 0x65, 0x61, 0x6c, 0x70, 0x6c, 0x61, 0x6e, 0x6e, 0x69,
	0x6e, 0x67, 0x2e, 0x41, 0x72, 0x63, 0x68, 0x69, 0x76, 0x65, 0x56, 0x61, 0x6c, 0x69, 0x64, 0x4d,
	0x65, 0x61, 0x73, 0x75, 0x72, 0x65, 0x6d, 0x65, 0x6e, 0x74, 0x55, 0x6e, 0x69, 0x74, 0x52, 0x65,
	0x73, 0x70, 0x6f, 0x6e, 0x73, 0x65, 0x12, 0xa0, 0x01, 0x0a, 0x25, 0x41, 0x72, 0x63, 0x68, 0x69,
	0x76, 0x65, 0x56, 0x61, 0x6c, 0x69, 0x64, 0x4d, 0x65, 0x61, 0x73, 0x75, 0x72, 0x65, 0x6d, 0x65,
	0x6e, 0x74, 0x55, 0x6e, 0x69, 0x74, 0x43, 0x6f, 0x6e, 0x76, 0x65, 0x72, 0x73, 0x69, 0x6f, 0x6e,
	0x12, 0x3a, 0x2e, 0x6d, 0x65, 0x61, 0x6c, 0x70, 0x6c, 0x61, 0x6e, 0x6e, 0x69, 0x6e, 0x67, 0x2e,
	0x41, 0x72, 0x63, 0x68, 0x69, 0x76, 0x65, 0x56, 0x61, 0x6c, 0x69, 0x64, 0x4d, 0x65, 0x61, 0x73,
	0x75, 0x72, 0x65, 0x6d, 0x65, 0x6e, 0x74, 0x55, 0x6e, 0x69, 0x74, 0x43, 0x6f, 0x6e, 0x76, 0x65,
	0x72, 0x73, 0x69, 0x6f, 0x6e, 0x52, 0x65, 0x71, 0x75, 0x65, 0x73, 0x74, 0x1a, 0x3b, 0x2e, 0x6d,
	0x65, 0x61, 0x6c, 0x70, 0x6c, 0x61, 0x6e, 0x6e, 0x69, 0x6e, 0x67, 0x2e, 0x41, 0x72, 0x63, 0x68,
	0x69, 0x76, 0x65, 0x56, 0x61, 0x6c, 0x69, 0x64, 0x4d, 0x65, 0x61, 0x73, 0x75, 0x72, 0x65, 0x6d,
	0x65, 0x6e, 0x74, 0x55, 0x6e, 0x69, 0x74, 0x43, 0x6f, 0x6e, 0x76, 0x65, 0x72, 0x73, 0x69, 0x6f,
	0x6e, 0x52, 0x65, 0x73, 0x70, 0x6f, 0x6e, 0x73, 0x65, 0x12, 0x76, 0x0a, 0x17, 0x41, 0x72, 0x63,
	0x68, 0x69, 0x76, 0x65, 0x56, 0x61, 0x6c, 0x69, 0x64, 0x50, 0x72, 0x65, 0x70, 0x61, 0x72, 0x61,
	0x74, 0x69, 0x6f, 0x6e, 0x12, 0x2c, 0x2e, 0x6d, 0x65, 0x61, 0x6c, 0x70, 0x6c, 0x61, 0x6e, 0x6e,
	0x69, 0x6e, 0x67, 0x2e, 0x41, 0x72, 0x63, 0x68, 0x69, 0x76, 0x65, 0x56, 0x61, 0x6c, 0x69, 0x64,
	0x50, 0x72, 0x65, 0x70, 0x61, 0x72, 0x61, 0x74, 0x69, 0x6f, 0x6e, 0x52, 0x65, 0x71, 0x75, 0x65,
	0x73, 0x74, 0x1a, 0x2d, 0x2e, 0x6d, 0x65, 0x61, 0x6c, 0x70, 0x6c, 0x61, 0x6e, 0x6e, 0x69, 0x6e,
	0x67, 0x2e, 0x41, 0x72, 0x63, 0x68, 0x69, 0x76, 0x65, 0x56, 0x61, 0x6c, 0x69, 0x64, 0x50, 0x72,
	0x65, 0x70, 0x61, 0x72, 0x61, 0x74, 0x69, 0x6f, 0x6e, 0x52, 0x65, 0x73, 0x70, 0x6f, 0x6e, 0x73,
	0x65, 0x12, 0x94, 0x01, 0x0a, 0x21, 0x41, 0x72, 0x63, 0x68, 0x69, 0x76, 0x65, 0x56, 0x61, 0x6c,
	0x69, 0x64, 0x50, 0x72, 0x65, 0x70, 0x61, 0x72, 0x61, 0x74, 0x69, 0x6f, 0x6e, 0x49, 0x6e, 0x73,
	0x74, 0x72, 0x75, 0x6d, 0x65, 0x6e, 0x74, 0x12, 0x36, 0x2e, 0x6d, 0x65, 0x61, 0x6c, 0x70, 0x6c,
	0x61, 0x6e, 0x6e, 0x69, 0x6e, 0x67, 0x2e, 0x41, 0x72, 0x63, 0x68, 0x69, 0x76, 0x65, 0x56, 0x61,
	0x6c, 0x69, 0x64, 0x50, 0x72, 0x65, 0x70, 0x61, 0x72, 0x61, 0x74, 0x69, 0x6f, 0x6e, 0x49, 0x6e,
	0x73, 0x74, 0x72, 0x75, 0x6d, 0x65, 0x6e, 0x74, 0x52, 0x65, 0x71, 0x75, 0x65, 0x73, 0x74, 0x1a,
	0x37, 0x2e, 0x6d, 0x65, 0x61, 0x6c, 0x70, 0x6c, 0x61, 0x6e, 0x6e, 0x69, 0x6e, 0x67, 0x2e, 0x41,
	0x72, 0x63, 0x68, 0x69, 0x76, 0x65, 0x56, 0x61, 0x6c, 0x69, 0x64, 0x50, 0x72, 0x65, 0x70, 0x61,
	0x72, 0x61, 0x74, 0x69, 0x6f, 0x6e, 0x49, 0x6e, 0x73, 0x74, 0x72, 0x75, 0x6d, 0x65, 0x6e, 0x74,
	0x52, 0x65, 0x73, 0x70, 0x6f, 0x6e, 0x73, 0x65, 0x12, 0x88, 0x01, 0x0a, 0x1d, 0x41, 0x72, 0x63,
	0x68, 0x69, 0x76, 0x65, 0x56, 0x61, 0x6c, 0x69, 0x64, 0x50, 0x72, 0x65, 0x70, 0x61, 0x72, 0x61,
	0x74, 0x69, 0x6f, 0x6e, 0x56, 0x65, 0x73, 0x73, 0x65, 0x6c, 0x12, 0x32, 0x2e, 0x6d, 0x65, 0x61,
	0x6c, 0x70, 0x6c, 0x61, 0x6e, 0x6e, 0x69, 0x6e, 0x67, 0x2e, 0x41, 0x72, 0x63, 0x68, 0x69, 0x76,
	0x65, 0x56, 0x61, 0x6c, 0x69, 0x64, 0x50, 0x72, 0x65, 0x70, 0x61, 0x72, 0x61, 0x74, 0x69, 0x6f,
	0x6e, 0x56, 0x65, 0x73, 0x73, 0x65, 0x6c, 0x52, 0x65, 0x71, 0x75, 0x65, 0x73, 0x74, 0x1a, 0x33,
	0x2e, 0x6d, 0x65, 0x61, 0x6c, 0x70, 0x6c, 0x61, 0x6e, 0x6e, 0x69, 0x6e, 0x67, 0x2e, 0x41, 0x72,
	0x63, 0x68, 0x69, 0x76, 0x65, 0x56, 0x61, 0x6c, 0x69, 0x64, 0x50, 0x72, 0x65, 0x70, 0x61, 0x72,
	0x61, 0x74, 0x69, 0x6f, 0x6e, 0x56, 0x65, 0x73, 0x73, 0x65, 0x6c, 0x52, 0x65, 0x73, 0x70, 0x6f,
	0x6e, 0x73, 0x65, 0x12, 0x67, 0x0a, 0x12, 0x41, 0x72, 0x63, 0x68, 0x69, 0x76, 0x65, 0x56, 0x61,
	0x6c, 0x69, 0x64, 0x56, 0x65, 0x73, 0x73, 0x65, 0x6c, 0x12, 0x27, 0x2e, 0x6d, 0x65, 0x61, 0x6c,
	0x70, 0x6c, 0x61, 0x6e, 0x6e, 0x69, 0x6e, 0x67, 0x2e, 0x41, 0x72, 0x63, 0x68, 0x69, 0x76, 0x65,
	0x56, 0x61, 0x6c, 0x69, 0x64, 0x56, 0x65, 0x73, 0x73, 0x65, 0x6c, 0x52, 0x65, 0x71, 0x75, 0x65,
	0x73, 0x74, 0x1a, 0x28, 0x2e, 0x6d, 0x65, 0x61, 0x6c, 0x70, 0x6c, 0x61, 0x6e, 0x6e, 0x69, 0x6e,
	0x67, 0x2e, 0x41, 0x72, 0x63, 0x68, 0x69, 0x76, 0x65, 0x56, 0x61, 0x6c, 0x69, 0x64, 0x56, 0x65,
	0x73, 0x73, 0x65, 0x6c, 0x52, 0x65, 0x73, 0x70, 0x6f, 0x6e, 0x73, 0x65, 0x12, 0x52, 0x0a, 0x0b,
	0x43, 0x6c, 0x6f, 0x6e, 0x65, 0x52, 0x65, 0x63, 0x69, 0x70, 0x65, 0x12, 0x20, 0x2e, 0x6d, 0x65,
	0x61, 0x6c, 0x70, 0x6c, 0x61, 0x6e, 0x6e, 0x69, 0x6e, 0x67, 0x2e, 0x43, 0x6c, 0x6f, 0x6e, 0x65,
	0x52, 0x65, 0x63, 0x69, 0x70, 0x65, 0x52, 0x65, 0x71, 0x75, 0x65, 0x73, 0x74, 0x1a, 0x21, 0x2e,
	0x6d, 0x65, 0x61, 0x6c, 0x70, 0x6c, 0x61, 0x6e, 0x6e, 0x69, 0x6e, 0x67, 0x2e, 0x43, 0x6c, 0x6f,
	0x6e, 0x65, 0x52, 0x65, 0x63, 0x69, 0x70, 0x65, 0x52, 0x65, 0x73, 0x70, 0x6f, 0x6e, 0x73, 0x65,
	0x12, 0x4f, 0x0a, 0x0a, 0x43, 0x72, 0x65, 0x61, 0x74, 0x65, 0x4d, 0x65, 0x61, 0x6c, 0x12, 0x1f,
	0x2e, 0x6d, 0x65, 0x61, 0x6c, 0x70, 0x6c, 0x61, 0x6e, 0x6e, 0x69, 0x6e, 0x67, 0x2e, 0x43, 0x72,
	0x65, 0x61, 0x74, 0x65, 0x4d, 0x65, 0x61, 0x6c, 0x52, 0x65, 0x71, 0x75, 0x65, 0x73, 0x74, 0x1a,
	0x20, 0x2e, 0x6d, 0x65, 0x61, 0x6c, 0x70, 0x6c, 0x61, 0x6e, 0x6e, 0x69, 0x6e, 0x67, 0x2e, 0x43,
	0x72, 0x65, 0x61, 0x74, 0x65, 0x4d, 0x65, 0x61, 0x6c, 0x52, 0x65, 0x73, 0x70, 0x6f, 0x6e, 0x73,
	0x65, 0x12, 0x5b, 0x0a, 0x0e, 0x43, 0x72, 0x65, 0x61, 0x74, 0x65, 0x4d, 0x65, 0x61, 0x6c, 0x50,
	0x6c, 0x61, 0x6e, 0x12, 0x23, 0x2e, 0x6d, 0x65, 0x61, 0x6c, 0x70, 0x6c, 0x61, 0x6e, 0x6e, 0x69,
	0x6e, 0x67, 0x2e, 0x43, 0x72, 0x65, 0x61, 0x74, 0x65, 0x4d, 0x65, 0x61, 0x6c, 0x50, 0x6c, 0x61,
	0x6e, 0x52, 0x65, 0x71, 0x75, 0x65, 0x73, 0x74, 0x1a, 0x24, 0x2e, 0x6d, 0x65, 0x61, 0x6c, 0x70,
	0x6c, 0x61, 0x6e, 0x6e, 0x69, 0x6e, 0x67, 0x2e, 0x43, 0x72, 0x65, 0x61, 0x74, 0x65, 0x4d, 0x65,
	0x61, 0x6c, 0x50, 0x6c, 0x61, 0x6e, 0x52, 0x65, 0x73, 0x70, 0x6f, 0x6e, 0x73, 0x65, 0x12, 0x6a,
	0x0a, 0x13, 0x43, 0x72, 0x65, 0x61, 0x74, 0x65, 0x4d, 0x65, 0x61, 0x6c, 0x50, 0x6c, 0x61, 0x6e,
	0x45, 0x76, 0x65, 0x6e, 0x74, 0x12, 0x28, 0x2e, 0x6d, 0x65, 0x61, 0x6c, 0x70, 0x6c, 0x61, 0x6e,
	0x6e, 0x69, 0x6e, 0x67, 0x2e, 0x43, 0x72, 0x65, 0x61, 0x74, 0x65, 0x4d, 0x65, 0x61, 0x6c, 0x50,
	0x6c, 0x61, 0x6e, 0x45, 0x76, 0x65, 0x6e, 0x74, 0x52, 0x65, 0x71, 0x75, 0x65, 0x73, 0x74, 0x1a,
	0x29, 0x2e, 0x6d, 0x65, 0x61, 0x6c, 0x70, 0x6c, 0x61, 0x6e, 0x6e, 0x69, 0x6e, 0x67, 0x2e, 0x43,
	0x72, 0x65, 0x61, 0x74, 0x65, 0x4d, 0x65, 0x61, 0x6c, 0x50, 0x6c, 0x61, 0x6e, 0x45, 0x76, 0x65,
	0x6e, 0x74, 0x52, 0x65, 0x73, 0x70, 0x6f, 0x6e, 0x73, 0x65, 0x12, 0x6d, 0x0a, 0x14, 0x43, 0x72,
	0x65, 0x61, 0x74, 0x65, 0x4d, 0x65, 0x61, 0x6c, 0x50, 0x6c, 0x61, 0x6e, 0x4f, 0x70, 0x74, 0x69,
	0x6f, 0x6e, 0x12, 0x29, 0x2e, 0x6d, 0x65, 0x61, 0x6c, 0x70, 0x6c, 0x61, 0x6e, 0x6e, 0x69, 0x6e,
	0x67, 0x2e, 0x43, 0x72, 0x65, 0x61, 0x74, 0x65, 0x4d, 0x65, 0x61, 0x6c, 0x50, 0x6c, 0x61, 0x6e,
	0x4f, 0x70, 0x74, 0x69, 0x6f, 0x6e, 0x52, 0x65, 0x71, 0x75, 0x65, 0x73, 0x74, 0x1a, 0x2a, 0x2e,
	0x6d, 0x65, 0x61, 0x6c, 0x70, 0x6c, 0x61, 0x6e, 0x6e, 0x69, 0x6e, 0x67, 0x2e, 0x43, 0x72, 0x65,
	0x61, 0x74, 0x65, 0x4d, 0x65, 0x61, 0x6c, 0x50, 0x6c, 0x61, 0x6e, 0x4f, 0x70, 0x74, 0x69, 0x6f,
	0x6e, 0x52, 0x65, 0x73, 0x70, 0x6f, 0x6e, 0x73, 0x65, 0x12, 0x79, 0x0a, 0x18, 0x43, 0x72, 0x65,
	0x61, 0x74, 0x65, 0x4d, 0x65, 0x61, 0x6c, 0x50, 0x6c, 0x61, 0x6e, 0x4f, 0x70, 0x74, 0x69, 0x6f,
	0x6e, 0x56, 0x6f, 0x74, 0x65, 0x12, 0x2d, 0x2e, 0x6d, 0x65, 0x61, 0x6c, 0x70, 0x6c, 0x61, 0x6e,
	0x6e, 0x69, 0x6e, 0x67, 0x2e, 0x43, 0x72, 0x65, 0x61, 0x74, 0x65, 0x4d, 0x65, 0x61, 0x6c, 0x50,
	0x6c, 0x61, 0x6e, 0x4f, 0x70, 0x74, 0x69, 0x6f, 0x6e, 0x56, 0x6f, 0x74, 0x65, 0x52, 0x65, 0x71,
	0x75, 0x65, 0x73, 0x74, 0x1a, 0x2e, 0x2e, 0x6d, 0x65, 0x61, 0x6c, 0x70, 0x6c, 0x61, 0x6e, 0x6e,
	0x69, 0x6e, 0x67, 0x2e, 0x43, 0x72, 0x65, 0x61, 0x74, 0x65, 0x4d, 0x65, 0x61, 0x6c, 0x50, 0x6c,
	0x61, 0x6e, 0x4f, 0x70, 0x74, 0x69, 0x6f, 0x6e, 0x56, 0x6f, 0x74, 0x65, 0x52, 0x65, 0x73, 0x70,
	0x6f, 0x6e, 0x73, 0x65, 0x12, 0x9a, 0x01, 0x0a, 0x23, 0x43, 0x72, 0x65, 0x61, 0x74, 0x65, 0x4d,
	0x65, 0x61, 0x6c, 0x50, 0x6c, 0x61, 0x6e, 0x52, 0x65, 0x63, 0x69, 0x70, 0x65, 0x4f, 0x70, 0x74,
	0x69, 0x6f, 0x6e, 0x53, 0x65, 0x6c, 0x65, 0x63, 0x74, 0x69, 0x6f, 0x6e, 0x12, 0x38, 0x2e, 0x6d,
	0x65, 0x61, 0x6c, 0x70, 0x6c, 0x61, 0x6e, 0x6e, 0x69, 0x6e, 0x67, 0x2e, 0x43, 0x72, 0x65, 0x61,
	0x74, 0x65, 0x4d, 0x65, 0x61, 0x6c, 0x50, 0x6c, 0x61, 0x6e, 0x52, 0x65, 0x63, 0x69, 0x70, 0x65,
	0x4f, 0x70, 0x74, 0x69, 0x6f, 0x6e, 0x53, 0x65, 0x6c, 0x65, 0x63, 0x74, 0x69, 0x6f, 0x6e, 0x52,
	0x65, 0x71, 0x75, 0x65, 0x73, 0x74, 0x1a, 0x39, 0x2e, 0x6d, 0x65, 0x61, 0x6c, 0x70, 0x6c, 0x61,
	0x6e, 0x6e, 0x69, 0x6e, 0x67, 0x2e, 0x43, 0x72, 0x65, 0x61, 0x74, 0x65, 0x4d, 0x65, 0x61, 0x6c,
	0x50, 0x6c, 0x61, 0x6e, 0x52, 0x65, 0x63, 0x69, 0x70, 0x65, 0x4f, 0x70, 0x74, 0x69, 0x6f, 0x6e,
	0x53, 0x65, 0x6c, 0x65, 0x63, 0x74, 0x69, 0x6f, 0x6e, 0x52, 0x65, 0x73, 0x70, 0x6f, 0x6e, 0x73,
	0x65, 0x12, 0x67, 0x0a, 0x12, 0x43, 0x72, 0x65, 0x61, 0x74, 0x65, 0x4d, 0x65, 0x61, 0x6c, 0x50,
	0x6c, 0x61, 0x6e, 0x54, 0x61, 0x73, 0x6b, 0x12, 0x27, 0x2e, 0x6d, 0x65, 0x61, 0x6c, 0x70, 0x6c,
	0x61, 0x6e, 0x6e, 0x69, 0x6e, 0x67, 0x2e, 0x43, 0x72, 0x65, 0x61, 0x74, 0x65, 0x4d, 0x65, 0x61,
	0x6c, 0x50, 0x6c, 0x61, 0x6e, 0x54, 0x61, 0x73, 0x6b, 0x52, 0x65, 0x71, 0x75, 0x65, 0x73, 0x74,
	0x1a, 0x28, 0x2e, 0x6d, 0x65, 0x61, 0x6c, 0x70, 0x6c, 0x61, 0x6e, 0x6e, 0x69, 0x6e, 0x67, 0x2e,
	0x43, 0x72, 0x65, 0x61, 0x74, 0x65, 0x4d, 0x65, 0x61, 0x6c, 0x50, 0x6c, 0x61, 0x6e, 0x54, 0x61,
	0x73, 0x6b, 0x52, 0x65, 0x73, 0x70, 0x6f, 0x6e, 0x73, 0x65, 0x12, 0x5b, 0x0a, 0x0e, 0x43, 0x72,
	0x65, 0x61, 0x74, 0x65, 0x4d, 0x65, 0x61, 0x6c, 0x4c, 0x69, 0x73, 0x74, 0x12, 0x23, 0x2e, 0x6d,
	0x65, 0x61, 0x6c, 0x70, 0x6c, 0x61, 0x6e, 0x6e, 0x69, 0x6e, 0x67, 0x2e, 0x43, 0x72, 0x65, 0x61,
	0x74, 0x65, 0x4d, 0x65, 0x61, 0x6c, 0x4c, 0x69, 0x73, 0x74, 0x52, 0x65, 0x71, 0x75, 0x65, 0x73,
	0x74, 0x1a, 0x24, 0x2e, 0x6d, 0x65, 0x61, 0x6c, 0x70, 0x6c, 0x61, 0x6e, 0x6e, 0x69, 0x6e, 0x67,
	0x2e, 0x43, 0x72, 0x65, 0x61, 0x74, 0x65, 0x4d, 0x65, 0x61, 0x6c, 0x4c, 0x69, 0x73, 0x74, 0x52,
	0x65, 0x73, 0x70, 0x6f, 0x6e, 0x73, 0x65, 0x12, 0x67, 0x0a, 0x12, 0x43, 0x72, 0x65, 0x61, 0x74,
	0x65, 0x4d, 0x65, 0x61, 0x6c, 0x4c, 0x69, 0x73, 0x74, 0x49, 0x74, 0x65, 0x6d, 0x12, 0x27, 0x2e,
	0x6d, 0x65, 0x61, 0x6c, 0x70, 0x6c, 0x61, 0x6e, 0x6e, 0x69, 0x6e, 0x67, 0x2e, 0x43, 0x72, 0x65,
	0x61, 0x74, 0x65, 0x4d, 0x65, 0x61, 0x6c, 0x4c, 0x69, 0x73, 0x74, 0x49, 0x74, 0x65, 0x6d, 0x52,
	0x65, 0x71, 0x75, 0x65, 0x73, 0x74, 0x1a, 0x28, 0x2e, 0x6d, 0x65, 0x61, 0x6c, 0x70, 0x6c, 0x61,
	0x6e, 0x6e, 0x69, 0x6e, 0x67, 0x2e, 0x43, 0x72, 0x65, 0x61, 0x74, 0x65, 0x4d, 0x65, 0x61, 0x6c,
	0x4c, 0x69, 0x73, 0x74, 0x49, 0x74, 0x65, 0x6d, 0x52, 0x65, 0x73, 0x70, 0x6f, 0x6e, 0x73, 0x65,
	0x12, 0x55, 0x0a, 0x0c, 0x43, 0x72, 0x65, 0x61, 0x74, 0x65, 0x52, 0x65, 0x63, 0x69, 0x70, 0x65,
	0x12, 0x21, 0x2e, 0x6d, 0x65, 0x61, 0x6c, 0x70, 0x6c, 0x61, 0x6e, 0x6e, 0x69, 0x6e, 0x67, 0x2e,
	0x43, 0x72, 0x65, 0x61, 0x74, 0x65, 0x52, 0x65, 0x63, 0x69, 0x70, 0x65, 0x52, 0x65, 0x71, 0x75,
	0x65, 0x73, 0x74, 0x1a, 0x22, 0x2e, 0x6d, 0x65, 0x61, 0x6c, 0x70, 0x6c, 0x61, 0x6e, 0x6e, 0x69,
	0x6e, 0x67, 0x2e, 0x43, 0x72, 0x65, 0x61, 0x74, 0x65, 0x52, 0x65, 0x63, 0x69, 0x70, 0x65, 0x52,
	0x65, 0x73, 0x70, 0x6f, 0x6e, 0x73, 0x65, 0x12, 0x6d, 0x0a, 0x14, 0x43, 0x72, 0x65, 0x61, 0x74,
	0x65, 0x52, 0x65, 0x63, 0x69, 0x70, 0x65, 0x50, 0x72, 0x65, 0x70, 0x54, 0x61, 0x73, 0x6b, 0x12,
	0x29, 0x2e, 0x6d, 0x65, 0x61, 0x6c, 0x70, 0x6c, 0x61, 0x6e, 0x6e, 0x69, 0x6e, 0x67, 0x2e, 0x43,
	0x72, 0x65, 0x61, 0x74, 0x65, 0x52, 0x65, 0x63, 0x69, 0x70, 0x65, 0x50, 0x72, 0x65, 0x70, 0x54,
	0x61, 0x73, 0x6b, 0x52, 0x65, 0x71, 0x75, 0x65, 0x73, 0x74, 0x1a, 0x2a, 0x2e, 0x6d, 0x65, 0x61,
	0x6c, 0x70, 0x6c, 0x61, 0x6e, 0x6e, 0x69, 0x6e, 0x67, 0x2e, 0x43, 0x72, 0x65, 0x61, 0x74, 0x65,
	0x52, 0x65, 0x63, 0x69, 0x70, 0x65, 0x50, 0x72, 0x65, 0x70, 0x54, 0x61, 0x73, 0x6b, 0x52, 0x65,
	0x73, 0x70, 0x6f, 0x6e, 0x73, 0x65, 0x12, 0x67, 0x0a, 0x12, 0x43, 0x72, 0x65, 0x61, 0x74, 0x65,
	0x52, 0x65, 0x63, 0x69, 0x70, 0x65, 0x52, 0x61, 0x74, 0x69, 0x6e, 0x67, 0x12, 0x27, 0x2e, 0x6d,
	0x65, 0x61, 0x6c, 0x70, 0x6c, 0x61, 0x6e, 0x6e, 0x69, 0x6e, 0x67, 0x2e, 0x43, 0x72, 0x65, 0x61,
	0x74, 0x65, 0x52, 0x65, 0x63, 0x69, 0x70, 0x65, 0x52, 0x61, 0x74, 0x69, 0x6e, 0x67, 0x52, 0x65,
	0x71, 0x75, 0x65, 0x73, 0x74, 0x1a, 0x28, 0x2e, 0x6d, 0x65, 0x61, 0x6c, 0x70, 0x6c, 0x61, 0x6e,
	0x6e, 0x69, 0x6e, 0x67, 0x2e, 0x43, 0x72, 0x65, 0x61, 0x74, 0x65, 0x52, 0x65, 0x63, 0x69, 0x70,
	0x65, 0x52, 0x61, 0x74, 0x69, 0x6e, 0x67, 0x52, 0x65, 0x73, 0x70, 0x6f, 0x6e, 0x73, 0x65, 0x12,
	0x61, 0x0a, 0x10, 0x43, 0x72, 0x65, 0x61, 0x74, 0x65, 0x52, 0x65, 0x63, 0x69, 0x70, 0x65, 0x4c,
	0x69, 0x73, 0x74, 0x12, 0x25, 0x2e, 0x6d, 0x65, 0x61, 0x6c, 0x70, 0x6c, 0x61, 0x6e, 0x6e, 0x69,
	0x6e, 0x67, 0x2e, 0x43, 0x72, 0x65, 0x61, 0x74, 0x65, 0x52, 0x65, 0x63, 0x69, 0x70, 0x65, 0x4c,
	0x69, 0x73, 0x74, 0x52, 0x65, 0x71, 0x75, 0x65, 0x73, 0x74, 0x1a, 0x26, 0x2e, 0x6d, 0x65, 0x61,
	0x6c, 0x70, 0x6c, 0x61, 0x6e, 0x6e, 0x69, 0x6e, 0x67, 0x2e, 0x43, 0x72, 0x65, 0x61, 0x74, 0x65,
	0x52, 0x65, 0x63, 0x69, 0x70, 0x65, 0x4c, 0x69, 0x73, 0x74, 0x52, 0x65, 0x73, 0x70, 0x6f, 0x6e,
	0x73, 0x65, 0x12, 0x6d, 0x0a, 0x14, 0x43, 0x72, 0x65, 0x61, 0x74, 0x65, 0x52, 0x65, 0x63, 0x69,
	0x70, 0x65, 0x4c, 0x69, 0x73, 0x74, 0x49, 0x74, 0x65, 0x6d, 0x12, 0x29, 0x2e, 0x6d, 0x65, 0x61,
	0x6c, 0x70, 0x6c, 0x61, 0x6e, 0x6e, 0x69, 0x6e, 0x67, 0x2e, 0x43, 0x72, 0x65, 0x61, 0x74, 0x65,
	0x52, 0x65, 0x63, 0x69, 0x70, 0x65, 0x4c, 0x69, 0x73, 0x74, 0x49, 0x74, 0x65, 0x6d, 0x52, 0x65,
	0x71, 0x75, 0x65, 0x73, 0x74, 0x1a, 0x2a, 0x2e, 0x6d, 0x65, 0x61, 0x6c, 0x70, 0x6c, 0x61, 0x6e,
	0x6e, 0x69, 0x6e, 0x67, 0x2e, 0x43, 0x72, 0x65, 0x61, 0x74, 0x65, 0x52, 0x65, 0x63, 0x69, 0x70,
	0x65, 0x4c, 0x69, 0x73, 0x74, 0x49, 0x74, 0x65, 0x6d, 0x52, 0x65, 0x73, 0x70, 0x6f, 0x6e, 0x73,
	0x65, 0x12, 0x61, 0x0a, 0x10, 0x43, 0x72, 0x65, 0x61, 0x74, 0x65, 0x52, 0x65, 0x63, 0x69, 0x70,
	0x65, 0x53, 0x74, 0x65, 0x70, 0x12, 0x25, 0x2e, 0x6d, 0x65, 0x61, 0x6c, 0x70, 0x6c, 0x61, 0x6e,
	0x6e, 0x69, 0x6e, 0x67, 0x2e, 0x43, 0x72, 0x65, 0x61, 0x74, 0x65, 0x52, 0x65, 0x63, 0x69, 0x70,
	0x65, 0x53, 0x74, 0x65, 0x70, 0x52, 0x65, 0x71, 0x75, 0x65, 0x73, 0x74, 0x1a, 0x26, 0x2e, 0x6d,
	0x65, 0x61, 0x6c, 0x70, 0x6c, 0x61, 0x6e, 0x6e, 0x69, 0x6e, 0x67, 0x2e, 0x43, 0x72, 0x65, 0x61,
	0x74, 0x65, 0x52, 0x65, 0x63, 0x69, 0x70, 0x65, 0x53, 0x74, 0x65, 0x70, 0x52, 0x65, 0x73, 0x70,
	0x6f, 0x6e, 0x73, 0x65, 0x12, 0x9a, 0x01, 0x0a, 0x23, 0x43, 0x72, 0x65, 0x61, 0x74, 0x65, 0x52,
	0x65, 0x63, 0x69, 0x70, 0x65, 0x53, 0x74, 0x65, 0x70, 0x43, 0x6f, 0x6d, 0x70, 0x6c, 0x65, 0x74,
	0x69, 0x6f, 0x6e, 0x43, 0x6f, 0x6e, 0x64, 0x69, 0x74, 0x69, 0x6f, 0x6e, 0x12, 0x38, 0x2e, 0x6d,
	0x65, 0x61, 0x6c, 0x70, 0x6c, 0x61, 0x6e, 0x6e, 0x69, 0x6e, 0x67, 0x2e, 0x43, 0x72, 0x65, 0x61,
	0x74, 0x65, 0x52, 0x65, 0x63, 0x69, 0x70, 0x65, 0x53, 0x74, 0x65, 0x70, 0x43, 0x6f, 0x6d, 0x70,
	0x6c, 0x65, 0x74, 0x69, 0x6f, 0x6e, 0x43, 0x6f, 0x6e, 0x64, 0x69, 0x74, 0x69, 0x6f, 0x6e, 0x52,
	0x65, 0x71, 0x75, 0x65, 0x73, 0x74, 0x1a, 0x39, 0x2e, 0x6d, 0x65, 0x61, 0x6c, 0x70, 0x6c, 0x61,
	0x6e, 0x6e, 0x69, 0x6e, 0x67, 0x2e, 0x43, 0x72, 0x65, 0x61, 0x74, 0x65, 0x52, 0x65, 0x63, 0x69,
	0x70, 0x65, 0x53, 0x74, 0x65, 0x70, 0x43, 0x6f, 0x6d, 0x70, 0x6c, 0x65, 0x74, 0x69, 0x6f, 0x6e,
	0x43, 0x6f, 0x6e, 0x64, 0x69, 0x74, 0x69, 0x6f, 0x6e, 0x52, 0x65, 0x73, 0x70, 0x6f, 0x6e, 0x73,
	0x65, 0x12, 0x7f, 0x0a, 0x1a, 0x43, 0x72, 0x65, 0x61, 0x74, 0x65, 0x52, 0x65, 0x63, 0x69, 0x70,
	0x65, 0x53, 0x74, 0x65, 0x70, 0x49, 0x6e, 0x67, 0x72, 0x65, 0x64, 0x69, 0x65, 0x6e, 0x74, 0x12,
	0x2f, 0x2e, 0x6d, 0x65, 0x61, 0x6c, 0x70, 0x6c, 0x61, 0x6e, 0x6e, 0x69, 0x6e, 0x67, 0x2e, 0x43,
	0x72, 0x65, 0x61, 0x74, 0x65, 0x52, 0x65, 0x63, 0x69, 0x70, 0x65, 0x53, 0x74, 0x65, 0x70, 0x49,
	0x6e, 0x67, 0x72, 0x65, 0x64, 0x69, 0x65, 0x6e, 0x74, 0x52, 0x65, 0x71, 0x75, 0x65, 0x73, 0x74,
	0x1a, 0x30, 0x2e, 0x6d, 0x65, 0x61, 0x6c, 0x70, 0x6c, 0x61, 0x6e, 0x6e, 0x69, 0x6e, 0x67, 0x2e,
	0x43, 0x72, 0x65, 0x61, 0x74, 0x65, 0x52, 0x65, 0x63, 0x69, 0x70, 0x65, 0x53, 0x74, 0x65, 0x70,
	0x49, 0x6e, 0x67, 0x72, 0x65, 0x64, 0x69, 0x65, 0x6e, 0x74, 0x52, 0x65, 0x73, 0x70, 0x6f, 0x6e,
	0x73, 0x65, 0x12, 0x7f, 0x0a, 0x1a, 0x43, 0x72, 0x65, 0x61, 0x74, 0x65, 0x52, 0x65, 0x63, 0x69,
	0x70, 0x65, 0x53, 0x74, 0x65, 0x70, 0x49, 0x6e, 0x73, 0x74, 0x72, 0x75, 0x6d, 0x65, 0x6e, 0x74,
	0x12, 0x2f, 0x2e, 0x6d, 0x65, 0x61, 0x6c, 0x70, 0x6c, 0x61, 0x6e, 0x6e, 0x69, 0x6e, 0x67, 0x2e,
	0x43, 0x72, 0x65, 0x61, 0x74, 0x65, 0x52, 0x65, 0x63, 0x69, 0x70, 0x65, 0x53, 0x74, 0x65, 0x70,
	0x49, 0x6e, 0x73, 0x74, 0x72, 0x75, 0x6d, 0x65, 0x6e, 0x74, 0x52, 0x65, 0x71, 0x75, 0x65, 0x73,
	0x74, 0x1a, 0x30, 0x2e, 0x6d, 0x65, 0x61, 0x6c, 0x70, 0x6c, 0x61, 0x6e, 0x6e, 0x69, 0x6e, 0x67,
	0x2e, 0x43, 0x72, 0x65, 0x61, 0x74, 0x65, 0x52, 0x65, 0x63, 0x69, 0x70, 0x65, 0x53, 0x74, 0x65,
	0x70, 0x49, 0x6e, 0x73, 0x74, 0x72, 0x75, 0x6d, 0x65, 0x6e, 0x74, 0x52, 0x65, 0x73, 0x70, 0x6f,
	0x6e, 0x73, 0x65, 0x12, 0x76, 0x0a, 0x17, 0x43, 0x72, 0x65, 0x61, 0x74, 0x65, 0x52, 0x65, 0x63,
	0x69, 0x70, 0x65, 0x53, 0x74, 0x65, 0x70, 0x50, 0x72, 0x6f, 0x64, 0x75, 0x63, 0x74, 0x12, 0x2c,
	0x2e, 0x6d, 0x65, 0x61, 0x6c, 0x70, 0x6c, 0x61, 0x6e, 0x6e, 0x69, 0x6e, 0x67, 0x2e, 0x43, 0x72,
	0x65, 0x61, 0x74, 0x65, 0x52, 0x65, 0x63, 0x69, 0x70, 0x65, 0x53, 0x74, 0x65, 0x70, 0x50, 0x72,
	0x6f, 0x64, 0x75, 0x63, 0x74, 0x52, 0x65, 0x71, 0x75, 0x65, 0x73, 0x74, 0x1a, 0x2d, 0x2e, 0x6d,
	0x65, 0x61, 0x6c, 0x70, 0x6c, 0x61, 0x6e, 0x6e, 0x69, 0x6e, 0x67, 0x2e, 0x43, 0x72, 0x65, 0x61,
	0x74, 0x65, 0x52, 0x65, 0x63, 0x69, 0x70, 0x65, 0x53, 0x74, 0x65, 0x70, 0x50, 0x72, 0x6f, 0x64,
	0x75, 0x63, 0x74, 0x52, 0x65, 0x73, 0x70, 0x6f, 0x6e, 0x73, 0x65, 0x12, 0x73, 0x0a, 0x16, 0x43,
	0x72, 0x65, 0x61, 0x74, 0x65, 0x52, 0x65, 0x63, 0x69, 0x70, 0x65, 0x53, 0x74, 0x65, 0x70, 0x56,
	0x65, 0x73, 0x73, 0x65, 0x6c, 0x12, 0x2b, 0x2e, 0x6d, 0x65, 0x61, 0x6c, 0x70, 0x6c, 0x61, 0x6e,
	0x6e, 0x69, 0x6e, 0x67, 0x2e, 0x43, 0x72, 0x65, 0x61, 0x74, 0x65, 0x52, 0x65, 0x63, 0x69, 0x70,
	0x65, 0x53, 0x74, 0x65, 0x70, 0x56, 0x65, 0x73, 0x73, 0x65, 0x6c, 0x52, 0x65, 0x71, 0x75, 0x65,
	0x73, 0x74, 0x1a, 0x2c, 0x2e, 0x6d, 0x65, 0x61, 0x6c, 0x70, 0x6c, 0x61, 0x6e, 0x6e, 0x69, 0x6e,
	0x67, 0x2e, 0x43, 0x72, 0x65, 0x61, 0x74, 0x65, 0x52, 0x65, 0x63, 0x69, 0x70, 0x65, 0x53, 0x74,
	0x65, 0x70, 0x56, 0x65, 0x73, 0x73, 0x65, 0x6c, 0x52, 0x65, 0x73, 0x70, 0x6f, 0x6e, 0x73, 0x65,
	0x12, 0x70, 0x0a, 0x15, 0x43, 0x72, 0x65, 0x61, 0x74, 0x65, 0x56, 0x61, 0x6c, 0x69, 0x64, 0x49,
	0x6e, 0x67, 0x72, 0x65, 0x64, 0x69, 0x65, 0x6e, 0x74, 0x12, 0x2a, 0x2e, 0x6d, 0x65, 0x61, 0x6c,
	0x70, 0x6c, 0x61, 0x6e, 0x6e, 0x69, 0x6e, 0x67, 0x2e, 0x43, 0x72, 0x65, 0x61, 0x74, 0x65, 0x56,
	0x61, 0x6c, 0x69, 0x64, 0x49, 0x6e, 0x67, 0x72, 0x65, 0x64, 0x69, 0x65, 0x6e, 0x74, 0x52, 0x65,
	0x71, 0x75, 0x65, 0x73, 0x74, 0x1a, 0x2b, 0x2e, 0x6d, 0x65, 0x61, 0x6c, 0x70, 0x6c, 0x61, 0x6e,
	0x6e, 0x69, 0x6e, 0x67, 0x2e, 0x43, 0x72, 0x65, 0x61, 0x74, 0x65, 0x56, 0x61, 0x6c, 0x69, 0x64,
	0x49, 0x6e, 0x67, 0x72, 0x65, 0x64, 0x69, 0x65, 0x6e, 0x74, 0x52, 0x65, 0x73, 0x70, 0x6f, 0x6e,
	0x73, 0x65, 0x12, 0x7f, 0x0a, 0x1a, 0x43, 0x72, 0x65, 0x61, 0x74, 0x65, 0x56, 0x61, 0x6c, 0x69,
	0x64, 0x49, 0x6e, 0x67, 0x72, 0x65, 0x64, 0x69, 0x65, 0x6e, 0x74, 0x47, 0x72, 0x6f, 0x75, 0x70,
	0x12, 0x2f, 0x2e, 0x6d, 0x65, 0x61, 0x6c, 0x70, 0x6c, 0x61, 0x6e, 0x6e, 0x69, 0x6e, 0x67, 0x2e,
	0x43, 0x72, 0x65, 0x61, 0x74, 0x65, 0x56, 0x61, 0x6c, 0x69, 0x64, 0x49, 0x6e, 0x67, 0x72, 0x65,
	0x64, 0x69, 0x65, 0x6e, 0x74, 0x47, 0x72, 0x6f, 0x75, 0x70, 0x52, 0x65, 0x71, 0x75, 0x65, 0x73,
	0x74, 0x1a, 0x30, 0x2e, 0x6d, 0x65, 0x61, 0x6c, 0x70, 0x6c, 0x61, 0x6e, 0x6e, 0x69, 0x6e, 0x67,
	0x2e, 0x43, 0x72, 0x65, 0x61, 0x74, 0x65, 0x56, 0x61, 0x6c, 0x69, 0x64, 0x49, 0x6e, 0x67, 0x72,
	0x65, 0x64, 0x69, 0x65, 0x6e, 0x74, 0x47, 0x72, 0x6f, 0x75, 0x70, 0x52, 0x65, 0x73, 0x70, 0x6f,
	0x6e, 0x73, 0x65, 0x12, 0x9d, 0x01, 0x0a, 0x24, 0x43, 0x72, 0x65, 0x61, 0x74, 0x65, 0x56, 0x61,
	0x6c, 0x69, 0x64, 0x49, 0x6e, 0x67, 0x72, 0x65, 0x64, 0x69, 0x65, 0x6e, 0x74, 0x4d, 0x65, 0x61,
	0x73, 0x75, 0x72, 0x65, 0x6d, 0x65, 0x6e, 0x74, 0x55, 0x6e, 0x69, 0x74, 0x12, 0x39, 0x2e, 0x6d,
	0x65, 0x61, 0x6c, 0x70, 0x6c, 0x61, 0x6e, 0x6e, 0x69, 0x6e, 0x67, 0x2e, 0x43, 0x72, 0x65, 0x61,
	0x74, 0x65, 0x56, 0x61, 0x6c, 0x69, 0x64, 0x49, 0x6e, 0x67, 0x72, 0x65, 0x64, 0x69, 0x65, 0x6e,
	0x74, 0x4d, 0x65, 0x61, 0x73, 0x75, 0x72, 0x65, 0x6d, 0x65, 0x6e, 0x74, 0x55, 0x6e, 0x69, 0x74,
	0x52, 0x65, 0x71, 0x75, 0x65, 0x73, 0x74, 0x1a, 0x3a, 0x2e, 0x6d, 0x65, 0x61, 0x6c, 0x70, 0x6c,
	0x61, 0x6e, 0x6e, 0x69, 0x6e, 0x67, 0x2e, 0x43, 0x72, 0x65, 0x61, 0x74, 0x65, 0x56, 0x61, 0x6c,
	0x69, 0x64, 0x49, 0x6e, 0x67, 0x72, 0x65, 0x64, 0x69, 0x65, 0x6e, 0x74, 0x4d, 0x65, 0x61, 0x73,
	0x75, 0x72, 0x65, 0x6d, 0x65, 0x6e, 0x74, 0x55, 0x6e, 0x69, 0x74, 0x52, 0x65, 0x73, 0x70, 0x6f,
	0x6e, 0x73, 0x65, 0x12, 0x91, 0x01, 0x0a, 0x20, 0x43, 0x72, 0x65, 0x61, 0x74, 0x65, 0x56, 0x61,
	0x6c, 0x69, 0x64, 0x49, 0x6e, 0x67, 0x72, 0x65, 0x64, 0x69, 0x65, 0x6e, 0x74, 0x50, 0x72, 0x65,
	0x70, 0x61, 0x72, 0x61, 0x74, 0x69, 0x6f, 0x6e, 0x12, 0x35, 0x2e, 0x6d, 0x65, 0x61, 0x6c, 0x70,
	0x6c, 0x61, 0x6e, 0x6e, 0x69, 0x6e, 0x67, 0x2e, 0x43, 0x72, 0x65, 0x61, 0x74, 0x65, 0x56, 0x61,
	0x6c, 0x69, 0x64, 0x49, 0x6e, 0x67, 0x72, 0x65, 0x64, 0x69, 0x65, 0x6e, 0x74, 0x50, 0x72, 0x65,
	0x70, 0x61, 0x72, 0x61, 0x74, 0x69, 0x6f, 0x6e, 0x52, 0x65, 0x71, 0x75, 0x65, 0x73, 0x74, 0x1a,
	0x36, 0x2e, 0x6d, 0x65, 0x61, 0x6c, 0x70, 0x6c, 0x61, 0x6e, 0x6e, 0x69, 0x6e, 0x67, 0x2e, 0x43,
	0x72, 0x65, 0x61, 0x74, 0x65, 0x56, 0x61, 0x6c, 0x69, 0x64, 0x49, 0x6e, 0x67, 0x72, 0x65, 0x64,
	0x69, 0x65, 0x6e, 0x74, 0x50, 0x72, 0x65, 0x70, 0x61, 0x72, 0x61, 0x74, 0x69, 0x6f, 0x6e, 0x52,
	0x65, 0x73, 0x70, 0x6f, 0x6e, 0x73, 0x65, 0x12, 0x7c, 0x0a, 0x19, 0x43, 0x72, 0x65, 0x61, 0x74,
	0x65, 0x56, 0x61, 0x6c, 0x69, 0x64, 0x50, 0x72, 0x65, 0x70, 0x54, 0x61, 0x73, 0x6b, 0x43, 0x6f,
	0x6e, 0x66, 0x69, 0x67, 0x12, 0x2e, 0x2e, 0x6d, 0x65, 0x61, 0x6c, 0x70, 0x6c, 0x61, 0x6e, 0x6e,
	0x69, 0x6e, 0x67, 0x2e, 0x43, 0x72, 0x65, 0x61, 0x74, 0x65, 0x56, 0x61, 0x6c, 0x69, 0x64, 0x50,
	0x72, 0x65, 0x70, 0x54, 0x61, 0x73, 0x6b, 0x43, 0x6f, 0x6e, 0x66, 0x69, 0x67, 0x52, 0x65, 0x71,
	0x75, 0x65, 0x73, 0x74, 0x1a, 0x2f, 0x2e, 0x6d, 0x65, 0x61, 0x6c, 0x70, 0x6c, 0x61, 0x6e, 0x6e,
	0x69, 0x6e, 0x67, 0x2e, 0x43, 0x72, 0x65, 0x61, 0x74, 0x65, 0x56, 0x61, 0x6c, 0x69, 0x64, 0x50,
	0x72, 0x65, 0x70, 0x54, 0x61, 0x73, 0x6b, 0x43, 0x6f, 0x6e, 0x66, 0x69, 0x67, 0x52, 0x65, 0x73,
	0x70, 0x6f, 0x6e, 0x73, 0x65, 0x12, 0x7f, 0x0a, 0x1a, 0x43, 0x72, 0x65, 0x61, 0x74, 0x65, 0x56,
	0x61, 0x6c, 0x69, 0x64, 0x49, 0x6e, 0x67, 0x72, 0x65, 0x64, 0x69, 0x65, 0x6e, 0x74, 0x53, 0x74,
	0x61, 0x74, 0x65, 0x12, 0x2f, 0x2e, 0x6d, 0x65, 0x61, 0x6c, 0x70, 0x6c, 0x61, 0x6e, 0x6e, 0x69,
	0x6e, 0x67, 0x2e, 0x43, 0x72, 0x65, 0x61, 0x74, 0x65, 0x56, 0x61, 0x6c, 0x69, 0x64, 0x49, 0x6e,
	0x67, 0x72, 0x65, 0x64, 0x69, 0x65, 0x6e, 0x74, 0x53, 0x74, 0x61, 0x74, 0x65, 0x52, 0x65, 0x71,
	0x75, 0x65, 0x73, 0x74, 0x1a, 0x30, 0x2e, 0x6d, 0x65, 0x61, 0x6c, 0x70, 0x6c, 0x61, 0x6e, 0x6e,
	0x69, 0x6e, 0x67, 0x2e, 0x43, 0x72, 0x65, 0x61, 0x74, 0x65, 0x56, 0x61, 0x6c, 0x69, 0x64, 0x49,
	0x6e, 0x67, 0x72, 0x65, 0x64, 0x69, 0x65, 0x6e, 0x74, 0x53, 0x74, 0x61, 0x74, 0x65, 0x52, 0x65,
	0x73, 0x70, 0x6f, 0x6e, 0x73, 0x65, 0x12, 0x9d, 0x01, 0x0a, 0x24, 0x43, 0x72, 0x65, 0x61, 0x74,
	0x65, 0x56, 0x61, 0x6c, 0x69, 0x64, 0x49, 0x6e, 0x67, 0x72, 0x65, 0x64, 0x69, 0x65, 0x6e, 0x74,
	0x53, 0x74, 0x61, 0x74, 0x65, 0x49, 0x6e, 0x67, 0x72, 0x65, 0x64, 0x69, 0x65, 0x6e, 0x74, 0x12,
	0x39, 0x2e, 0x6d, 0x65, 0x61, 0x6c, 0x70, 0x6c, 0x61, 0x6e, 0x6e, 0x69, 0x6e, 0x67, 0x2e, 0x43,
	0x72, 0x65, 0x61, 0x74, 0x65, 0x56, 0x61, 0x6c, 0x69, 0x64, 0x49, 0x6e, 0x67, 0x72, 0x65, 0x64,
	0x69, 0x65, 0x6e, 0x74, 0x53, 0x74, 0x61, 0x74, 0x65, 0x49, 0x6e, 0x67, 0x72, 0x65, 0x64, 0x69,
	0x65, 0x6e, 0x74, 0x52, 0x65, 0x71, 0x75, 0x65, 0x73, 0x74, 0x1a, 0x3a, 0x2e, 0x6d, 0x65, 0x61,
	0x6c, 0x70, 0x6c, 0x61, 0x6e, 0x6e, 0x69, 0x6e, 0x67, 0x2e, 0x43, 0x72, 0x65, 0x61, 0x74, 0x65,
	0x56, 0x61, 0x6c, 0x69, 0x64, 0x49, 0x6e, 0x67, 0x72, 0x65, 0x64, 0x69, 0x65, 0x6e, 0x74, 0x53,
	0x74, 0x61, 0x74, 0x65, 0x49, 0x6e, 0x67, 0x72, 0x65, 0x64, 0x69, 0x65, 0x6e, 0x74, 0x52, 0x65,
	0x73, 0x70, 0x6f, 0x6e, 0x73, 0x65, 0x12, 0x70, 0x0a, 0x15, 0x43, 0x72, 0x65, 0x61, 0x74, 0x65,
	0x56, 0x61, 0x6c, 0x69, 0x64, 0x49, 0x6e, 0x73, 0x74, 0x72, 0x75, 0x6d, 0x65, 0x6e, 0x74, 0x12,
	0x2a, 0x2e, 0x6d, 0x65, 0x61, 0x6c, 0x70, 0x6c, 0x61, 0x6e, 0x6e, 0x69, 0x6e, 0x67, 0x2e, 0x43,
	0x72, 0x65, 0x61, 0x74, 0x65, 0x56, 0x61, 0x6c, 0x69, 0x64, 0x49, 0x6e, 0x73, 0x74, 0x72, 0x75,
	0x6d, 0x65, 0x6e, 0x74, 0x52, 0x65, 0x71, 0x75, 0x65, 0x73, 0x74, 0x1a, 0x2b, 0x2e, 0x6d, 0x65,
	0x61, 0x6c, 0x70, 0x6c, 0x61, 0x6e, 0x6e, 0x69, 0x6e, 0x67, 0x2e, 0x43, 0x72, 0x65, 0x61, 0x74,
	0x65, 0x56, 0x61, 0x6c, 0x69, 0x64, 0x49, 0x6e, 0x73, 0x74, 0x72, 0x75, 0x6d, 0x65, 0x6e, 0x74,
	0x52, 0x65, 0x73, 0x70, 0x6f, 0x6e, 0x73, 0x65, 0x12, 0x7f, 0x0a, 0x1a, 0x43, 0x72, 0x65, 0x61,
	0x74, 0x65, 0x56, 0x61, 0x6c, 0x69, 0x64, 0x4d, 0x65, 0x61, 0x73, 0x75, 0x72, 0x65, 0x6d, 0x65,
	0x6e, 0x74, 0x55, 0x6e, 0x69, 0x74, 0x12, 0x2f, 0x2e, 0x6d, 0x65, 0x61, 0x6c, 0x70, 0x6c, 0x61,
	0x6e, 0x6e, 0x69, 0x6e, 0x67, 0x2e, 0x43, 0x72, 0x65, 0x61, 0x74, 0x65, 0x56, 0x61, 0x6c, 0x69,
	0x64, 0x4d, 0x65, 0x61, 0x73, 0x75, 0x72, 0x65, 0x6d, 0x65, 0x6e, 0x74, 0x55, 0x6e, 0x69, 0x74,
	0x52, 0x65, 0x71, 0x75, 0x65, 0x73, 0x74, 0x1a, 0x30, 0x2e, 0x6d, 0x65, 0x61, 0x6c, 0x70, 0x6c,
	0x61, 0x6e, 0x6e, 0x69, 0x6e, 0x67, 0x2e, 0x43, 0x72, 0x65, 0x61, 0x74, 0x65, 0x56, 0x61, 0x6c,
	0x69, 0x64, 0x4d, 0x65, 0x61, 0x73, 0x75, 0x72, 0x65, 0x6d, 0x65, 0x6e, 0x74, 0x55, 0x6e, 0x69,
	0x74, 0x52, 0x65, 0x73, 0x70, 0x6f, 0x6e, 0x73, 0x65, 0x12, 0x9d, 0x01, 0x0a, 0x24, 0x43, 0x72,
	0x65, 0x61, 0x74, 0x65, 0x56, 0x61, 0x6c, 0x69, 0x64, 0x4d, 0x65, 0x61, 0x73, 0x75, 0x72, 0x65,
	0x6d, 0x65, 0x6e, 0x74, 0x55, 0x6e, 0x69, 0x74, 0x43, 0x6f, 0x6e, 0x76, 0x65, 0x72, 0x73, 0x69,
	0x6f, 0x6e, 0x12, 0x39, 0x2e, 0x6d, 0x65, 0x61, 0x6c, 0x70, 0x6c, 0x61, 0x6e, 0x6e, 0x69, 0x6e,
	0x67, 0x2e, 0x43, 0x72, 0x65, 0x61, 0x74, 0x65, 0x56, 0x61, 0x6c, 0x69, 0x64, 0x4d, 0x65, 0x61,
	0x73, 0x75, 0x72, 0x65, 0x6d, 0x65, 0x6e, 0x74, 0x55, 0x6e, 0x69, 0x74, 0x43, 0x6f, 0x6e, 0x76,
	0x65, 0x72, 0x73, 0x69, 0x6f, 0x6e, 0x52, 0x65, 0x71, 0x75, 0x65, 0x73, 0x74, 0x1a, 0x3a, 0x2e,
	0x6d, 0x65, 0x61, 0x6c, 0x70, 0x6c, 0x61, 0x6e, 0x6e, 0x69, 0x6e, 0x67, 0x2e, 0x43, 0x72, 0x65,
	0x61, 0x74, 0x65, 0x56, 0x61, 0x6c, 0x69, 0x64, 0x4d, 0x65, 0x61, 0x73, 0x75, 0x72, 0x65, 0x6d,
	0x65, 0x6e, 0x74, 0x55, 0x6e, 0x69, 0x74, 0x43, 0x6f, 0x6e, 0x76, 0x65, 0x72, 0x73, 0x69, 0x6f,
	0x6e, 0x52, 0x65, 0x73, 0x70, 0x6f, 0x6e, 0x73, 0x65, 0x12, 0x73, 0x0a, 0x16, 0x43, 0x72, 0x65,
	0x61, 0x74, 0x65, 0x56, 0x61, 0x6c, 0x69, 0x64, 0x50, 0x72, 0x65, 0x70, 0x61, 0x72, 0x61, 0x74,
	0x69, 0x6f, 0x6e, 0x12, 0x2b, 0x2e, 0x6d, 0x65, 0x61, 0x6c, 0x70, 0x6c, 0x61, 0x6e, 0x6e, 0x69,
	0x6e, 0x67, 0x2e, 0x43, 0x72, 0x65, 0x61, 0x74, 0x65, 0x56, 0x61, 0x6c, 0x69, 0x64, 0x50, 0x72,
	0x65, 0x70, 0x61, 0x72, 0x61, 0x74, 0x69, 0x6f, 0x6e, 0x52, 0x65, 0x71, 0x75, 0x65, 0x73, 0x74,
	0x1a, 0x2c, 0x2e, 0x6d, 0x65, 0x61, 0x6c, 0x70, 0x6c, 0x61, 0x6e, 0x6e, 0x69, 0x6e, 0x67, 0x2e,
	0x43, 0x72, 0x65, 0x61, 0x74, 0x65, 0x56, 0x61, 0x6c, 0x69, 0x64, 0x50, 0x72, 0x65, 0x70, 0x61,
	0x72, 0x61, 0x74, 0x69, 0x6f, 0x6e, 0x52, 0x65, 0x73, 0x70, 0x6f, 0x6e, 0x73, 0x65, 0x12, 0x91,
	0x01, 0x0a, 0x20, 0x43, 0x72, 0x65, 0x61, 0x74, 0x65, 0x56, 0x61, 0x6c, 0x69, 0x64, 0x50, 0x72,
	0x65, 0x70, 0x61, 0x72, 0x61, 0x74, 0x69, 0x6f, 0x6e, 0x49, 0x6e, 0x73, 0x74, 0x72, 0x75, 0x6d,
	0x65, 0x6e, 0x74, 0x12, 0x35, 0x2e, 0x6d, 0x65, 0x61, 0x6c, 0x70, 0x6c, 0x61, 0x6e, 0x6e, 0x69,
	0x6e, 0x67, 0x2e, 0x43, 0x72, 0x65, 0x61, 0x74, 0x65, 0x56, 0x61, 0x6c, 0x69, 0x64, 0x50, 0x72,
	0x65, 0x70, 0x61, 0x72, 0x61, 0x74, 0x69, 0x6f, 0x6e, 0x49, 0x6e, 0x73, 0x74, 0x72, 0x75, 0x6d,
	0x65, 0x6e, 0x74, 0x52, 0x65, 0x71, 0x75, 0x65, 0x73, 0x74, 0x1a, 0x36, 0x2e, 0x6d, 0x65, 0x61,
	0x6c, 0x70, 0x6c, 0x61, 0x6e, 0x6e, 0x69, 0x6e, 0x67, 0x2e, 0x43, 0x72, 0x65, 0x61, 0x74, 0x65,
	0x56, 0x61, 0x6c, 0x69, 0x64, 0x50, 0x72, 0x65, 0x70, 0x61, 0x72, 0x61, 0x74, 0x69, 0x6f, 0x6e,
	0x49, 0x6e, 0x73, 0x74, 0x72, 0x75, 0x6d, 0x65, 0x6e, 0x74, 0x52, 0x65, 0x73, 0x70, 0x6f, 0x6e,
	0x73, 0x65, 0x12, 0x85, 0x01, 0x0a, 0x1c, 0x43, 0x72, 0x65, 0x61, 0x74, 0x65, 0x56, 0x61, 0x6c,
	0x69, 0x64, 0x50, 0x72, 0x65, 0x70, 0x61, 0x72, 0x61, 0x74, 0x69, 0x6f, 0x6e, 0x56, 0x65, 0x73,
	0x73, 0x65, 0x6c, 0x12, 0x31, 0x2e, 0x6d, 0x65, 0x61, 0x6c, 0x70, 0x6c, 0x61, 0x6e, 0x6e, 0x69,
	0x6e, 0x67, 0x2e, 0x43, 0x72, 0x65, 0x61, 0x74, 0x65, 0x56, 0x61, 0x6c, 0x69, 0x64, 0x50, 0x72,
	0x65, 0x70, 0x61, 0x72, 0x61, 0x74, 0x69, 0x6f, 0x6e, 0x56, 0x65, 0x73, 0x73, 0x65, 0x6c, 0x52,
	0x65, 0x71, 0x75, 0x65, 0x73, 0x74, 0x1a, 0x32, 0x2e, 0x6d, 0x65, 0x61, 0x6c, 0x70, 0x6c, 0x61,
	0x6e, 0x6e, 0x69, 0x6e, 0x67, 0x2e, 0x43, 0x72, 0x65, 0x61, 0x74, 0x65, 0x56, 0x61, 0x6c, 0x69,
	0x64, 0x50, 0x72, 0x65, 0x70, 0x61, 0x72, 0x61, 0x74, 0x69, 0x6f, 0x6e, 0x56, 0x65, 0x73, 0x73,
	0x65, 0x6c, 0x52, 0x65, 0x73, 0x70, 0x6f, 0x6e, 0x73, 0x65, 0x12, 0x64, 0x0a, 0x11, 0x43, 0x72,
	0x65, 0x61, 0x74, 0x65, 0x56, 0x61, 0x6c, 0x69, 0x64, 0x56, 0x65, 0x73, 0x73, 0x65, 0x6c, 0x12,
	0x26, 0x2e, 0x6d, 0x65, 0x61, 0x6c, 0x70, 0x6c, 0x61, 0x6e, 0x6e, 0x69, 0x6e, 0x67, 0x2e, 0x43,
	0x72, 0x65, 0x61, 0x74, 0x65, 0x56, 0x61, 0x6c, 0x69, 0x64, 0x56, 0x65, 0x73, 0x73, 0x65, 0x6c,
	0x52, 0x65, 0x71, 0x75, 0x65, 0x73, 0x74, 0x1a, 0x27, 0x2e, 0x6d, 0x65, 0x61, 0x6c, 0x70, 0x6c,
	0x61, 0x6e, 0x6e, 0x69, 0x6e, 0x67, 0x2e, 0x43, 0x72, 0x65, 0x61, 0x74, 0x65, 0x56, 0x61, 0x6c,
	0x69, 0x64, 0x56, 0x65, 0x73, 0x73, 0x65, 0x6c, 0x52, 0x65, 0x73, 0x70, 0x6f, 0x6e, 0x73, 0x65,
	0x12, 0x61, 0x0a, 0x10, 0x46, 0x69, 0x6e, 0x61, 0x6c, 0x69, 0x7a, 0x65, 0x4d, 0x65, 0x61, 0x6c,
	0x50, 0x6c, 0x61, 0x6e, 0x12, 0x25, 0x2e, 0x6d, 0x65, 0x61, 0x6c, 0x70, 0x6c, 0x61, 0x6e, 0x6e,
	0x69, 0x6e, 0x67, 0x2e, 0x46, 0x69, 0x6e, 0x61, 0x6c, 0x69, 0x7a, 0x65, 0x4d, 0x65, 0x61, 0x6c,
	0x50, 0x6c, 0x61, 0x6e, 0x52, 0x65, 0x71, 0x75, 0x65, 0x73, 0x74, 0x1a, 0x26, 0x2e, 0x6d, 0x65,
	0x61, 0x6c, 0x70, 0x6c, 0x61, 0x6e, 0x6e, 0x69, 0x6e, 0x67, 0x2e, 0x46, 0x69, 0x6e, 0x61, 0x6c,
	0x69, 0x7a, 0x65, 0x4d, 0x65, 0x61, 0x6c, 0x50, 0x6c, 0x61, 0x6e, 0x52, 0x65, 0x73, 0x70, 0x6f,
	0x6e, 0x73, 0x65, 0x12, 0x46, 0x0a, 0x07, 0x47, 0x65, 0x74, 0x4d, 0x65, 0x61, 0x6c, 0x12, 0x1c,
	0x2e, 0x6d, 0x65, 0x61, 0x6c, 0x70, 0x6c, 0x61, 0x6e, 0x6e, 0x69, 0x6e, 0x67, 0x2e, 0x47, 0x65,
	0x74, 0x4d, 0x65, 0x61, 0x6c, 0x52, 0x65, 0x71, 0x75, 0x65, 0x73, 0x74, 0x1a, 0x1d, 0x2e, 0x6d,
	0x65, 0x61, 0x6c, 0x70, 0x6c, 0x61, 0x6e, 0x6e, 0x69, 0x6e, 0x67, 0x2e, 0x47, 0x65, 0x74, 0x4d,
	0x65, 0x61, 0x6c, 0x52, 0x65, 0x73, 0x70, 0x6f, 0x6e, 0x73, 0x65, 0x12, 0x52, 0x0a, 0x0b, 0x47,
	0x65, 0x74, 0x4d, 0x65, 0x61, 0x6c, 0x50, 0x6c, 0x61, 0x6e, 0x12, 0x20, 0x2e, 0x6d, 0x65, 0x61,
	0x6c, 0x70, 0x6c, 0x61, 0x6e, 0x6e, 0x69, 0x6e, 0x67, 0x2e, 0x47, 0x65, 0x74, 0x4d, 0x65, 0x61,
	0x6c, 0x50, 0x6c, 0x61, 0x6e, 0x52, 0x65, 0x71, 0x75, 0x65, 0x73, 0x74, 0x1a, 0x21, 0x2e, 0x6d,
	0x65, 0x61, 0x6c, 0x70, 0x6c, 0x61, 0x6e, 0x6e, 0x69, 0x6e, 0x67, 0x2e, 0x47, 0x65, 0x74, 0x4d,
	0x65, 0x61, 0x6c, 0x50, 0x6c, 0x61, 0x6e, 0x52, 0x65, 0x73, 0x70, 0x6f, 0x6e, 0x73, 0x65, 0x12,
	0x61, 0x0a, 0x10, 0x47, 0x65, 0x74, 0x4d, 0x65, 0x61, 0x6c, 0x50, 0x6c, 0x61, 0x6e, 0x45, 0x76,
	0x65, 0x6e, 0x74, 0x12, 0x25, 0x2e, 0x6d, 0x65, 0x61, 0x6c, 0x70, 0x6c, 0x61, 0x6e, 0x6e, 0x69,
	0x6e, 0x67, 0x2e, 0x47, 0x65, 0x74, 0x4d, 0x65, 0x61, 0x6c, 0x50, 0x6c, 0x61, 0x6e, 0x45, 0x76,
	0x65, 0x6e, 0x74, 0x52, 0x65, 0x71, 0x75, 0x65, 0x73, 0x74, 0x1a, 0x26, 0x2e, 0x6d, 0x65, 0x61,
	0x6c, 0x70, 0x6c, 0x61, 0x6e, 0x6e, 0x69, 0x6e, 0x67, 0x2e, 0x47, 0x65, 0x74, 0x4d, 0x65, 0x61,
	0x6c, 0x50, 0x6c, 0x61, 0x6e, 0x45, 0x76, 0x65, 0x6e, 0x74, 0x52, 0x65, 0x73, 0x70, 0x6f, 0x6e,
	0x73, 0x65, 0x12, 0x64, 0x0a, 0x11, 0x47, 0x65, 0x74, 0x4d, 0x65, 0x61, 0x6c, 0x50, 0x6c, 0x61,
	0x6e, 0x45, 0x76, 0x65, 0x6e, 0x74, 0x73, 0x12, 0x26, 0x2e, 0x6d, 0x65, 0x61, 0x6c, 0x70, 0x6c,
	0x61, 0x6e, 0x6e, 0x69, 0x6e, 0x67, 0x2e, 0x47, 0x65, 0x74, 0x4d, 0x65, 0x61, 0x6c, 0x50, 0x6c,
	0x61, 0x6e, 0x45, 0x76, 0x65, 0x6e, 0x74, 0x73, 0x52, 0x65, 0x71, 0x75, 0x65, 0x73, 0x74, 0x1a,
	0x27, 0x2e, 0x6d, 0x65, 0x61, 0x6c, 0x70, 0x6c, 0x61, 0x6e, 0x6e, 0x69, 0x6e, 0x67, 0x2e, 0x47,
	0x65, 0x74, 0x4d, 0x65, 0x61, 0x6c, 0x50, 0x6c, 0x61, 0x6e, 0x45, 0x76, 0x65, 0x6e, 0x74, 0x73,
	0x52, 0x65, 0x73, 0x70, 0x6f, 0x6e, 0x73, 0x65, 0x12, 0x7f, 0x0a, 0x1a, 0x47, 0x65, 0x74, 0x4d,
	0x65, 0x61, 0x6c, 0x50, 0x6c, 0x61, 0x6e, 0x47, 0x72, 0x6f, 0x63, 0x65, 0x72, 0x79, 0x4c, 0x69,
	0x73, 0x74, 0x49, 0x74, 0x65, 0x6d, 0x12, 0x2f, 0x2e, 0x6d, 0x65, 0x61, 0x6c, 0x70, 0x6c, 0x61,
	0x6e, 0x6e, 0x69, 0x6e, 0x67, 0x2e, 0x47, 0x65, 0x74, 0x4d, 0x65, 0x61, 0x6c, 0x50, 0x6c, 0x61,
	0x6e, 0x47, 0x72, 0x6f, 0x63, 0x65, 0x72, 0x79, 0x4c, 0x69, 0x73, 0x74, 0x49, 0x74, 0x65, 0x6d,
	0x52, 0x65, 0x71, 0x75, 0x65, 0x73, 0x74, 0x1a, 0x30, 0x2e, 0x6d, 0x65, 0x61, 0x6c, 0x70, 0x6c,
	0x61, 0x6e, 0x6e, 0x69, 0x6e, 0x67, 0x2e, 0x47, 0x65, 0x74, 0x4d, 0x65, 0x61, 0x6c, 0x50, 0x6c,
	0x61, 0x6e, 0x47, 0x72, 0x6f, 0x63, 0x65, 0x72, 0x79, 0x4c, 0x69, 0x73, 0x74, 0x49, 0x74, 0x65,
	0x6d, 0x52, 0x65, 0x73, 0x70, 0x6f, 0x6e, 0x73, 0x65, 0x12, 0xa3, 0x01, 0x0a, 0x26, 0x47, 0x65,
	0x74, 0x4d, 0x65, 0x61, 0x6c, 0x50, 0x6c, 0x61, 0x6e, 0x47, 0x72, 0x6f, 0x63, 0x65, 0x72, 0x79,
	0x4c, 0x69, 0x73, 0x74, 0x49, 0x74, 0x65, 0x6d, 0x73, 0x46, 0x6f, 0x72, 0x4d, 0x65, 0x61, 0x6c,
	0x50, 0x6c, 0x61, 0x6e, 0x12, 0x3b, 0x2e, 0x6d, 0x65, 0x61, 0x6c, 0x70, 0x6c, 0x61, 0x6e, 0x6e,
	0x69, 0x6e, 0x67, 0x2e, 0x47, 0x65, 0x74, 0x4d, 0x65, 0x61, 0x6c, 0x50, 0x6c, 0x61, 0x6e, 0x47,
	0x72, 0x6f, 0x63, 0x65, 0x72, 0x79, 0x4c, 0x69, 0x73, 0x74, 0x49, 0x74, 0x65, 0x6d, 0x73, 0x46,
	0x6f, 0x72, 0x4d, 0x65, 0x61, 0x6c, 0x50, 0x6c, 0x61, 0x6e, 0x52, 0x65, 0x71, 0x75, 0x65, 0x73,
	0x74, 0x1a, 0x3c, 0x2e, 0x6d, 0x65, 0x61, 0x6c, 0x70, 0x6c, 0x61, 0x6e, 0x6e, 0x69, 0x6e, 0x67,
	0x2e, 0x47, 0x65, 0x74, 0x4d, 0x65, 0x61, 0x6c, 0x50, 0x6c, 0x61, 0x6e, 0x47, 0x72, 0x6f, 0x63,
	0x65, 0x72, 0x79, 0x4c, 0x69, 0x73, 0x74, 0x49, 0x74, 0x65, 0x6d, 0x73, 0x46, 0x6f, 0x72, 0x4d,
	0x65, 0x61, 0x6c, 0x50, 0x6c, 0x61, 0x6e, 0x52, 0x65, 0x73, 0x70, 0x6f, 0x6e, 0x73, 0x65, 0x12,
	0x64, 0x0a, 0x11, 0x47, 0x65, 0x74, 0x4d, 0x65, 0x61, 0x6c, 0x50, 0x6c, 0x61, 0x6e, 0x4f, 0x70,
	0x74, 0x69, 0x6f, 0x6e, 0x12, 0x26, 0x2e, 0x6d, 0x65, 0x61, 0x6c, 0x70, 0x6c, 0x61, 0x6e, 0x6e,
	0x69, 0x6e, 0x67, 0x2e, 0x47, 0x65, 0x74, 0x4d, 0x65, 0x61, 0x6c, 0x50, 0x6c, 0x61, 0x6e, 0x4f,
	0x70, 0x74, 0x69, 0x6f, 0x6e, 0x52, 0x65, 0x71, 0x75, 0x65, 0x73, 0x74, 0x1a, 0x27, 0x2e, 0x6d,
	0x65, 0x61, 0x6c, 0x70, 0x6c, 0x61, 0x6e, 0x6e, 0x69, 0x6e, 0x67, 0x2e, 0x47, 0x65, 0x74, 0x4d,
	0x65, 0x61, 0x6c, 0x50, 0x6c, 0x61, 0x6e, 0x4f, 0x70, 0x74, 0x69, 0x6f, 0x6e, 0x52, 0x65, 0x73,
	0x70, 0x6f, 0x6e, 0x73, 0x65, 0x12, 0x70, 0x0a, 0x15, 0x47, 0x65, 0x74, 0x4d, 0x65, 0x61, 0x6c,
	0x50, 0x6c, 0x61, 0x6e, 0x4f, 0x70, 0x74, 0x69, 0x6f, 0x6e, 0x56, 0x6f, 0x74, 0x65, 0x12, 0x2a,
	0x2e, 0x6d, 0x65, 0x61, 0x6c, 0x70, 0x6c, 0x61, 0x6e, 0x6e, 0x69, 0x6e, 0x67, 0x2e, 0x47, 0x65,
	0x74, 0x4d, 0x65, 0x61, 0x6c, 0x50, 0x6c, 0x61, 0x6e, 0x4f, 0x70, 0x74, 0x69, 0x6f, 0x6e, 0x56,
	0x6f, 0x74, 0x65, 0x52, 0x65, 0x71, 0x75, 0x65, 0x73, 0x74, 0x1a, 0x2b, 0x2e, 0x6d, 0x65, 0x61,
	0x6c, 0x70, 0x6c, 0x61, 0x6e, 0x6e, 0x69, 0x6e, 0x67, 0x2e, 0x47, 0x65, 0x74, 0x4d, 0x65, 0x61,
	0x6c, 0x50, 0x6c, 0x61, 0x6e, 0x4f, 0x70, 0x74, 0x69, 0x6f, 0x6e, 0x56, 0x6f, 0x74, 0x65, 0x52,
	0x65, 0x73, 0x70, 0x6f, 0x6e, 0x73, 0x65, 0x12, 0x73, 0x0a, 0x16, 0x47, 0x65, 0x74, 0x4d, 0x65,
	0x61, 0x6c, 0x50, 0x6c, 0x61, 0x6e, 0x4f, 0x70, 0x74, 0x69, 0x6f, 0x6e, 0x56, 0x6f, 0x74, 0x65,
	0x73, 0x12, 0x2b, 0x2e, 0x6d, 0x65, 0x61, 0x6c, 0x70, 0x6c, 0x61, 0x6e, 0x6e, 0x69, 0x6e, 0x67,
	0x2e, 0x47, 0x65, 0x74, 0x4d, 0x65, 0x61, 0x6c, 0x50, 0x6c, 0x61, 0x6e, 0x4f, 0x70, 0x74, 0x69,
	0x6f, 0x6e, 0x56, 0x6f, 0x74, 0x65, 0x73, 0x52, 0x65, 0x71, 0x75, 0x65, 0x73, 0x74, 0x1a, 0x2c,
	0x2e, 0x6d, 0x65, 0x61, 0x6c, 0x70, 0x6c, 0x61, 0x6e, 0x6e, 0x69, 0x6e, 0x67, 0x2e, 0x47, 0x65,
	0x74, 0x4d, 0x65, 0x61, 0x6c, 0x50, 0x6c, 0x61, 0x6e, 0x4f, 0x70, 0x74, 0x69, 0x6f, 0x6e, 0x56,
	0x6f, 0x74, 0x65, 0x73, 0x52, 0x65, 0x73, 0x70, 0x6f, 0x6e, 0x73, 0x65, 0x12, 0x67, 0x0a, 0x12,
	0x47, 0x65, 0x74, 0x4d, 0x65, 0x61, 0x6c, 0x50, 0x6c, 0x61, 0x6e, 0x4f, 0x70, 0x74, 0x69, 0x6f,
	0x6e, 0x73, 0x12, 0x27, 0x2e, 0x6d, 0x65, 0x61, 0x6c, 0x70, 0x6c, 0x61, 0x6e, 0x6e, 0x69, 0x6e,
	0x67, 0x2e, 0x47, 0x65, 0x74, 0x4d, 0x65, 0x61, 0x6c, 0x50, 0x6c, 0x61, 0x6e, 0x4f, 0x70, 0x74,
	0x69, 0x6f, 0x6e, 0x73, 0x52, 0x65, 0x71, 0x75, 0x65, 0x73, 0x74, 0x1a, 0x28, 0x2e, 0x6d, 0x65,
	0x61, 0x6c, 0x70, 0x6c, 0x61, 0x6e, 0x6e, 0x69, 0x6e, 0x67, 0x2e, 0x47, 0x65, 0x74, 0x4d, 0x65,
	0x61, 0x6c, 0x50, 0x6c, 0x61, 0x6e, 0x4f, 0x70, 0x74, 0x69, 0x6f, 0x6e, 0x73, 0x52, 0x65, 0x73,
	0x70, 0x6f, 0x6e, 0x73, 0x65, 0x12, 0x91, 0x01, 0x0a, 0x20, 0x47, 0x65, 0x74, 0x4d, 0x65, 0x61,
	0x6c, 0x50, 0x6c, 0x61, 0x6e, 0x52, 0x65, 0x63, 0x69, 0x70, 0x65, 0x4f, 0x70, 0x74, 0x69, 0x6f,
	0x6e, 0x53, 0x65, 0x6c, 0x65, 0x63, 0x74, 0x69, 0x6f, 0x6e, 0x12, 0x35, 0x2e, 0x6d, 0x65, 0x61,
	0x6c, 0x70, 0x6c, 0x61, 0x6e, 0x6e, 0x69, 0x6e, 0x67, 0x2e, 0x47, 0x65, 0x74, 0x4d, 0x65, 0x61,
	0x6c, 0x50, 0x6c, 0x61, 0x6e, 0x52, 0x65, 0x63, 0x69, 0x70, 0x65, 0x4f, 0x70, 0x74, 0x69, 0x6f,
	0x6e, 0x53, 0x65, 0x6c, 0x65, 0x63, 0x74, 0x69, 0x6f, 0x6e, 0x52, 0x65, 0x71, 0x75, 0x65, 0x73,
	0x74, 0x1a, 0x36, 0x2e, 0x6d, 0x65, 0x61, 0x6c, 0x70, 0x6c, 0x61, 0x6e, 0x6e, 0x69, 0x6e, 0x67,
	0x2e, 0x47, 0x65, 0x74, 0x4d, 0x65, 0x61, 0x6c, 0x50, 0x6c, 0x61, 0x6e, 0x52, 0x65, 0x63, 0x69,
	0x70, 0x65, 0x4f, 0x70, 0x74, 0x69, 0x6f, 0x6e, 0x53, 0x65, 0x6c, 0x65, 0x63, 0x74, 0x69, 0x6f,
	0x6e, 0x52, 0x65, 0x73, 0x70, 0x6f, 0x6e, 0x73, 0x65, 0x12, 0xc7, 0x01, 0x0a, 0x32, 0x47, 0x65,
	0x74, 0x4d, 0x65, 0x61, 0x6c, 0x50, 0x6c, 0x61, 0x6e, 0x52, 0x65, 0x63, 0x69, 0x70, 0x65, 0x4f,
	0x70, 0x74, 0x69, 0x6f, 0x6e, 0x53, 0x65, 0x6c, 0x65, 0x63, 0x74, 0x69, 0x6f, 0x6e, 0x73, 0x46,
	0x6f, 0x72, 0x4d, 0x65, 0x61, 0x6c, 0x50, 0x6c, 0x61, 0x6e, 0x4f, 0x70, 0x74, 0x69, 0x6f, 0x6e,
	0x12, 0x47, 0x2e, 0x6d, 0x65, 0x61, 0x6c, 0x70, 0x6c, 0x61, 0x6e, 0x6e, 0x69, 0x6e, 0x67, 0x2e,
	0x47, 0x65, 0x74, 0x4d, 0x65, 0x61, 0x6c, 0x50, 0x6c, 0x61, 0x6e, 0x52, 0x65, 0x63, 0x69, 0x70,
	0x65, 0x4f, 0x70, 0x74, 0x69, 0x6f, 0x6e, 0x53, 0x65, 0x6c, 0x65, 0x63, 0x74, 0x69, 0x6f, 0x6e,
	0x73, 0x46, 0x6f, 0x72, 0x4d, 0x65, 0x61, 0x6c, 0x50, 0x6c, 0x61, 0x6e, 0x4f, 0x70, 0x74, 0x69,
	0x6f, 0x6e, 0x52, 0x65, 0x71, 0x75, 0x65, 0x73, 0x74, 0x1a, 0x48, 0x2e, 0x6d, 0x65, 0x61, 0x6c,
	0x70, 0x6c, 0x61, 0x6e, 0x6e, 0x69, 0x6e, 0x67, 0x2e, 0x47, 0x65, 0x74, 0x4d, 0x65, 0x61, 0x6c,
	0x50, 0x6c, 0x61, 0x6e, 0x52, 0x65, 0x63, 0x69, 0x70, 0x65, 0x4f, 0x70, 0x74, 0x69, 0x6f, 0x6e,
	0x53, 0x65, 0x6c, 0x65, 0x63, 0x74, 0x69, 0x6f, 0x6e, 0x73, 0x46, 0x6f, 0x72, 0x4d, 0x65, 0x61,
	0x6c, 0x50, 0x6c, 0x61, 0x6e, 0x4f, 0x70, 0x74, 0x69, 0x6f, 0x6e, 0x52, 0x65, 0x73, 0x70, 0x6f,
	0x6e, 0x73, 0x65, 0x12, 0x5e, 0x0a, 0x0f, 0x47, 0x65, 0x74, 0x4d, 0x65, 0x61, 0x6c, 0x50, 0x6c,
	0x61, 0x6e, 0x54, 0x61, 0x73, 0x6b, 0x12, 0x24, 0x2e, 0x6d, 0x65, 0x61, 0x6c, 0x70, 0x6c, 0x61,
	0x6e, 0x6e, 0x69, 0x6e, 0x67, 0x2e, 0x47, 0x65, 0x74, 0x4d, 0x65, 0x61, 0x6c, 0x50, 0x6c, 0x61,
	0x6e, 0x54, 0x61, 0x73, 0x6b, 0x52, 0x65, 0x71, 0x75, 0x65, 0x73, 0x74, 0x1a, 0x25, 0x2e, 0x6d,
	0x65, 0x61, 0x6c, 0x70, 0x6c, 0x61, 0x6e, 0x6e, 0x69, 0x6e, 0x67, 0x2e, 0x47, 0x65, 0x74, 0x4d,
	0x65, 0x61, 0x6c, 0x50, 0x6c, 0x61, 0x6e, 0x54, 0x61, 0x73, 0x6b, 0x52, 0x65, 0x73, 0x70, 0x6f,
	0x6e, 0x73, 0x65, 0x12, 0x61, 0x0a, 0x10, 0x47, 0x65, 0x74, 0x4d, 0x65, 0x61, 0x6c, 0x50, 0x6c,
	0x61, 0x6e, 0x54, 0x61, 0x73, 0x6b, 0x73, 0x12, 0x25, 0x2e, 0x6d, 0x65, 0x61, 0x6c, 0x70, 0x6c,
	0x61, 0x6e, 0x6e, 0x69, 0x6e, 0x67, 0x2e, 0x47, 0x65, 0x74, 0x4d, 0x65, 0x61, 0x6c, 0x50, 0x6c,
	0x61, 0x6e, 0x54, 0x61, 0x73, 0x6b, 0x73, 0x52, 0x65, 0x71, 0x75, 0x65, 0x73, 0x74, 0x1a, 0x26,
	0x2e, 0x6d, 0x65, 0x61, 0x6c, 0x70, 0x6c, 0x61, 0x6e, 0x6e, 0x69, 0x6e, 0x67, 0x2e, 0x47, 0x65,
	0x74, 0x4d, 0x65, 0x61, 0x6c, 0x50, 0x6c, 0x61, 0x6e, 0x54, 0x61, 0x73, 0x6b, 0x73, 0x52, 0x65,
	0x73, 0x70, 0x6f, 0x6e, 0x73, 0x65, 0x12, 0x73, 0x0a, 0x16, 0x47, 0x65, 0x74, 0x4d, 0x65, 0x61,
	0x6c, 0x50, 0x6c, 0x61, 0x6e, 0x73, 0x46, 0x6f, 0x72, 0x41, 0x63, 0x63, 0x6f, 0x75, 0x6e, 0x74,
	0x12, 0x2b, 0x2e, 0x6d, 0x65, 0x61, 0x6c, 0x70, 0x6c, 0x61, 0x6e, 0x6e, 0x69, 0x6e, 0x67, 0x2e,
	0x47, 0x65, 0x74, 0x4d, 0x65, 0x61, 0x6c, 0x50, 0x6c, 0x61, 0x6e, 0x73, 0x46, 0x6f, 0x72, 0x41,
	0x63, 0x63, 0x6f, 0x75, 0x6e, 0x74, 0x52, 0x65, 0x71, 0x75, 0x65, 0x73, 0x74, 0x1a, 0x2c, 0x2e,
	0x6d, 0x65, 0x61, 0x6c, 0x70, 0x6c, 0x61, 0x6e, 0x6e, 0x69, 0x6e, 0x67, 0x2e, 0x47, 0x65, 0x74,
	0x4d, 0x65, 0x61, 0x6c, 0x50, 0x6c, 0x61, 0x6e, 0x73, 0x46, 0x6f, 0x72, 0x41, 0x63, 0x63, 0x6f,
	0x75, 0x6e, 0x74, 0x52, 0x65, 0x73, 0x70, 0x6f, 0x6e, 0x73, 0x65, 0x12, 0x55, 0x0a, 0x0c, 0x47,
	0x65, 0x74, 0x4d, 0x65, 0x61, 0x6c, 0x4c, 0x69, 0x73, 0x74, 0x73, 0x12, 0x21, 0x2e, 0x6d, 0x65,
	0x61, 0x6c, 0x70, 0x6c, 0x61, 0x6e, 0x6e, 0x69, 0x6e, 0x67, 0x2e, 0x47, 0x65, 0x74, 0x4d, 0x65,
	0x61, 0x6c, 0x4c, 0x69, 0x73, 0x74, 0x73, 0x52, 0x65, 0x71, 0x75, 0x65, 0x73, 0x74, 0x1a, 0x22,
	0x2e, 0x6d, 0x65, 0x61, 0x6c, 0x70, 0x6c, 0x61, 0x6e, 0x6e, 0x69, 0x6e, 0x67, 0x2e, 0x47, 0x65,
	0x74, 0x4d, 0x65, 0x61, 0x6c, 0x4c, 0x69, 0x73, 0x74, 0x73, 0x52, 0x65, 0x73, 0x70, 0x6f, 0x6e,
	0x73, 0x65, 0x12, 0x49, 0x0a, 0x08, 0x47, 0x65, 0x74, 0x4d, 0x65, 0x61, 0x6c, 0x73, 0x12, 0x1d,
	0x2e, 0x6d, 0x65, 0x61, 0x6c, 0x70, 0x6c, 0x61, 0x6e, 0x6e, 0x69, 0x6e, 0x67, 0x2e, 0x47, 0x65,
	0x74, 0x4d, 0x65, 0x61, 0x6c, 0x73, 0x52, 0x65, 0x71, 0x75, 0x65, 0x73, 0x74, 0x1a, 0x1e, 0x2e,
	0x6d, 0x65, 0x61, 0x6c, 0x70, 0x6c, 0x61, 0x6e, 0x6e, 0x69, 0x6e, 0x67, 0x2e, 0x47, 0x65, 0x74,
	0x4d, 0x65, 0x61, 0x6c, 0x73, 0x52, 0x65, 0x73, 0x70, 0x6f, 0x6e, 0x73, 0x65, 0x12, 0x79, 0x0a,
	0x18, 0x47, 0x65, 0x74, 0x4d, 0x65, 0x72, 0x6d, 0x61, 0x69, 0x64, 0x44, 0x69, 0x61, 0x67, 0x72,
	0x61, 0x6d, 0x46, 0x6f, 0x72, 0x4d, 0x65, 0x61, 0x6c, 0x12, 0x2d, 0x2e, 0x6d, 0x65, 0x61, 0x6c,
	0x70, 0x6c, 0x61, 0x6e, 0x6e, 0x69, 0x6e, 0x67, 0x2e, 0x47, 0x65, 0x74, 0x4d, 0x65, 0x72, 0x6d,
	0x61, 0x69, 0x64, 0x44, 0x69, 0x61, 0x67, 0x72, 0x61, 0x6d, 0x46, 0x6f, 0x72, 0x4d, 0x65, 0x61,
	0x6c, 0x52, 0x65, 0x71, 0x75, 0x65, 0x73, 0x74, 0x1a, 0x2e, 0x2e, 0x6d, 0x65, 0x61, 0x6c, 0x70,
	0x6c, 0x61, 0x6e, 0x6e, 0x69, 0x6e, 0x67, 0x2e, 0x47, 0x65, 0x74, 0x4d, 0x65, 0x72, 0x6d, 0x61,
	0x69, 0x64, 0x44, 0x69, 0x61, 0x67, 0x72, 0x61, 0x6d, 0x46, 0x6f, 0x72, 0x4d, 0x65, 0x61, 0x6c,
	0x52, 0x65, 0x73, 0x70, 0x6f, 0x6e, 0x73, 0x65, 0x12, 0x7f, 0x0a, 0x1a, 0x47, 0x65, 0x74, 0x4d,
	0x65, 0x72, 0x6d, 0x61, 0x69, 0x64, 0x44, 0x69, 0x61, 0x67, 0x72, 0x61, 0x6d, 0x46, 0x6f, 0x72,
	0x52, 0x65, 0x63, 0x69, 0x70, 0x65, 0x12, 0x2f, 0x2e, 0x6d, 0x65, 0x61, 0x6c, 0x70, 0x6c, 0x61,
	0x6e, 0x6e, 0x69, 0x6e, 0x67, 0x2e, 0x47, 0x65, 0x74, 0x4d, 0x65, 0x72, 0x6d, 0x61, 0x69, 0x64,
	0x44, 0x69, 0x61, 0x67, 0x72, 0x61, 0x6d, 0x46, 0x6f, 0x72, 0x52, 0x65, 0x63, 0x69, 0x70, 0x65,
	0x52, 0x65, 0x71, 0x75, 0x65, 0x73, 0x74, 0x1a, 0x30, 0x2e, 0x6d, 0x65, 0x61, 0x6c, 0x70, 0x6c,
	0x61, 0x6e, 0x6e, 0x69, 0x6e, 0x67, 0x2e, 0x47, 0x65, 0x74, 0x4d, 0x65, 0x72, 0x6d, 0x61, 0x69,
	0x64, 0x44, 0x69, 0x61, 0x67, 0x72, 0x61, 0x6d, 0x46, 0x6f, 0x72, 0x52, 0x65, 0x63, 0x69, 0x70,
	0x65, 0x52, 0x65, 0x73, 0x70, 0x6f, 0x6e, 0x73, 0x65, 0x12, 0x79, 0x0a, 0x18, 0x47, 0x65, 0x74,
	0x52, 0x61, 0x6e, 0x64, 0x6f, 0x6d, 0x56, 0x61, 0x6c, 0x69, 0x64, 0x49, 0x6e, 0x67, 0x72, 0x65,
	0x64, 0x69, 0x65, 0x6e, 0x74, 0x12, 0x2d, 0x2e, 0x6d, 0x65, 0x61, 0x6c, 0x70, 0x6c, 0x61, 0x6e,
	0x6e, 0x69, 0x6e, 0x67, 0x2e, 0x47, 0x65, 0x74, 0x52, 0x61, 0x6e, 0x64, 0x6f, 0x6d, 0x56, 0x61,
	0x6c, 0x69, 0x64, 0x49, 0x6e, 0x67, 0x72, 0x65, 0x64, 0x69, 0x65, 0x6e, 0x74, 0x52, 0x65, 0x71,
	0x75, 0x65, 0x73, 0x74, 0x1a, 0x2e, 0x2e, 0x6d, 0x65, 0x61, 0x6c, 0x70, 0x6c, 0x61, 0x6e, 0x6e,
	0x69, 0x6e, 0x67, 0x2e, 0x47, 0x65, 0x74, 0x52, 0x61, 0x6e, 0x64, 0x6f, 0x6d, 0x56, 0x61, 0x6c,
	0x69, 0x64, 0x49, 0x6e, 0x67, 0x72, 0x65, 0x64, 0x69, 0x65, 0x6e, 0x74, 0x52, 0x65, 0x73, 0x70,
	0x6f, 0x6e, 0x73, 0x65, 0x12, 0x79, 0x0a, 0x18, 0x47, 0x65, 0x74, 0x52, 0x61, 0x6e, 0x64, 0x6f,
	0x6d, 0x56, 0x61, 0x6c, 0x69, 0x64, 0x49, 0x6e, 0x73, 0x74, 0x72, 0x75, 0x6d, 0x65, 0x6e, 0x74,
	0x12, 0x2d, 0x2e, 0x6d, 0x65, 0x61, 0x6c, 0x70, 0x6c, 0x61, 0x6e, 0x6e, 0x69, 0x6e, 0x67, 0x2e,
	0x47, 0x65, 0x74, 0x52, 0x61, 0x6e, 0x64, 0x6f, 0x6d, 0x56, 0x61, 0x6c, 0x69, 0x64, 0x49, 0x6e,
	0x73, 0x74, 0x72, 0x75, 0x6d, 0x65, 0x6e, 0x74, 0x52, 0x65, 0x71, 0x75, 0x65, 0x73, 0x74, 0x1a,
	0x2e, 0x2e, 0x6d, 0x65, 0x61, 0x6c, 0x70, 0x6c, 0x61, 0x6e, 0x6e, 0x69, 0x6e, 0x67, 0x2e, 0x47,
	0x65, 0x74, 0x52, 0x61, 0x6e, 0x64, 0x6f, 0x6d, 0x56, 0x61, 0x6c, 0x69, 0x64, 0x49, 0x6e, 0x73,
	0x74, 0x72, 0x75, 0x6d, 0x65, 0x6e, 0x74, 0x52, 0x65, 0x73, 0x70, 0x6f, 0x6e, 0x73, 0x65, 0x12,
	0x7c, 0x0a, 0x19, 0x47, 0x65, 0x74, 0x52, 0x61, 0x6e, 0x64, 0x6f, 0x6d, 0x56, 0x61, 0x6c, 0x69,
	0x64, 0x50, 0x72, 0x65, 0x70, 0x61, 0x72, 0x61, 0x74, 0x69, 0x6f, 0x6e, 0x12, 0x2e, 0x2e, 0x6d,
	0x65, 0x61, 0x6c, 0x70, 0x6c, 0x61, 0x6e, 0x6e, 0x69, 0x6e, 0x67, 0x2e, 0x47, 0x65, 0x74, 0x52,
	0x61, 0x6e, 0x64, 0x6f, 0x6d, 0x56, 0x61, 0x6c, 0x69, 0x64, 0x50, 0x72, 0x65, 0x70, 0x61, 0x72,
	0x61, 0x74, 0x69, 0x6f, 0x6e, 0x52, 0x65, 0x71, 0x75, 0x65, 0x73, 0x74, 0x1a, 0x2f, 0x2e, 0x6d,
	0x65, 0x61, 0x6c, 0x70, 0x6c, 0x61, 0x6e, 0x6e, 0x69, 0x6e, 0x67, 0x2e, 0x47, 0x65, 0x74, 0x52,
	0x61, 0x6e, 0x64, 0x6f, 0x6d, 0x56, 0x61, 0x6c, 0x69, 0x64, 0x50, 0x72, 0x65, 0x70, 0x61, 0x72,
	0x61, 0x74, 0x69, 0x6f, 0x6e, 0x52, 0x65, 0x73, 0x70, 0x6f, 0x6e, 0x73, 0x65, 0x12, 0x6d, 0x0a,
	0x14, 0x47, 0x65, 0x74, 0x52, 0x61, 0x6e, 0x64, 0x6f, 0x6d, 0x56, 0x61, 0x6c, 0x69, 0x64, 0x56,
	0x65, 0x73, 0x73, 0x65, 0x6c, 0x12, 0x29, 0x2e, 0x6d, 0x65, 0x61, 0x6c, 0x70, 0x6c, 0x61, 0x6e,
	0x6e, 0x69, 0x6e, 0x67, 0x2e, 0x47, 0x65, 0x74, 0x52, 0x61, 0x6e, 0x64, 0x6f, 0x6d, 0x56, 0x61,
	0x6c, 0x69, 0x64, 0x56, 0x65, 0x73, 0x73, 0x65, 0x6c, 0x52, 0x65, 0x71, 0x75, 0x65, 0x73, 0x74,
	0x1a, 0x2a, 0x2e, 0x6d, 0x65, 0x61, 0x6c, 0x70, 0x6c, 0x61, 0x6e, 0x6e, 0x69, 0x6e, 0x67, 0x2e,
	0x47, 0x65, 0x74, 0x52, 0x61, 0x6e, 0x64, 0x6f, 0x6d, 0x56, 0x61, 0x6c, 0x69, 0x64, 0x56, 0x65,
	0x73, 0x73, 0x65, 0x6c, 0x52, 0x65, 0x73, 0x70, 0x6f, 0x6e, 0x73, 0x65, 0x12, 0x4c, 0x0a, 0x09,
	0x47, 0x65, 0x74, 0x52, 0x65, 0x63, 0x69, 0x70, 0x65, 0x12, 0x1e, 0x2e, 0x6d, 0x65, 0x61, 0x6c,
	0x70, 0x6c, 0x61, 0x6e, 0x6e, 0x69, 0x6e, 0x67, 0x2e, 0x47, 0x65, 0x74, 0x52, 0x65, 0x63, 0x69,
	0x70, 0x65, 0x52, 0x65, 0x71, 0x75, 0x65, 0x73, 0x74, 0x1a, 0x1f, 0x2e, 0x6d, 0x65, 0x61, 0x6c,
	0x70, 0x6c, 0x61, 0x6e, 0x6e, 0x69, 0x6e, 0x67, 0x2e, 0x47, 0x65, 0x74, 0x52, 0x65, 0x63, 0x69,
	0x70, 0x65, 0x52, 0x65, 0x73, 0x70, 0x6f, 0x6e, 0x73, 0x65, 0x12, 0x76, 0x0a, 0x17, 0x45, 0x73,
	0x74, 0x69, 0x6d, 0x61, 0x74, 0x65, 0x52, 0x65, 0x63, 0x69, 0x70, 0x65, 0x50, 0x72, 0x65, 0x70,
	0x54, 0x61, 0x73, 0x6b, 0x73, 0x12, 0x2c, 0x2e, 0x6d, 0x65, 0x61, 0x6c, 0x70, 0x6c, 0x61, 0x6e,
	0x6e, 0x69, 0x6e, 0x67, 0x2e, 0x45, 0x73, 0x74, 0x69, 0x6d, 0x61, 0x74, 0x65, 0x52, 0x65, 0x63,
	0x69, 0x70, 0x65, 0x50, 0x72, 0x65, 0x70, 0x54, 0x61, 0x73, 0x6b, 0x73, 0x52, 0x65, 0x71, 0x75,
	0x65, 0x73, 0x74, 0x1a, 0x2d, 0x2e, 0x6d, 0x65, 0x61, 0x6c, 0x70, 0x6c, 0x61, 0x6e, 0x6e, 0x69,
	0x6e, 0x67, 0x2e, 0x45, 0x73, 0x74, 0x69, 0x6d, 0x61, 0x74, 0x65, 0x52, 0x65, 0x63, 0x69, 0x70,
	0x65, 0x50, 0x72, 0x65, 0x70, 0x54, 0x61, 0x73, 0x6b, 0x73, 0x52, 0x65, 0x73, 0x70, 0x6f, 0x6e,
	0x73, 0x65, 0x12, 0x64, 0x0a, 0x11, 0x47, 0x65, 0x74, 0x52, 0x65, 0x63, 0x69, 0x70, 0x65, 0x50,
	0x72, 0x65, 0x70, 0x54, 0x61, 0x73, 0x6b, 0x12, 0x26, 0x2e, 0x6d, 0x65, 0x61, 0x6c, 0x70, 0x6c,
	0x61, 0x6e, 0x6e, 0x69, 0x6e, 0x67, 0x2e, 0x47, 0x65, 0x74, 0x52, 0x65, 0x63, 0x69, 0x70, 0x65,
	0x50, 0x72, 0x65, 0x70, 0x54, 0x61, 0x73, 0x6b, 0x52, 0x65, 0x71, 0x75, 0x65, 0x73, 0x74, 0x1a,
	0x27, 0x2e, 0x6d, 0x65, 0x61, 0x6c, 0x70, 0x6c, 0x61, 0x6e, 0x6e, 0x69, 0x6e, 0x67, 0x2e, 0x47,
	0x65, 0x74, 0x52, 0x65, 0x63, 0x69, 0x70, 0x65, 0x50, 0x72, 0x65, 0x70, 0x54, 0x61, 0x73, 0x6b,
	0x52, 0x65, 0x73, 0x70, 0x6f, 0x6e, 0x73, 0x65, 0x12, 0x67, 0x0a, 0x12, 0x47, 0x65, 0x74, 0x52,
	0x65, 0x63, 0x69, 0x70, 0x65, 0x50, 0x72, 0x65, 0x70, 0x54, 0x61, 0x73, 0x6b, 0x73, 0x12, 0x27,
	0x2e, 0x6d, 0x65, 0x61, 0x6c, 0x70, 0x6c, 0x61, 0x6e, 0x6e, 0x69, 0x6e, 0x67, 0x2e, 0x47, 0x65,
	0x74, 0x52, 0x65, 0x63, 0x69, 0x70, 0x65, 0x50, 0x72, 0x65, 0x70, 0x54, 0x61, 0x73, 0x6b, 0x73,
	0x52, 0x65, 0x71, 0x75, 0x65, 0x73, 0x74, 0x1a, 0x28, 0x2e, 0x6d, 0x65, 0x61, 0x6c, 0x70, 0x6c,
	0x61, 0x6e, 0x6e, 0x69, 0x6e, 0x67, 0x2e, 0x47, 0x65, 0x74, 0x52, 0x65, 0x63, 0x69, 0x70, 0x65,
	0x50, 0x72, 0x65, 0x70, 0x54, 0x61, 0x73, 0x6b, 0x73, 0x52, 0x65, 0x73, 0x70, 0x6f, 0x6e, 0x73,
	0x65, 0x12, 0x5e, 0x0a, 0x0f, 0x47, 0x65, 0x74, 0x52, 0x65, 0x63, 0x69, 0x70, 0x65, 0x52, 0x61,
	0x74, 0x69, 0x6e, 0x67, 0x12, 0x24, 0x2e, 0x6d, 0x65, 0x61, 0x6c, 0x70, 0x6c, 0x61, 0x6e, 0x6e,
	0x69, 0x6e, 0x67, 0x2e, 0x47, 0x65, 0x74, 0x52, 0x65, 0x63, 0x69, 0x70, 0x65, 0x52, 0x61, 0x74,
	0x69, 0x6e, 0x67, 0x52, 0x65, 0x71, 0x75, 0x65, 0x73, 0x74, 0x1a, 0x25, 0x2e, 0x6d, 0x65, 0x61,
	0x6c, 0x70, 0x6c, 0x61, 0x6e, 0x6e, 0x69, 0x6e, 0x67, 0x2e, 0x47, 0x65, 0x74, 0x52, 0x65, 0x63,
	0x69, 0x70, 0x65, 0x52, 0x61, 0x74, 0x69, 0x6e, 0x67, 0x52, 0x65, 0x73, 0x70, 0x6f, 0x6e, 0x73,
	0x65, 0x12, 0x7c, 0x0a, 0x19, 0x47, 0x65, 0x74, 0x52, 0x65, 0x63, 0x69, 0x70, 0x65, 0x52, 0x61,
	0x74, 0x69, 0x6e, 0x67, 0x73, 0x46, 0x6f, 0x72, 0x52, 0x65, 0x63, 0x69, 0x70, 0x65, 0x12, 0x2e,
	0x2e, 0x6d, 0x65, 0x61, 0x6c, 0x70, 0x6c, 0x61, 0x6e, 0x6e, 0x69, 0x6e, 0x67, 0x2e, 0x47, 0x65,
	0x74, 0x52, 0x65, 0x63, 0x69, 0x70, 0x65, 0x52, 0x61, 0x74, 0x69, 0x6e, 0x67, 0x73, 0x46, 0x6f,
	0x72, 0x52, 0x65, 0x63, 0x69, 0x70, 0x65, 0x52, 0x65, 0x71, 0x75, 0x65, 0x73, 0x74, 0x1a, 0x2f,
	0x2e, 0x6d, 0x65, 0x61, 0x6c, 0x70, 0x6c, 0x61, 0x6e, 0x6e, 0x69, 0x6e, 0x67, 0x2e, 0x47, 0x65,
	0x74, 0x52, 0x65, 0x63, 0x69, 0x70, 0x65, 0x52, 0x61, 0x74, 0x69, 0x6e, 0x67, 0x73, 0x46, 0x6f,
	0x72, 0x52, 0x65, 0x63, 0x69, 0x70, 0x65, 0x52, 0x65, 0x73, 0x70, 0x6f, 0x6e, 0x73, 0x65, 0x12,
	0x58, 0x0a, 0x0d, 0x47, 0x65, 0x74, 0x52, 0x65, 0x63, 0x69, 0x70, 0x65, 0x53, 0x74, 0x65, 0x70,
	0x12, 0x22, 0x2e, 0x6d, 0x65, 0x61, 0x6c, 0x70, 0x6c, 0x61, 0x6e, 0x6e, 0x69, 0x6e, 0x67, 0x2e,
	0x47, 0x65, 0x74, 0x52, 0x65, 0x63, 0x69, 0x70, 0x65, 0x53, 0x74, 0x65, 0x70, 0x52, 0x65, 0x71,
	0x75, 0x65, 0x73, 0x74, 0x1a, 0x23, 0x2e, 0x6d, 0x65, 0x61, 0x6c, 0x70, 0x6c, 0x61, 0x6e, 0x6e,
	0x69, 0x6e, 0x67, 0x2e, 0x47, 0x65, 0x74, 0x52, 0x65, 0x63, 0x69, 0x70, 0x65, 0x53, 0x74, 0x65,
	0x70, 0x52, 0x65, 0x73, 0x70, 0x6f, 0x6e, 0x73, 0x65, 0x12, 0x91, 0x01, 0x0a, 0x20, 0x47, 0x65,
	0x74, 0x52, 0x65, 0x63, 0x69, 0x70, 0x65, 0x53, 0x74, 0x65, 0x70, 0x43, 0x6f, 0x6d, 0x70, 0x6c,
	0x65, 0x74, 0x69, 0x6f, 0x6e, 0x43, 0x6f, 0x6e, 0x64, 0x69, 0x74, 0x69, 0x6f, 0x6e, 0x12, 0x35,
	0x2e, 0x6d, 0x65, 0x61, 0x6c, 0x70, 0x6c, 0x61, 0x6e, 0x6e, 0x69, 0x6e, 0x67, 0x2e, 0x47, 0x65,
	0x74, 0x52, 0x65, 0x63, 0x69, 0x70, 0x65, 0x53, 0x74, 0x65, 0x70, 0x43, 0x6f, 0x6d, 0x70, 0x6c,
	0x65, 0x74, 0x69, 0x6f, 0x6e, 0x43, 0x6f, 0x6e, 0x64, 0x69, 0x74, 0x69, 0x6f, 0x6e, 0x52, 0x65,
	0x71, 0x75, 0x65, 0x73, 0x74, 0x1a, 0x36, 0x2e, 0x6d, 0x65, 0x61, 0x6c, 0x70, 0x6c, 0x61, 0x6e,
	0x6e, 0x69, 0x6e, 0x67, 0x2e, 0x47, 0x65, 0x74, 0x52, 0x65, 0x63, 0x69, 0x70, 0x65, 0x53, 0x74,
	0x65, 0x70, 0x43, 0x6f, 0x6d, 0x70, 0x6c, 0x65, 0x74, 0x69, 0x6f, 0x6e, 0x43, 0x6f, 0x6e, 0x64,
	0x69, 0x74, 0x69, 0x6f, 0x6e, 0x52, 0x65, 0x73, 0x70, 0x6f, 0x6e, 0x73, 0x65, 0x12, 0x94, 0x01,
	0x0a, 0x21, 0x47, 0x65, 0x74, 0x52, 0x65, 0x63, 0x69, 0x70, 0x65, 0x53, 0x74, 0x65, 0x70, 0x43,
	0x6f, 0x6d, 0x70, 0x6c, 0x65, 0x74, 0x69, 0x6f, 0x6e, 0x43, 0x6f, 0x6e, 0x64, 0x69, 0x74, 0x69,
	0x6f, 0x6e, 0x73, 0x12, 0x36, 0x2e, 0x6d, 0x65, 0x61, 0x6c, 0x70, 0x6c, 0x61, 0x6e, 0x6e, 0x69,
	0x6e, 0x67, 0x2e, 0x47, 0x65, 0x74, 0x52, 0x65, 0x63, 0x69, 0x70, 0x65, 0x53, 0x74, 0x65, 0x70,
	0x43, 0x6f, 0x6d, 0x70, 0x6c, 0x65, 0x74, 0x69, 0x6f, 0x6e, 0x43, 0x6f, 0x6e, 0x64, 0x69, 0x74,
	0x69, 0x6f, 0x6e, 0x73, 0x52, 0x65, 0x71, 0x75, 0x65, 0x73, 0x74, 0x1a, 0x37, 0x2e, 0x6d, 0x65,
	0x61, 0x6c, 0x70, 0x6c, 0x61, 0x6e, 0x6e, 0x69, 0x6e, 0x67, 0x2e, 0x47, 0x65, 0x74, 0x52, 0x65,
	0x63, 0x69, 0x70, 0x65, 0x53, 0x74, 0x65, 0x70, 0x43, 0x6f, 0x6d, 0x70, 0x6c, 0x65, 0x74, 0x69,
	0x6f, 0x6e, 0x43, 0x6f, 0x6e, 0x64, 0x69, 0x74, 0x69, 0x6f, 0x6e, 0x73, 0x52, 0x65, 0x73, 0x70,
	0x6f, 0x6e, 0x73, 0x65, 0x12, 0x76, 0x0a, 0x17, 0x47, 0x65, 0x74, 0x52, 0x65, 0x63, 0x69, 0x70,
	0x65, 0x53, 0x74, 0x65, 0x70, 0x49, 0x6e, 0x67, 0x72, 0x65, 0x64, 0x69, 0x65, 0x6e, 0x74, 0x12,
	0x2c, 0x2e, 0x6d, 0x65, 0x61, 0x6c, 0x70, 0x6c, 0x61, 0x6e, 0x6e, 0x69, 0x6e, 0x67, 0x2e, 0x47,
	0x65, 0x74, 0x52, 0x65, 0x63, 0x69, 0x70, 0x65, 0x53, 0x74, 0x65, 0x70, 0x49, 0x6e, 0x67, 0x72,
	0x65, 0x64, 0x69, 0x65, 0x6e, 0x74, 0x52, 0x65, 0x71, 0x75, 0x65, 0x73, 0x74, 0x1a, 0x2d, 0x2e,
	0x6d, 0x65, 0x61, 0x6c, 0x70, 0x6c, 0x61, 0x6e, 0x6e, 0x69, 0x6e, 0x67, 0x2e, 0x47, 0x65, 0x74,
	0x52, 0x65, 0x63, 0x69, 0x70, 0x65, 0x53, 0x74, 0x65, 0x70, 0x49, 0x6e, 0x67, 0x72, 0x65, 0x64,
	0x69, 0x65, 0x6e, 0x74, 0x52, 0x65, 0x73, 0x70, 0x6f, 0x6e, 0x73, 0x65, 0x12, 0x79, 0x0a, 0x18,
	0x47, 0x65, 0x74, 0x52, 0x65, 0x63, 0x69, 0x70, 0x65, 0x53, 0x74, 0x65, 0x70, 0x49, 0x6e, 0x67,
	0x72, 0x65, 0x64, 0x69, 0x65, 0x6e, 0x74, 0x73, 0x12, 0x2d, 0x2e, 0x6d, 0x65, 0x61, 0x6c, 0x70,
	0x6c, 0x61, 0x6e, 0x6e, 0x69, 0x6e, 0x67, 0x2e, 0x47, 0x65, 0x74, 0x52, 0x65, 0x63, 0x69, 0x70,
	0x65, 0x53, 0x74, 0x65, 0x70, 0x49, 0x6e, 0x67, 0x72, 0x65, 0x64, 0x69, 0x65, 0x6e, 0x74, 0x73,
	0x52, 0x65, 0x71, 0x75, 0x65, 0x73, 0x74, 0x1a, 0x2e, 0x2e, 0x6d, 0x65, 0x61, 0x6c, 0x70, 0x6c,
	0x61, 0x6e, 0x6e, 0x69, 0x6e, 0x67, 0x2e, 0x47, 0x65, 0x74, 0x52, 0x65, 0x63, 0x69, 0x70, 0x65,
	0x53, 0x74, 0x65, 0x70, 0x49, 0x6e, 0x67, 0x72, 0x65, 0x64, 0x69, 0x65, 0x6e, 0x74, 0x73, 0x52,
	0x65, 0x73, 0x70, 0x6f, 0x6e, 0x73, 0x65, 0x12, 0x76, 0x0a, 0x17, 0x47, 0x65, 0x74, 0x52, 0x65,
	0x63, 0x69, 0x70, 0x65, 0x53, 0x74, 0x65, 0x70, 0x49, 0x6e, 0x73, 0x74, 0x72, 0x75, 0x6d, 0x65,
	0x6e, 0x74, 0x12, 0x2c, 0x2e, 0x6d, 0x65, 0x61, 0x6c, 0x70, 0x6c, 0x61, 0x6e, 0x6e, 0x69, 0x6e,
	0x67, 0x2e, 0x47, 0x65, 0x74, 0x52, 0x65, 0x63, 0x69, 0x70, 0x65, 0x53, 0x74, 0x65, 0x70, 0x49,
	0x6e, 0x73, 0x74, 0x72, 0x75, 0x6d, 0x65, 0x6e, 0x74, 0x52, 0x65, 0x71, 0x75, 0x65, 0x73, 0x74,
	0x1a, 0x2d, 0x2e, 0x6d, 0x65, 0x61, 0x6c, 0x70, 0x6c, 0x61, 0x6e, 0x6e, 0x69, 0x6e, 0x67, 0x2e,
	0x47, 0x65, 0x74, 0x52, 0x65, 0x63, 0x69, 0x70, 0x65, 0x53, 0x74, 0x65, 0x70, 0x49, 0x6e, 0x73,
	0x74, 0x72, 0x75, 0x6d, 0x65, 0x6e, 0x74, 0x52, 0x65, 0x73, 0x70, 0x6f, 0x6e, 0x73, 0x65, 0x12,
	0x79, 0x0a, 0x18, 0x47, 0x65, 0x74, 0x52, 0x65, 0x63, 0x69, 0x70, 0x65, 0x53, 0x74, 0x65, 0x70,
	0x49, 0x6e, 0x73, 0x74, 0x72, 0x75, 0x6d, 0x65, 0x6e, 0x74, 0x73, 0x12, 0x2d, 0x2e, 0x6d, 0x65,
	0x61, 0x6c, 0x70, 0x6c, 0x61, 0x6e, 0x6e, 0x69, 0x6e, 0x67, 0x2e, 0x47, 0x65, 0x74, 0x52, 0x65,
	0x63, 0x69, 0x70, 0x65, 0x53, 0x74, 0x65, 0x70, 0x49, 0x6e, 0x73, 0x74, 0x72, 0x75, 0x6d, 0x65,
	0x6e, 0x74, 0x73, 0x52, 0x65, 0x71, 0x75, 0x65, 0x73, 0x74, 0x1a, 0x2e, 0x2e, 0x6d, 0x65, 0x61,
	0x6c, 0x70, 0x6c, 0x61, 0x6e, 0x6e, 0x69, 0x6e, 0x67, 0x2e, 0x47, 0x65, 0x74, 0x52, 0x65, 0x63,
	0x69, 0x70, 0x65, 0x53, 0x74, 0x65, 0x70, 0x49, 0x6e, 0x73, 0x74, 0x72, 0x75, 0x6d, 0x65, 0x6e,
	0x74, 0x73, 0x52, 0x65, 0x73, 0x70, 0x6f, 0x6e, 0x73, 0x65, 0x12, 0x6d, 0x0a, 0x14, 0x47, 0x65,
	0x74, 0x52, 0x65, 0x63, 0x69, 0x70, 0x65, 0x53, 0x74, 0x65, 0x70, 0x50, 0x72, 0x6f, 0x64, 0x75,
	0x63, 0x74, 0x12, 0x29, 0x2e, 0x6d, 0x65, 0x61, 0x6c, 0x70, 0x6c, 0x61, 0x6e, 0x6e, 0x69, 0x6e,
	0x67, 0x2e, 0x47, 0x65, 0x74, 0x52, 0x65, 0x63, 0x69, 0x70, 0x65, 0x53, 0x74, 0x65, 0x70, 0x50,
	0x72, 0x6f, 0x64, 0x75, 0x63, 0x74, 0x52, 0x65, 0x71, 0x75, 0x65, 0x73, 0x74, 0x1a, 0x2a, 0x2e,
	0x6d, 0x65, 0x61, 0x6c, 0x70, 0x6c, 0x61, 0x6e, 0x6e, 0x69, 0x6e, 0x67, 0x2e, 0x47, 0x65, 0x74,
	0x52, 0x65, 0x63, 0x69, 0x70, 0x65, 0x53, 0x74, 0x65, 0x70, 0x50, 0x72, 0x6f, 0x64, 0x75, 0x63,
	0x74, 0x52, 0x65, 0x73, 0x70, 0x6f, 0x6e, 0x73, 0x65, 0x12, 0x70, 0x0a, 0x15, 0x47, 0x65, 0x74,
	0x52, 0x65, 0x63, 0x69, 0x70, 0x65, 0x53, 0x74, 0x65, 0x70, 0x50, 0x72, 0x6f, 0x64, 0x75, 0x63,
	0x74, 0x73, 0x12, 0x2a, 0x2e, 0x6d, 0x65, 0x61, 0x6c, 0x70, 0x6c, 0x61, 0x6e, 0x6e, 0x69, 0x6e,
	0x67, 0x2e, 0x47, 0x65, 0x74, 0x52, 0x65, 0x63, 0x69, 0x70, 0x65, 0x53, 0x74, 0x65, 0x70, 0x50,
	0x72, 0x6f, 0x64, 0x75, 0x63, 0x74, 0x73, 0x52, 0x65, 0x71, 0x75, 0x65, 0x73, 0x74, 0x1a, 0x2b,
	0x2e, 0x6d, 0x65, 0x61, 0x6c, 0x70, 0x6c, 0x61, 0x6e, 0x6e, 0x69, 0x6e, 0x67, 0x2e, 0x47, 0x65,
	0x74, 0x52, 0x65, 0x63, 0x69, 0x70, 0x65, 0x53, 0x74, 0x65, 0x70, 0x50, 0x72, 0x6f, 0x64, 0x75,
	0x63, 0x74, 0x73, 0x52, 0x65, 0x73, 0x70, 0x6f, 0x6e, 0x73, 0x65, 0x12, 0x6a, 0x0a, 0x13, 0x47,
	0x65, 0x74, 0x52, 0x65, 0x63, 0x69, 0x70, 0x65, 0x53, 0x74, 0x65, 0x70, 0x56, 0x65, 0x73, 0x73,
	0x65, 0x6c, 0x12, 0x28, 0x2e, 0x6d, 0x65, 0x61, 0x6c, 0x70, 0x6c, 0x61, 0x6e, 0x6e, 0x69, 0x6e,
	0x67, 0x2e, 0x47, 0x65, 0x74, 0x52, 0x65, 0x63, 0x69, 0x70, 0x65, 0x53, 0x74, 0x65, 0x70, 0x56,
	0x65, 0x73, 0x73, 0x65, 0x6c, 0x52, 0x65, 0x71, 0x75, 0x65, 0x73, 0x74, 0x1a, 0x29, 0x2e, 0x6d,
	0x65, 0x61, 0x6c, 0x70, 0x6c, 0x61, 0x6e, 0x6e, 0x69, 0x6e, 0x67, 0x2e, 0x47, 0x65, 0x74, 0x52,
	0x65, 0x63, 0x69, 0x70, 0x65, 0x53, 0x74, 0x65, 0x70, 0x56, 0x65, 0x73, 0x73, 0x65, 0x6c, 0x52,
	0x65, 0x73, 0x70, 0x6f, 0x6e, 0x73, 0x65, 0x12, 0x6d, 0x0a, 0x14, 0x47, 0x65, 0x74, 0x52, 0x65,
	0x63, 0x69, 0x70, 0x65, 0x53, 0x74, 0x65, 0x70, 0x56, 0x65, 0x73, 0x73, 0x65, 0x6c, 0x73, 0x12,
	0x29, 0x2e, 0x6d, 0x65, 0x61, 0x6c, 0x70, 0x6c, 0x61, 0x6e, 0x6e, 0x69, 0x6e, 0x67, 0x2e, 0x47,
	0x65, 0x74, 0x52, 0x65, 0x63, 0x69, 0x70, 0x65, 0x53, 0x74, 0x65, 0x70, 0x56, 0x65, 0x73, 0x73,
	0x65, 0x6c, 0x73, 0x52, 0x65, 0x71, 0x75, 0x65, 0x73, 0x74, 0x1a, 0x2a, 0x2e, 0x6d, 0x65, 0x61,
	0x6c, 0x70, 0x6c, 0x61, 0x6e, 0x6e, 0x69, 0x6e, 0x67, 0x2e, 0x47, 0x65, 0x74, 0x52, 0x65, 0x63,
	0x69, 0x70, 0x65, 0x53, 0x74, 0x65, 0x70, 0x56, 0x65, 0x73, 0x73, 0x65, 0x6c, 0x73, 0x52, 0x65,
	0x73, 0x70, 0x6f, 0x6e, 0x73, 0x65, 0x12, 0x5b, 0x0a, 0x0e, 0x47, 0x65, 0x74, 0x52, 0x65, 0x63,
	0x69, 0x70, 0x65, 0x53, 0x74, 0x65, 0x70, 0x73, 0x12, 0x23, 0x2e, 0x6d, 0x65, 0x61, 0x6c, 0x70,
	0x6c, 0x61, 0x6e, 0x6e, 0x69, 0x6e, 0x67, 0x2e, 0x47, 0x65, 0x74, 0x52, 0x65, 0x63, 0x69, 0x70,
	0x65, 0x53, 0x74, 0x65, 0x70, 0x73, 0x52, 0x65, 0x71, 0x75, 0x65, 0x73, 0x74, 0x1a, 0x24, 0x2e,
	0x6d, 0x65, 0x61, 0x6c, 0x70, 0x6c, 0x61, 0x6e, 0x6e, 0x69, 0x6e, 0x67, 0x2e, 0x47, 0x65, 0x74,
	0x52, 0x65, 0x63, 0x69, 0x70, 0x65, 0x53, 0x74, 0x65, 0x70, 0x73, 0x52, 0x65, 0x73, 0x70, 0x6f,
	0x6e, 0x73, 0x65, 0x12, 0x5b, 0x0a, 0x0e, 0x47, 0x65, 0x74, 0x52, 0x65, 0x63, 0x69, 0x70, 0x65,
	0x4c, 0x69, 0x73, 0x74, 0x73, 0x12, 0x23, 0x2e, 0x6d, 0x65, 0x61, 0x6c, 0x70, 0x6c, 0x61, 0x6e,
	0x6e, 0x69, 0x6e, 0x67, 0x2e, 0x47, 0x65, 0x74, 0x52, 0x65, 0x63, 0x69, 0x70, 0x65, 0x4c, 0x69,
	0x73, 0x74, 0x73, 0x52, 0x65, 0x71, 0x75, 0x65, 0x73, 0x74, 0x1a, 0x24, 0x2e, 0x6d, 0x65, 0x61,
	0x6c, 0x70, 0x6c, 0x61, 0x6e, 0x6e, 0x69, 0x6e, 0x67, 0x2e, 0x47, 0x65, 0x74, 0x52, 0x65, 0x63,
	0x69, 0x70, 0x65, 0x4c, 0x69, 0x73, 0x74, 0x73, 0x52, 0x65, 0x73, 0x70, 0x6f, 0x6e, 0x73, 0x65,
	0x12, 0x4f, 0x0a, 0x0a, 0x47, 0x65, 0x74, 0x52, 0x65, 0x63, 0x69, 0x70, 0x65, 0x73, 0x12, 0x1f,
	0x2e, 0x6d, 0x65, 0x61, 0x6c, 0x70, 0x6c, 0x61, 0x6e, 0x6e, 0x69, 0x6e, 0x67, 0x2e, 0x47, 0x65,
	0x74, 0x52, 0x65, 0x63, 0x69, 0x70, 0x65, 0x73, 0x52, 0x65, 0x71, 0x75, 0x65, 0x73, 0x74, 0x1a,
	0x20, 0x2e, 0x6d, 0x65, 0x61, 0x6c, 0x70, 0x6c, 0x61, 0x6e, 0x6e, 0x69, 0x6e, 0x67, 0x2e, 0x47,
	0x65, 0x74, 0x52, 0x65, 0x63, 0x69, 0x70, 0x65, 0x73, 0x52, 0x65, 0x73, 0x70, 0x6f, 0x6e, 0x73,
	0x65, 0x12, 0x67, 0x0a, 0x12, 0x47, 0x65, 0x74, 0x56, 0x61, 0x6c, 0x69, 0x64, 0x49, 0x6e, 0x67,
	0x72, 0x65, 0x64, 0x69, 0x65, 0x6e, 0x74, 0x12, 0x27, 0x2e, 0x6d, 0x65, 0x61, 0x6c, 0x70, 0x6c,
	0x61, 0x6e, 0x6e, 0x69, 0x6e, 0x67, 0x2e, 0x47, 0x65, 0x74, 0x56, 0x61, 0x6c, 0x69, 0x64, 0x49,
	0x6e, 0x67, 0x72, 0x65, 0x64, 0x69, 0x65, 0x6e, 0x74, 0x52, 0x65, 0x71, 0x75, 0x65, 0x73, 0x74,
	0x1a, 0x28, 0x2e, 0x6d, 0x65, 0x61, 0x6c, 0x70, 0x6c, 0x61, 0x6e, 0x6e, 0x69, 0x6e, 0x67, 0x2e,
	0x47, 0x65, 0x74, 0x56, 0x61, 0x6c, 0x69, 0x64, 0x49, 0x6e, 0x67, 0x72, 0x65, 0x64, 0x69, 0x65,
	0x6e, 0x74, 0x52, 0x65, 0x73, 0x70, 0x6f, 0x6e, 0x73, 0x65, 0x12, 0x76, 0x0a, 0x17, 0x47, 0x65,
	0x74, 0x56, 0x61, 0x6c, 0x69, 0x64, 0x49, 0x6e, 0x67, 0x72, 0x65, 0x64, 0x69, 0x65, 0x6e, 0x74,
	0x47, 0x72, 0x6f, 0x75, 0x70, 0x12, 0x2c, 0x2e, 0x6d, 0x65, 0x61, 0x6c, 0x70, 0x6c, 0x61, 0x6e,
	0x6e, 0x69, 0x6e, 0x67, 0x2e, 0x47, 0x65, 0x74, 0x56, 0x61, 0x6c, 0x69, 0x64, 0x49, 0x6e, 0x67,
	0x72, 0x65, 0x64, 0x69, 0x65, 0x6e, 0x74, 0x47, 0x72, 0x6f, 0x75, 0x70, 0x52, 0x65, 0x71, 0x75,
	0x65, 0x73, 0x74, 0x1a, 0x2d, 0x2e, 0x6d, 0x65, 0x61, 0x6c, 0x70, 0x6c, 0x61, 0x6e, 0x6e, 0x69,
	0x6e, 0x67, 0x2e, 0x47, 0x65, 0x74, 0x56, 0x61, 0x6c, 0x69, 0x64, 0x49, 0x6e, 0x67, 0x72, 0x65,
	0x64, 0x69, 0x65, 0x6e, 0x74, 0x47, 0x72, 0x6f, 0x75, 0x70, 0x52, 0x65, 0x73, 0x70, 0x6f, 0x6e,
	0x73, 0x65, 0x12, 0x79, 0x0a, 0x18, 0x47, 0x65, 0x74, 0x56, 0x61, 0x6c, 0x69, 0x64, 0x49, 0x6e,
	0x67, 0x72, 0x65, 0x64, 0x69, 0x65, 0x6e, 0x74, 0x47, 0x72, 0x6f, 0x75, 0x70, 0x73, 0x12, 0x2d,
	0x2e, 0x6d, 0x65, 0x61, 0x6c, 0x70, 0x6c, 0x61, 0x6e, 0x6e, 0x69, 0x6e, 0x67, 0x2e, 0x47, 0x65,
	0x74, 0x56, 0x61, 0x6c, 0x69, 0x64, 0x49, 0x6e, 0x67, 0x72, 0x65, 0x64, 0x69, 0x65, 0x6e, 0x74,
	0x47, 0x72, 0x6f, 0x75, 0x70, 0x73, 0x52, 0x65, 0x71, 0x75, 0x65, 0x73, 0x74, 0x1a, 0x2e, 0x2e,
	0x6d, 0x65, 0x61, 0x6c, 0x70, 0x6c, 0x61, 0x6e, 0x6e, 0x69, 0x6e, 0x67, 0x2e, 0x47, 0x65, 0x74,
	0x56, 0x61, 0x6c, 0x69, 0x64, 0x49, 0x6e, 0x67, 0x72, 0x65, 0x64, 0x69, 0x65, 0x6e, 0x74, 0x47,
	0x72, 0x6f, 0x75, 0x70, 0x73, 0x52, 0x65, 0x73, 0x70, 0x6f, 0x6e, 0x73, 0x65, 0x12, 0x94, 0x01,
	0x0a, 0x21, 0x47, 0x65, 0x74, 0x56, 0x61, 0x6c, 0x69, 0x64, 0x49, 0x6e, 0x67, 0x72, 0x65, 0x64,
	0x69, 0x65, 0x6e, 0x74, 0x4d, 0x65, 0x61, 0x73, 0x75, 0x72, 0x65, 0x6d, 0x65, 0x6e, 0x74, 0x55,
	0x6e, 0x69, 0x74, 0x12, 0x36, 0x2e, 0x6d, 0x65, 0x61, 0x6c, 0x70, 0x6c, 0x61, 0x6e, 0x6e, 0x69,
	0x6e, 0x67, 0x2e, 0x47, 0x65, 0x74, 0x56, 0x61, 0x6c, 0x69, 0x64, 0x49, 0x6e, 0x67, 0x72, 0x65,
	0x64, 0x69, 0x65, 0x6e, 0x74, 0x4d, 0x65, 0x61, 0x73, 0x75, 0x72, 0x65, 0x6d, 0x65, 0x6e, 0x74,
	0x55, 0x6e, 0x69, 0x74, 0x52, 0x65, 0x71, 0x75, 0x65, 0x73, 0x74, 0x1a, 0x37, 0x2e, 0x6d, 0x65,
	0x61, 0x6c, 0x70, 0x6c, 0x61, 0x6e, 0x6e, 0x69, 0x6e, 0x67, 0x2e, 0x47, 0x65, 0x74, 0x56, 0x61,
	0x6c, 0x69, 0x64, 0x49, 0x6e, 0x67, 0x72, 0x65, 0x64, 0x69, 0x65, 0x6e, 0x74, 0x4d, 0x65, 0x61,
	0x73, 0x75, 0x72, 0x65, 0x6d, 0x65, 0x6e, 0x74, 0x55, 0x6e, 0x69, 0x74, 0x52, 0x65, 0x73, 0x70,
	0x6f, 0x6e, 0x73, 0x65, 0x12, 0x97, 0x01, 0x0a, 0x22, 0x47, 0x65, 0x74, 0x56, 0x61, 0x6c, 0x69,
	0x64, 0x49, 0x6e, 0x67, 0x72, 0x65, 0x64, 0x69, 0x65, 0x6e, 0x74, 0x4d, 0x65, 0x61, 0x73, 0x75,
	0x72, 0x65, 0x6d, 0x65, 0x6e, 0x74, 0x55, 0x6e, 0x69, 0x74, 0x73, 0x12, 0x37, 0x2e, 0x6d, 0x65,
	0x61, 0x6c, 0x70, 0x6c, 0x61, 0x6e, 0x6e, 0x69, 0x6e, 0x67, 0x2e, 0x47, 0x65, 0x74, 0x56, 0x61,
	0x6c, 0x69, 0x64, 0x49, 0x6e, 0x67, 0x72, 0x65, 0x64, 0x69, 0x65, 0x6e, 0x74, 0x4d, 0x65, 0x61,
	0x73, 0x75, 0x72, 0x65, 0x6d, 0x65, 0x6e, 0x74, 0x55, 0x6e, 0x69, 0x74, 0x73, 0x52, 0x65, 0x71,
	0x75, 0x65, 0x73, 0x74, 0x1a, 0x38, 0x2e, 0x6d, 0x65, 0x61, 0x6c, 0x70, 0x6c, 0x61, 0x6e, 0x6e,
	0x69, 0x6e, 0x67, 0x2e, 0x47, 0x65, 0x74, 0x56, 0x61, 0x6c, 0x69, 0x64, 0x49, 0x6e, 0x67, 0x72,
	0x65, 0x64, 0x69, 0x65, 0x6e, 0x74, 0x4d, 0x65, 0x61, 0x73, 0x75, 0x72, 0x65, 0x6d, 0x65, 0x6e,
	0x74, 0x55, 0x6e, 0x69, 0x74, 0x73, 0x52, 0x65, 0x73, 0x70, 0x6f, 0x6e, 0x73, 0x65, 0x12, 0xbb,
	0x01, 0x0a, 0x2e, 0x47, 0x65, 0x74, 0x56, 0x61, 0x6c, 0x69, 0x64, 0x49, 0x6e, 0x67, 0x72, 0x65,
	0x64, 0x69, 0x65, 0x6e, 0x74, 0x4d, 0x65, 0x61, 0x73, 0x75, 0x72, 0x65, 0x6d, 0x65, 0x6e, 0x74,
	0x55, 0x6e, 0x69, 0x74, 0x73, 0x42, 0x79, 0x49, 0x6e, 0x67, 0x72, 0x65, 0x64, 0x69, 0x65, 0x6e,
	0x74, 0x12, 0x43, 0x2e, 0x6d, 0x65, 0x61, 0x6c, 0x70, 0x6c, 0x61, 0x6e, 0x6e, 0x69, 0x6e, 0x67,
	0x2e, 0x47, 0x65, 0x74, 0x56, 0x61, 0x6c, 0x69, 0x64, 0x49, 0x6e, 0x67, 0x72, 0x65, 0x64, 0x69,
	0x65, 0x6e, 0x74, 0x4d, 0x65, 0x61, 0x73, 0x75, 0x72, 0x65, 0x6d, 0x65, 0x6e, 0x74, 0x55, 0x6e,
	0x69, 0x74, 0x73, 0x42, 0x79, 0x49, 0x6e, 0x67, 0x72, 0x65, 0x64, 0x69, 0x65, 0x6e, 0x74, 0x52,
	0x65, 0x71, 0x75, 0x65, 0x73, 0x74, 0x1a, 0x44, 0x2e, 0x6d, 0x65, 0x61, 0x6c, 0x70, 0x6c, 0x61,
	0x6e, 0x6e, 0x69, 0x6e, 0x67, 0x2e, 0x47, 0x65, 0x74, 0x56, 0x61, 0x6c, 0x69, 0x64, 0x49, 0x6e,
	0x67, 0x72, 0x65, 0x64, 0x69, 0x65, 0x6e, 0x74, 0x4d, 0x65, 0x61, 0x73, 0x75, 0x72, 0x65, 0x6d,
	0x65, 0x6e, 0x74, 0x55, 0x6e, 0x69, 0x74, 0x73, 0x42, 0x79, 0x49, 0x6e, 0x67, 0x72, 0x65, 0x64,
	0x69, 0x65, 0x6e, 0x74, 0x52, 0x65, 0x73, 0x70, 0x6f, 0x6e, 0x73, 0x65, 0x12, 0xca, 0x01, 0x0a,
	0x33, 0x47, 0x65, 0x74, 0x56, 0x61, 0x6c, 0x69, 0x64, 0x49, 0x6e, 0x67, 0x72, 0x65, 0x64, 0x69,
	0x65, 0x6e, 0x74, 0x4d, 0x65, 0x61, 0x73, 0x75, 0x72, 0x65, 0x6d, 0x65, 0x6e, 0x74, 0x55, 0x6e,
	0x69, 0x74, 0x73, 0x42, 0x79, 0x4d, 0x65, 0x61, 0x73, 0x75, 0x72, 0x65, 0x6d, 0x65, 0x6e, 0x74,
	0x55, 0x6e, 0x69, 0x74, 0x12, 0x48, 0x2e, 0x6d, 0x65, 0x61, 0x6c, 0x70, 0x6c, 0x61, 0x6e, 0x6e,
	0x69, 0x6e, 0x67, 0x2e, 0x47, 0x65, 0x74, 0x56, 0x61, 0x6c, 0x69, 0x64, 0x49, 0x6e, 0x67, 0x72,
	0x65, 0x64, 0x69, 0x65, 0x6e, 0x74, 0x4d, 0x65, 0x61, 0x73, 0x75, 0x72, 0x65, 0x6d, 0x65, 0x6e,
	0x74, 0x55, 0x6e, 0x69, 0x74, 0x73, 0x42, 0x79, 0x4d, 0x65, 0x61, 0x73, 0x75, 0x72, 0x65, 0x6d,
	0x65, 0x6e, 0x74, 0x55, 0x6e, 0x69, 0x74, 0x52, 0x65, 0x71, 0x75, 0x65, 0x73, 0x74, 0x1a, 0x49,
	0x2e, 0x6d, 0x65, 0x61, 0x6c, 0x70, 0x6c, 0x61, 0x6e, 0x6e, 0x69, 0x6e, 0x67, 0x2e, 0x47, 0x65,
	0x74, 0x56, 0x61, 0x6c, 0x69, 0x64, 0x49, 0x6e, 0x67, 0x72, 0x65, 0x64, 0x69, 0x65, 0x6e, 0x74,
	0x4d, 0x65, 0x61, 0x73, 0x75, 0x72, 0x65, 0x6d, 0x65, 0x6e, 0x74, 0x55, 0x6e, 0x69, 0x74, 0x73,
	0x42, 0x79, 0x4d, 0x65, 0x61, 0x73, 0x75, 0x72, 0x65, 0x6d, 0x65, 0x6e, 0x74, 0x55, 0x6e, 0x69,
	0x74, 0x52, 0x65, 0x73, 0x70, 0x6f, 0x6e, 0x73, 0x65, 0x12, 0x88, 0x01, 0x0a, 0x1d, 0x47, 0x65,
	0x74, 0x56, 0x61, 0x6c, 0x69, 0x64, 0x49, 0x6e, 0x67, 0x72, 0x65, 0x64, 0x69, 0x65, 0x6e, 0x74,
	0x50, 0x72, 0x65, 0x70, 0x61, 0x72, 0x61, 0x74, 0x69, 0x6f, 0x6e, 0x12, 0x32, 0x2e, 0x6d, 0x65,
	0x61, 0x6c, 0x70, 0x6c, 0x61, 0x6e, 0x6e, 0x69, 0x6e, 0x67, 0x2e, 0x47, 0x65, 0x74, 0x56, 0x61,
	0x6c, 0x69, 0x64, 0x49, 0x6e, 0x67, 0x72, 0x65, 0x64, 0x69, 0x65, 0x6e, 0x74, 0x50, 0x72, 0x65,
	0x70, 0x61, 0x72, 0x61, 0x74, 0x69, 0x6f, 0x6e, 0x52, 0x65, 0x71, 0x75, 0x65, 0x73, 0x74, 0x1a,
	0x33, 0x2e, 0x6d, 0x65, 0x61, 0x6c, 0x70, 0x6c, 0x61, 0x6e, 0x6e, 0x69, 0x6e, 0x67, 0x2e, 0x47,
	0x65, 0x74, 0x56, 0x61, 0x6c, 0x69, 0x64, 0x49, 0x6e, 0x67, 0x72, 0x65, 0x64, 0x69, 0x65, 0x6e,
	0x74, 0x50, 0x72, 0x65, 0x70, 0x61, 0x72, 0x61, 0x74, 0x69, 0x6f, 0x6e, 0x52, 0x65, 0x73, 0x70,
	0x6f, 0x6e, 0x73, 0x65, 0x12, 0x8b, 0x01, 0x0a, 0x1e, 0x47, 0x65, 0x74, 0x56, 0x61, 0x6c, 0x69,
	0x64, 0x49, 0x6e, 0x67, 0x72, 0x65, 0x64, 0x69, 0x65, 0x6e, 0x74, 0x50, 0x72, 0x65, 0x70, 0x61,
	0x72, 0x61, 0x74, 0x69, 0x6f, 0x6e, 0x73, 0x12, 0x33, 0x2e, 0x6d, 0x65, 0x61, 0x6c, 0x70, 0x6c,
	0x61, 0x6e, 0x6e, 0x69, 0x6e, 0x67, 0x2e, 0x47, 0x65, 0x74, 0x56, 0x61, 0x6c, 0x69, 0x64, 0x49,
	0x6e, 0x67, 0x72, 0x65, 0x64, 0x69, 0x65, 0x6e, 0x74, 0x50, 0x72, 0x65, 0x70, 0x61, 0x72, 0x61,
	0x74, 0x69, 0x6f, 0x6e, 0x73, 0x52, 0x65, 0x71, 0x75, 0x65, 0x73, 0x74, 0x1a, 0x34, 0x2e, 0x6d,
	0x65, 0x61, 0x6c, 0x70, 0x6c, 0x61, 0x6e, 0x6e, 0x69, 0x6e, 0x67, 0x2e, 0x47, 0x65, 0x74, 0x56,
	0x61, 0x6c, 0x69, 0x64, 0x49, 0x6e, 0x67, 0x72, 0x65, 0x64, 0x69, 0x65, 0x6e, 0x74, 0x50, 0x72,
	0x65, 0x70, 0x61, 0x72, 0x61, 0x74, 0x69, 0x6f, 0x6e, 0x73, 0x52, 0x65, 0x73, 0x70, 0x6f, 0x6e,
	0x73, 0x65, 0x12, 0xaf, 0x01, 0x0a, 0x2a, 0x47, 0x65, 0x74, 0x56, 0x61, 0x6c, 0x69, 0x64, 0x49,
	0x6e, 0x67, 0x72, 0x65, 0x64, 0x69, 0x65, 0x6e, 0x74, 0x50, 0x72, 0x65, 0x70, 0x61, 0x72, 0x61,
	0x74, 0x69, 0x6f, 0x6e, 0x73, 0x42, 0x79, 0x49, 0x6e, 0x67, 0x72, 0x65, 0x64, 0x69, 0x65, 0x6e,
	0x74, 0x12, 0x3f, 0x2e, 0x6d, 0x65, 0x61, 0x6c, 0x70, 0x6c, 0x61, 0x6e, 0x6e, 0x69, 0x6e, 0x67,
	0x2e, 0x47, 0x65, 0x74, 0x56, 0x61, 0x6c, 0x69, 0x64, 0x49, 0x6e, 0x67, 0x72, 0x65, 0x64, 0x69,
	0x65, 0x6e, 0x74, 0x50, 0x72, 0x65, 0x70, 0x61, 0x72, 0x61, 0x74, 0x69, 0x6f, 0x6e, 0x73, 0x42,
	0x79, 0x49, 0x6e, 0x67, 0x72, 0x65, 0x64, 0x69, 0x65, 0x6e, 0x74, 0x52, 0x65, 0x71, 0x75, 0x65,
	0x73, 0x74, 0x1a, 0x40, 0x2e, 0x6d, 0x65, 0x61, 0x6c, 0x70, 0x6c, 0x61, 0x6e, 0x6e, 0x69, 0x6e,
	0x67, 0x2e, 0x47, 0x65, 0x74, 0x56, 0x61, 0x6c, 0x69, 0x64, 0x49, 0x6e, 0x67, 0x72, 0x65, 0x64,
	0x69, 0x65, 0x6e, 0x74, 0x50, 0x72, 0x65, 0x70, 0x61, 0x72, 0x61, 0x74, 0x69, 0x6f, 0x6e, 0x73,
	0x42, 0x79, 0x49, 0x6e, 0x67, 0x72, 0x65, 0x64, 0x69, 0x65, 0x6e, 0x74, 0x52, 0x65, 0x73, 0x70,
	0x6f, 0x6e, 0x73, 0x65, 0x12, 0xb2, 0x01, 0x0a, 0x2b, 0x47, 0x65, 0x74, 0x56, 0x61, 0x6c, 0x69,
	0x64, 0x49, 0x6e, 0x67, 0x72, 0x65, 0x64, 0x69, 0x65, 0x6e, 0x74, 0x50, 0x72, 0x65, 0x70, 0x61,
	0x72, 0x61, 0x74, 0x69, 0x6f, 0x6e, 0x73, 0x42, 0x79, 0x50, 0x72, 0x65, 0x70, 0x61, 0x72, 0x61,
	0x74, 0x69, 0x6f, 0x6e, 0x12, 0x40, 0x2e, 0x6d, 0x65, 0x61, 0x6c, 0x70, 0x6c, 0x61, 0x6e, 0x6e,
	0x69, 0x6e, 0x67, 0x2e, 0x47, 0x65, 0x74, 0x56, 0x61, 0x6c, 0x69, 0x64, 0x49, 0x6e, 0x67, 0x72,
	0x65, 0x64, 0x69, 0x65, 0x6e, 0x74, 0x50, 0x72, 0x65, 0x70, 0x61, 0x72, 0x61, 0x74, 0x69, 0x6f,
	0x6e, 0x73, 0x42, 0x79, 0x50, 0x72, 0x65, 0x70, 0x61, 0x72, 0x61, 0x74, 0x69, 0x6f, 0x6e, 0x52,
	0x65, 0x71, 0x75, 0x65, 0x73, 0x74, 0x1a, 0x41, 0x2e, 0x6d, 0x65, 0x61, 0x6c, 0x70, 0x6c, 0x61,
	0x6e, 0x6e, 0x69, 0x6e, 0x67, 0x2e, 0x47, 0x65, 0x74, 0x56, 0x61, 0x6c, 0x69, 0x64, 0x49, 0x6e,
	0x67, 0x72, 0x65, 0x64, 0x69, 0x65, 0x6e, 0x74, 0x50, 0x72, 0x65, 0x70, 0x61, 0x72, 0x61, 0x74,
	0x69, 0x6f, 0x6e, 0x73, 0x42, 0x79, 0x50, 0x72, 0x65, 0x70, 0x61, 0x72, 0x61, 0x74, 0x69, 0x6f,
	0x6e, 0x52, 0x65, 0x73, 0x70, 0x6f, 0x6e, 0x73, 0x65, 0x12, 0x73, 0x0a, 0x16, 0x47, 0x65, 0x74,
	0x56, 0x61, 0x6c, 0x69, 0x64, 0x50, 0x72, 0x65, 0x70, 0x54, 0x61, 0x73, 0x6b, 0x43, 0x6f, 0x6e,
	0x66, 0x69, 0x67, 0x12, 0x2b, 0x2e, 0x6d, 0x65, 0x61, 0x6c, 0x70, 0x6c, 0x61, 0x6e, 0x6e, 0x69,
	0x6e, 0x67, 0x2e, 0x47, 0x65, 0x74, 0x56, 0x61, 0x6c, 0x69, 0x64, 0x50, 0x72, 0x65, 0x70, 0x54,
	0x61, 0x73, 0x6b, 0x43, 0x6f, 0x6e, 0x66, 0x69, 0x67, 0x52, 0x65, 0x71, 0x75, 0x65, 0x73, 0x74,
	0x1a, 0x2c, 0x2e, 0x6d, 0x65, 0x61, 0x6c, 0x70, 0x6c, 0x61, 0x6e, 0x6e, 0x69, 0x6e, 0x67, 0x2e,
	0x47, 0x65, 0x74, 0x56, 0x61, 0x6c, 0x69, 0x64, 0x50, 0x72, 0x65, 0x70, 0x54, 0x61, 0x73, 0x6b,
	0x43, 0x6f, 0x6e, 0x66, 0x69, 0x67, 0x52, 0x65, 0x73, 0x70, 0x6f, 0x6e, 0x73, 0x65, 0x12, 0x76,
	0x0a, 0x17, 0x47, 0x65, 0x74, 0x56, 0x61, 0x6c, 0x69, 0x64, 0x50, 0x72, 0x65, 0x70, 0x54, 0x61,
	0x73, 0x6b, 0x43, 0x6f, 0x6e, 0x66, 0x69, 0x67, 0x73, 0x12, 0x2c, 0x2e, 0x6d, 0x65, 0x61, 0x6c,
	0x70, 0x6c, 0x61, 0x6e, 0x6e, 0x69, 0x6e, 0x67, 0x2e, 0x47, 0x65, 0x74, 0x56, 0x61, 0x6c, 0x69,
	0x64, 0x50, 0x72, 0x65, 0x70, 0x54, 0x61, 0x73, 0x6b, 0x43, 0x6f, 0x6e, 0x66, 0x69, 0x67, 0x73,
	0x52, 0x65, 0x71, 0x75, 0x65, 0x73, 0x74, 0x1a, 0x2d, 0x2e, 0x6d, 0x65, 0x61, 0x6c, 0x70, 0x6c,
	0x61, 0x6e, 0x6e, 0x69, 0x6e, 0x67, 0x2e, 0x47, 0x65, 0x74, 0x56, 0x61, 0x6c, 0x69, 0x64, 0x50,
	0x72, 0x65, 0x70, 0x54, 0x61, 0x73, 0x6b, 0x43, 0x6f, 0x6e, 0x66, 0x69, 0x67, 0x73, 0x52, 0x65,
	0x73, 0x70, 0x6f, 0x6e, 0x73, 0x65, 0x12, 0x9a, 0x01, 0x0a, 0x23, 0x47, 0x65, 0x74, 0x56, 0x61,
	0x6c, 0x69, 0x64, 0x50, 0x72, 0x65, 0x70, 0x54, 0x61, 0x73, 0x6b, 0x43, 0x6f, 0x6e, 0x66, 0x69,
	0x67, 0x73, 0x42, 0x79, 0x49, 0x6e, 0x67, 0x72, 0x65, 0x64, 0x69, 0x65, 0x6e, 0x74, 0x12, 0x38,
	0x2e, 0x6d, 0x65, 0x61, 0x6c, 0x70, 0x6c, 0x61, 0x6e, 0x6e, 0x69, 0x6e, 0x67, 0x2e, 0x47, 0x65,
	0x74, 0x56, 0x61, 0x6c, 0x69, 0x64, 0x50, 0x72, 0x65, 0x70, 0x54, 0x61, 0x73, 0x6b, 0x43, 0x6f,
	0x6e, 0x66, 0x69, 0x67, 0x73, 0x42, 0x79, 0x49, 0x6e, 0x67, 0x72, 0x65, 0x64, 0x69, 0x65, 0x6e,
	0x74, 0x52, 0x65, 0x71, 0x75, 0x65, 0x73, 0x74, 0x1a, 0x39, 0x2e, 0x6d, 0x65, 0x61, 0x6c, 0x70,
	0x6c, 0x61, 0x6e, 0x6e, 0x69, 0x6e, 0x67, 0x2e, 0x47, 0x65, 0x74, 0x56, 0x61, 0x6c, 0x69, 0x64,
	0x50, 0x72, 0x65, 0x70, 0x54, 0x61, 0x73, 0x6b, 0x43, 0x6f, 0x6e, 0x66, 0x69, 0x67, 0x73, 0x42,
	0x79, 0x49, 0x6e, 0x67, 0x72, 0x65, 0x64, 0x69, 0x65, 0x6e, 0x74, 0x52, 0x65, 0x73, 0x70, 0x6f,
	0x6e, 0x73, 0x65, 0x12, 0x9d, 0x01, 0x0a, 0x24, 0x47, 0x65, 0x74, 0x56, 0x61, 0x6c, 0x69, 0x64,
	0x50, 0x72, 0x65, 0x70, 0x54, 0x61, 0x73, 0x6b, 0x43, 0x6f, 0x6e, 0x66, 0x69, 0x67, 0x73, 0x42,
	0x79, 0x50, 0x72, 0x65, 0x70, 0x61, 0x72, 0x61, 0x74, 0x69, 0x6f, 0x6e, 0x12, 0x39, 0x2e, 0x6d,
	0x65, 0x61, 0x6c, 0x70, 0x6c, 0x61, 0x6e, 0x6e, 0x69, 0x6e, 0x67, 0x2e, 0x47, 0x65, 0x74, 0x56,
	0x61, 0x6c, 0x69, 0x64, 0x50, 0x72, 0x65, 0x70, 0x54, 0x61, 0x73, 0x6b, 0x43, 0x6f, 0x6e, 0x66,
	0x69, 0x67, 0x73, 0x42, 0x79, 0x50, 0x72, 0x65, 0x70, 0x61, 0x72, 0x61, 0x74, 0x69, 0x6f, 0x6e,
	0x52, 0x65, 0x71, 0x75, 0x65, 0x73, 0x74, 0x1a, 0x3a, 0x2e, 0x6d, 0x65, 0x61, 0x6c, 0x70, 0x6c,
	0x61, 0x6e, 0x6e, 0x69, 0x6e, 0x67, 0x2e, 0x47, 0x65, 0x74, 0x56, 0x61, 0x6c, 0x69, 0x64, 0x50,
	0x72, 0x65, 0x70, 0x54, 0x61, 0x73, 0x6b, 0x43, 0x6f, 0x6e, 0x66, 0x69, 0x67, 0x73, 0x42, 0x79,
	0x50, 0x72, 0x65, 0x70, 0x61, 0x72, 0x61, 0x74, 0x69, 0x6f, 0x6e, 0x52, 0x65, 0x73, 0x70, 0x6f,
	0x6e, 0x73, 0x65, 0x12, 0xc4, 0x01, 0x0a, 0x31, 0x47, 0x65, 0x74, 0x56, 0x61, 0x6c, 0x69, 0x64,
	0x50, 0x72, 0x65, 0x70, 0x54, 0x61, 0x73, 0x6b, 0x43, 0x6f, 0x6e, 0x66, 0x69, 0x67, 0x73, 0x42,
	0x79, 0x49, 0x6e, 0x67, 0x72, 0x65, 0x64, 0x69, 0x65, 0x6e, 0x74, 0x41, 0x6e, 0x64, 0x50, 0x72,
	0x65, 0x70, 0x61, 0x72, 0x61, 0x74, 0x69, 0x6f, 0x6e, 0x12, 0x46, 0x2e, 0x6d, 0x65, 0x61, 0x6c,
	0x70, 0x6c, 0x61, 0x6e, 0x6e, 0x69, 0x6e, 0x67, 0x2e, 0x47, 0x65, 0x74, 0x56, 0x61, 0x6c, 0x69,
	0x64, 0x50, 0x72, 0x65, 0x70, 0x54, 0x61, 0x73, 0x6b, 0x43, 0x6f, 0x6e, 0x66, 0x69, 0x67, 0x73,
	0x42, 0x79, 0x49, 0x6e, 0x67, 0x72, 0x65, 0x64, 0x69, 0x65, 0x6e, 0x74, 0x41, 0x6e, 0x64, 0x50,
	0x72, 0x65, 0x70, 0x61, 0x72, 0x61, 0x74, 0x69, 0x6f, 0x6e, 0x52, 0x65, 0x71, 0x75, 0x65, 0x73,
	0x74, 0x1a, 0x47, 0x2e, 0x6d, 0x65, 0x61, 0x6c, 0x70, 0x6c, 0x61, 0x6e, 0x6e, 0x69, 0x6e, 0x67,
	0x2e, 0x47, 0x65, 0x74, 0x56, 0x61, 0x6c, 0x69, 0x64, 0x50, 0x72, 0x65, 0x70, 0x54, 0x61, 0x73,
	0x6b, 0x43, 0x6f, 0x6e, 0x66, 0x69, 0x67, 0x73, 0x42, 0x79, 0x49, 0x6e, 0x67, 0x72, 0x65, 0x64,
	0x69, 0x65, 0x6e, 0x74, 0x41, 0x6e, 0x64, 0x50, 0x72, 0x65, 0x70, 0x61, 0x72, 0x61, 0x74, 0x69,
	0x6f, 0x6e, 0x52, 0x65, 0x73, 0x70, 0x6f, 0x6e, 0x73, 0x65, 0x12, 0x76, 0x0a, 0x17, 0x47, 0x65,
	0x74, 0x56, 0x61, 0x6c, 0x69, 0x64, 0x49, 0x6e, 0x67, 0x72, 0x65, 0x64, 0x69, 0x65, 0x6e, 0x74,
	0x53, 0x74, 0x61, 0x74, 0x65, 0x12, 0x2c, 0x2e, 0x6d, 0x65, 0x61, 0x6c, 0x70, 0x6c, 0x61, 0x6e,
	0x6e, 0x69, 0x6e, 0x67, 0x2e, 0x47, 0x65, 0x74, 0x56, 0x61, 0x6c, 0x69, 0x64, 0x49, 0x6e, 0x67,
	0x72, 0x65, 0x64, 0x69, 0x65, 0x6e, 0x74, 0x53, 0x74, 0x61, 0x74, 0x65, 0x52, 0x65, 0x71, 0x75,
	0x65, 0x73, 0x74, 0x1a, 0x2d, 0x2e, 0x6d, 0x65, 0x61, 0x6c, 0x70, 0x6c, 0x61, 0x6e, 0x6e, 0x69,
	0x6e, 0x67, 0x2e, 0x47, 0x65, 0x74, 0x56, 0x61, 0x6c, 0x69, 0x64, 0x49, 0x6e, 0x67, 0x72, 0x65,
	0x64, 0x69, 0x65, 0x6e, 0x74, 0x53, 0x74, 0x61, 0x74, 0x65, 0x52, 0x65, 0x73, 0x70, 0x6f, 0x6e,
	0x73, 0x65, 0x12, 0x94, 0x01, 0x0a, 0x21, 0x47, 0x65, 0x74, 0x56, 0x61, 0x6c, 0x69, 0x64, 0x49,
	0x6e, 0x67, 0x72, 0x65, 0x64, 0x69, 0x65, 0x6e, 0x74, 0x53, 0x74, 0x61, 0x74, 0x65, 0x49, 0x6e,
	0x67, 0x72, 0x65, 0x64, 0x69, 0x65, 0x6e, 0x74, 0x12, 0x36, 0x2e, 0x6d, 0x65, 0x61, 0x6c, 0x70,
	0x6c, 0x61, 0x6e, 0x6e, 0x69, 0x6e, 0x67, 0x2e, 0x47, 0x65, 0x74, 0x56, 0x61, 0x6c, 0x69, 0x64,
	0x49, 0x6e, 0x67, 0x72, 0x65, 0x64, 0x69, 0x65, 0x6e, 0x74, 0x53, 0x74, 0x61, 0x74, 0x65, 0x49,
	0x6e, 0x67, 0x72, 0x65, 0x64, 0x69, 0x65, 0x6e, 0x74, 0x52, 0x65, 0x71, 0x75, 0x65, 0x73, 0x74,
	0x1a, 0x37, 0x2e, 0x6d, 0x65, 0x61, 0x6c, 0x70, 0x6c, 0x61, 0x6e, 0x6e, 0x69, 0x6e, 0x67, 0x2e,
	0x47, 0x65, 0x74, 0x56, 0x61, 0x6c, 0x69, 0x64, 0x49, 0x6e, 0x67, 0x72, 0x65, 0x64, 0x69, 0x65,
	0x6e, 0x74, 0x53, 0x74, 0x61, 0x74, 0x65, 0x49, 0x6e, 0x67, 0x72, 0x65, 0x64, 0x69, 0x65, 0x6e,
	0x74, 0x52, 0x65, 0x73, 0x70, 0x6f, 0x6e, 0x73, 0x65, 0x12, 0x97, 0x01, 0x0a, 0x22, 0x47, 0x65,
	0x74, 0x56, 0x61, 0x6c, 0x69, 0x64, 0x49, 0x6e, 0x67, 0x72, 0x65, 0x64, 0x69, 0x65, 0x6e, 0x74,
	0x53, 0x74, 0x61, 0x74, 0x65, 0x49, 0x6e, 0x67, 0x72, 0x65, 0x64, 0x69, 0x65, 0x6e, 0x74, 0x73,
	0x12, 0x37, 0x2e, 0x6d, 0x65, 0x61, 0x6c, 0x70, 0x6c, 0x61, 0x6e, 0x6e, 0x69, 0x6e, 0x67, 0x2e,
	0x47, 0x65, 0x74, 0x56, 0x61, 0x6c, 0x69, 0x64, 0x49, 0x6e, 0x67, 0x72, 0x65, 0x64, 0x69, 0x65,
	0x6e, 0x74, 0x53, 0x74, 0x61, 0x74, 0x65, 0x49, 0x6e, 0x67, 0x72, 0x65, 0x64, 0x69, 0x65, 0x6e,
	0x74, 0x73, 0x52, 0x65, 0x71, 0x75, 0x65, 0x73, 0x74, 0x1a, 0x38, 0x2e, 0x6d, 0x65, 0x61, 0x6c,
	0x70, 0x6c, 0x61, 0x6e, 0x6e, 0x69, 0x6e, 0x67, 0x2e, 0x47, 0x65, 0x74, 0x56, 0x61, 0x6c, 0x69,
	0x64, 0x49, 0x6e, 0x67, 0x72, 0x65, 0x64, 0x69, 0x65, 0x6e, 0x74, 0x53, 0x74, 0x61, 0x74, 0x65,
	0x49, 0x6e, 0x67, 0x72, 0x65, 0x64, 0x69, 0x65, 0x6e, 0x74, 0x73, 0x52, 0x65, 0x73, 0x70, 0x6f,
	0x6e, 0x73, 0x65, 0x12, 0xbb, 0x01, 0x0a, 0x2e, 0x47, 0x65, 0x74, 0x56, 0x61, 0x6c, 0x69, 0x64,
	0x49, 0x6e, 0x67, 0x72, 0x65, 0x64, 0x69, 0x65, 0x6e, 0x74, 0x53, 0x74, 0x61, 0x74, 0x65, 0x49,
	0x6e, 0x67, 0x72, 0x65, 0x64, 0x69, 0x65, 0x6e, 0x74, 0x73, 0x42, 0x79, 0x49, 0x6e, 0x67, 0x72,
	0x65, 0x64, 0x69, 0x65, 0x6e, 0x74, 0x12, 0x43, 0x2e, 0x6d, 0x65, 0x61, 0x6c, 0x70, 0x6c, 0x61,
	0x6e, 0x6e, 0x69, 0x6e, 0x67, 0x2e, 0x47, 0x65, 0x74, 0x56, 0x61, 0x6c, 0x69, 0x64, 0x49, 0x6e,
	0x67, 0x72, 0x65, 0x64, 0x69, 0x65, 0x6e, 0x74, 0x53, 0x74, 0x61, 0x74, 0x65, 0x49, 0x6e, 0x67,
	0x72, 0x65, 0x64, 0x69, 0x65, 0x6e, 0x74, 0x73, 0x42, 0x79, 0x49, 0x6e, 0x67, 0x72, 0x65, 0x64,
	0x69, 0x65, 0x6e, 0x74, 0x52, 0x65, 0x71, 0x75, 0x65, 0x73, 0x74, 0x1a, 0x44, 0x2e, 0x6d, 0x65,
	0x61, 0x6c, 0x70, 0x6c, 0x61, 0x6e, 0x6e, 0x69, 0x6e, 0x67, 0x2e, 0x47, 0x65, 0x74, 0x56, 0x61,
	0x6c, 0x69, 0x64, 0x49, 0x6e, 0x67, 0x72, 0x65, 0x64, 0x69, 0x65, 0x6e, 0x74, 0x53, 0x74, 0x61,
	0x74, 0x65, 0x49, 0x6e, 0x67, 0x72, 0x65, 0x64, 0x69, 0x65, 0x6e, 0x74, 0x73, 0x42, 0x79, 0x49,
	0x6e, 0x67, 0x72, 0x65, 0x64, 0x69, 0x65, 0x6e, 0x74, 0x52, 0x65, 0x73, 0x70, 0x6f, 0x6e, 0x73,
	0x65, 0x12, 0xca, 0x01, 0x0a, 0x33, 0x47, 0x65, 0x74, 0x56, 0x61, 0x6c, 0x69, 0x64, 0x49, 0x6e,
	0x67, 0x72, 0x65, 0x64, 0x69, 0x65, 0x6e, 0x74, 0x53, 0x74, 0x61, 0x74, 0x65, 0x49, 0x6e, 0x67,
	0x72, 0x65, 0x64, 0x69, 0x65, 0x6e, 0x74, 0x73, 0x42, 0x79, 0x49, 0x6e, 0x67, 0x72, 0x65, 0x64,
	0x69, 0x65, 0x6e, 0x74, 0x53, 0x74, 0x61, 0x74, 0x65, 0x12, 0x48, 0x2e, 0x6d, 0x65, 0x61, 0x6c,
	0x70, 0x6c, 0x61, 0x6e, 0x6e, 0x69, 0x6e, 0x67, 0x2e, 0x47, 0x65, 0x74, 0x56, 0x61, 0x6c, 0x69,
	0x64, 0x49, 0x6e, 0x67, 0x72, 0x65, 0x64, 0x69, 0x65, 0x6e, 0x74, 0x53, 0x74, 0x61, 0x74, 0x65,
	0x49, 0x6e, 0x67, 0x72, 0x65, 0x64, 0x69, 0x65, 0x6e, 0x74, 0x73, 0x42, 0x79, 0x49, 0x6e, 0x67,
	0x72, 0x65, 0x64, 0x69, 0x65, 0x6e, 0x74, 0x53, 0x74, 0x61, 0x74, 0x65, 0x52, 0x65, 0x71, 0x75,
	0x65, 0x73, 0x74, 0x1a, 0x49, 0x2e, 0x6d, 0x65, 0x61, 0x6c, 0x70, 0x6c, 0x61, 0x6e, 0x6e, 0x69,
	0x6e, 0x67, 0x2e, 0x47, 0x65, 0x74, 0x56, 0x61, 0x6c, 0x69, 0x64, 0x49, 0x6e, 0x67, 0x72, 0x65,
	0x64, 0x69, 0x65, 0x6e, 0x74, 0x53, 0x74, 0x61, 0x74, 0x65, 0x49, 0x6e, 0x67, 0x72, 0x65, 0x64,
	0x69, 0x65, 0x6e, 0x74, 0x73, 0x42, 0x79, 0x49, 0x6e, 0x67, 0x72, 0x65, 0x64, 0x69, 0x65, 0x6e,
	0x74, 0x53, 0x74, 0x61, 0x74, 0x65, 0x52, 0x65, 0x73, 0x70, 0x6f, 0x6e, 0x73, 0x65, 0x12, 0x79,
	0x0a, 0x18, 0x47, 0x65, 0x74, 0x56, 0x61, 0x6c, 0x69, 0x64, 0x49, 0x6e, 0x67, 0x72, 0x65, 0x64,
	0x69, 0x65, 0x6e, 0x74, 0x53, 0x74, 0x61, 0x74, 0x65, 0x73, 0x12, 0x2d, 0x2e, 0x6d, 0x65, 0x61,
	0x6c, 0x70, 0x6c, 0x61, 0x6e, 0x6e, 0x69, 0x6e, 0x67, 0x2e, 0x47, 0x65, 0x74, 0x56, 0x61, 0x6c,
	0x69, 0x64, 0x49, 0x6e, 0x67, 0x72, 0x65, 0x64, 0x69, 0x65, 0x6e, 0x74, 0x53, 0x74, 0x61, 0x74,
	0x65, 0x73, 0x52, 0x65, 0x71, 0x75, 0x65, 0x73, 0x74, 0x1a, 0x2e, 0x2e, 0x6d, 0x65, 0x61, 0x6c,
	0x70, 0x6c, 0x61, 0x6e, 0x6e, 0x69, 0x6e, 0x67, 0x2e, 0x47, 0x65, 0x74, 0x56, 0x61, 0x6c, 0x69,
	0x64, 0x49, 0x6e, 0x67, 0x72, 0x65, 0x64, 0x69, 0x65, 0x6e, 0x74, 0x53, 0x74, 0x61, 0x74, 0x65,
	0x73, 0x52, 0x65, 0x73, 0x70, 0x6f, 0x6e, 0x73, 0x65, 0x12, 0x6a, 0x0a, 0x13, 0x47, 0x65, 0x74,
	0x56, 0x61, 0x6c, 0x69, 0x64, 0x49, 0x6e, 0x67, 0x72, 0x65, 0x64, 0x69, 0x65, 0x6e, 0x74, 0x73,
	0x12, 0x28, 0x2e, 0x6d, 0x65, 0x61, 0x6c, 0x70, 0x6c, 0x61, 0x6e, 0x6e, 0x69, 0x6e, 0x67, 0x2e,
	0x47, 0x65, 0x74, 0x56, 0x61, 0x6c, 0x69, 0x64, 0x49, 0x6e, 0x67, 0x72, 0x65, 0x64, 0x69, 0x65,
	0x6e, 0x74, 0x73, 0x52, 0x65, 0x71, 0x75, 0x65, 0x73, 0x74, 0x1a, 0x29, 0x2e, 0x6d, 0x65, 0x61,
	0x6c, 0x70, 0x6c, 0x61, 0x6e, 0x6e, 0x69, 0x6e, 0x67, 0x2e, 0x47, 0x65, 0x74, 0x56, 0x61, 0x6c,
	0x69, 0x64, 0x49, 0x6e, 0x67, 0x72, 0x65, 0x64, 0x69, 0x65, 0x6e, 0x74, 0x73, 0x52, 0x65, 0x73,
	0x70, 0x6f, 0x6e, 0x73, 0x65, 0x12, 0x67, 0x0a, 0x12, 0x47, 0x65, 0x74, 0x56, 0x61, 0x6c, 0x69,
	0x64, 0x49, 0x6e, 0x73, 0x74, 0x72, 0x75, 0x6d, 0x65, 0x6e, 0x74, 0x12, 0x27, 0x2e, 0x6d, 0x65,
	0x61, 0x6c, 0x70, 0x6c, 0x61, 0x6e, 0x6e, 0x69, 0x6e, 0x67, 0x2e, 0x47, 0x65, 0x74, 0x56, 0x61,
	0x6c, 0x69, 0x64, 0x49, 0x6e, 0x73, 0x74, 0x72, 0x75, 0x6d, 0x65, 0x6e, 0x74, 0x52, 0x65, 0x71,
	0x75, 0x65, 0x73, 0x74, 0x1a, 0x28, 0x2e, 0x6d, 0x65, 0x61, 0x6c, 0x70, 0x6c, 0x61, 0x6e, 0x6e,
	0x69, 0x6e, 0x67, 0x2e, 0x47, 0x65, 0x74, 0x56, 0x61, 0x6c, 0x69, 0x64, 0x49, 0x6e, 0x73, 0x74,
	0x72, 0x75, 0x6d, 0x65, 0x6e, 0x74, 0x52, 0x65, 0x73, 0x70, 0x6f, 0x6e, 0x73, 0x65, 0x12, 0x6a,
	0x0a, 0x13, 0x47, 0x65, 0x74, 0x56, 0x61, 0x6c, 0x69, 0x64, 0x49, 0x6e, 0x73, 0x74, 0x72, 0x75,
	0x6d, 0x65, 0x6e, 0x74, 0x73, 0x12, 0x28, 0x2e, 0x6d, 0x65, 0x61, 0x6c, 0x70, 0x6c, 0x61, 0x6e,
	0x6e, 0x69, 0x6e, 0x67, 0x2e, 0x47, 0x65, 0x74, 0x56, 0x61, 0x6c, 0x69, 0x64, 0x49, 0x6e, 0x73,
	0x74, 0x72, 0x75, 0x6d, 0x65, 0x6e, 0x74, 0x73, 0x52, 0x65, 0x71, 0x75, 0x65, 0x73, 0x74, 0x1a,
	0x29, 0x2e, 0x6d, 0x65, 0x61, 0x6c, 0x70, 0x6c, 0x61, 0x6e, 0x6e, 0x69, 0x6e, 0x67, 0x2e, 0x47,
	0x65, 0x74, 0x56, 0x61, 0x6c, 0x69, 0x64, 0x49, 0x6e, 0x73, 0x74, 0x72, 0x75, 0x6d, 0x65, 0x6e,
	0x74, 0x73, 0x52, 0x65, 0x73, 0x70, 0x6f, 0x6e, 0x73, 0x65, 0x12, 0x76, 0x0a, 0x17, 0x47, 0x65,
	0x74, 0x56, 0x61, 0x6c, 0x69, 0x64, 0x4d, 0x65, 0x61, 0x73, 0x75, 0x72, 0x65, 0x6d, 0x65, 0x6e,
	0x74, 0x55, 0x6e, 0x69, 0x74, 0x12, 0x2c, 0x2e, 0x6d, 0x65, 0x61, 0x6c, 0x70, 0x6c, 0x61, 0x6e,
	0x6e, 0x69, 0x6e, 0x67, 0x2e, 0x47, 0x65, 0x74, 0x56, 0x61, 0x6c, 0x69, 0x64, 0x4d, 0x65, 0x61,
	0x73, 0x75, 0x72, 0x65, 0x6d, 0x65, 0x6e, 0x74, 0x55, 0x6e, 0x69, 0x74, 0x52, 0x65, 0x71, 0x75,
	0x65, 0x73, 0x74, 0x1a, 0x2d, 0x2e, 0x6d, 0x65, 0x61, 0x6c, 0x70, 0x6c, 0x61, 0x6e, 0x6e, 0x69,
	0x6e, 0x67, 0x2e, 0x47, 0x65, 0x74, 0x56, 0x61, 0x6c, 0x69, 0x64, 0x4d, 0x65, 0x61, 0x73, 0x75,
	0x72, 0x65, 0x6d, 0x65, 0x6e, 0x74, 0x55, 0x6e, 0x69, 0x74, 0x52, 0x65, 0x73, 0x70, 0x6f, 0x6e,
	0x73, 0x65, 0x12, 0x94, 0x01, 0x0a, 0x21, 0x47, 0x65, 0x74, 0x56, 0x61, 0x6c, 0x69, 0x64, 0x4d,
	0x65, 0x61, 0x73, 0x75, 0x72, 0x65, 0x6d, 0x65, 0x6e, 0x74, 0x55, 0x6e, 0x69, 0x74, 0x43, 0x6f,
	0x6e, 0x76, 0x65, 0x72, 0x73, 0x69, 0x6f, 0x6e, 0x12, 0x36, 0x2e, 0x6d, 0x65, 0x61, 0x6c, 0x70,
	0x6c, 0x61, 0x6e, 0x6e, 0x69, 0x6e, 0x67, 0x2e, 0x47, 0x65, 0x74, 0x56, 0x61, 0x6c, 0x69, 0x64,
	0x4d, 0x65, 0x61, 0x73, 0x75, 0x72, 0x65, 0x6d, 0x65, 0x6e, 0x74, 0x55, 0x6e, 0x69, 0x74, 0x43,
	0x6f, 0x6e, 0x76, 0x65, 0x72, 0x73, 0x69, 0x6f, 0x6e, 0x52, 0x65, 0x71, 0x75, 0x65, 0x73, 0x74,
	0x1a, 0x37, 0x2e, 0x6d, 0x65, 0x61, 0x6c, 0x70, 0x6c, 0x61, 0x6e, 0x6e, 0x69, 0x6e, 0x67, 0x2e,
	0x47, 0x65, 0x74, 0x56, 0x61, 0x6c, 0x69, 0x64, 0x4d, 0x65, 0x61, 0x73, 0x75, 0x72, 0x65, 0x6d,
	0x65, 0x6e, 0x74, 0x55, 0x6e, 0x69, 0x74, 0x43, 0x6f, 0x6e, 0x76, 0x65, 0x72, 0x73, 0x69, 0x6f,
	0x6e, 0x52, 0x65, 0x73, 0x70, 0x6f, 0x6e, 0x73, 0x65, 0x12, 0xac, 0x01, 0x0a, 0x29, 0x47, 0x65,
	0x74, 0x56, 0x61, 0x6c, 0x69, 0x64, 0x4d, 0x65, 0x61, 0x73, 0x75, 0x72, 0x65, 0x6d, 0x65, 0x6e,
	0x74, 0x55, 0x6e, 0x69, 0x74, 0x43, 0x6f, 0x6e, 0x76, 0x65, 0x72, 0x73, 0x69, 0x6f, 0x6e, 0x73,
	0x46, 0x6f, 0x72, 0x55, 0x6e, 0x69, 0x74, 0x12, 0x3e, 0x2e, 0x6d, 0x65, 0x61, 0x6c, 0x70, 0x6c,
	0x61, 0x6e, 0x6e, 0x69, 0x6e, 0x67, 0x2e, 0x47, 0x65, 0x74, 0x56, 0x61, 0x6c, 0x69, 0x64, 0x4d,
	0x65, 0x61, 0x73, 0x75, 0x72, 0x65, 0x6d, 0x65, 0x6e, 0x74, 0x55, 0x6e, 0x69, 0x74, 0x43, 0x6f,
	0x6e, 0x76, 0x65, 0x72, 0x73, 0x69, 0x6f, 0x6e, 0x73, 0x46, 0x6f, 0x72, 0x55, 0x6e, 0x69, 0x74,
	0x52, 0x65, 0x71, 0x75, 0x65, 0x73, 0x74, 0x1a, 0x3f, 0x2e, 0x6d, 0x65, 0x61, 0x6c, 0x70, 0x6c,
	0x61, 0x6e, 0x6e, 0x69, 0x6e, 0x67, 0x2e, 0x47, 0x65, 0x74, 0x56, 0x61, 0x6c, 0x69, 0x64, 0x4d,
	0x65, 0x61, 0x73, 0x75, 0x72, 0x65, 0x6d, 0x65, 0x6e, 0x74, 0x55, 0x6e, 0x69, 0x74, 0x43, 0x6f,
	0x6e, 0x76, 0x65, 0x72, 0x73, 0x69, 0x6f, 0x6e, 0x73, 0x46, 0x6f, 0x72, 0x55, 0x6e, 0x69, 0x74,
	0x52, 0x65, 0x73, 0x70, 0x6f, 0x6e, 0x73, 0x65, 0x12, 0xc1, 0x01, 0x0a, 0x30, 0x47, 0x65, 0x74,
	0x56, 0x61, 0x6c, 0x69, 0x64, 0x4d, 0x65, 0x61, 0x73, 0x75, 0x72, 0x65, 0x6d, 0x65, 0x6e, 0x74,
	0x55, 0x6e, 0x69, 0x74, 0x43, 0x6f, 0x6e, 0x76, 0x65, 0x72, 0x73, 0x69, 0x6f, 0x6e, 0x73, 0x46,
	0x6f, 0x72, 0x49, 0x6e, 0x67, 0x72, 0x65, 0x64, 0x69, 0x65, 0x6e, 0x74, 0x73, 0x12, 0x45, 0x2e,
	0x6d, 0x65, 0x61, 0x6c, 0x70, 0x6c, 0x61, 0x6e, 0x6e, 0x69, 0x6e, 0x67, 0x2e, 0x47, 0x65, 0x74,
	0x56, 0x61, 0x6c, 0x69, 0x64, 0x4d, 0x65, 0x61, 0x73, 0x75, 0x72, 0x65, 0x6d, 0x65, 0x6e, 0x74,
	0x55, 0x6e, 0x69, 0x74, 0x43, 0x6f, 0x6e, 0x76, 0x65, 0x72, 0x73, 0x69, 0x6f, 0x6e, 0x73, 0x46,
	0x6f, 0x72, 0x49, 0x6e, 0x67, 0x72, 0x65, 0x64, 0x69, 0x65, 0x6e, 0x74, 0x73, 0x52, 0x65, 0x71,
	0x75, 0x65, 0x73, 0x74, 0x1a, 0x46, 0x2e, 0x6d, 0x65, 0x61, 0x6c, 0x70, 0x6c, 0x61, 0x6e, 0x6e,
	0x69, 0x6e, 0x67, 0x2e, 0x47, 0x65, 0x74, 0x56, 0x61, 0x6c, 0x69, 0x64, 0x4d, 0x65, 0x61, 0x73,
	0x75, 0x72, 0x65, 0x6d, 0x65, 0x6e, 0x74, 0x55, 0x6e, 0x69, 0x74, 0x43, 0x6f, 0x6e, 0x76, 0x65,
	0x72, 0x73, 0x69, 0x6f, 0x6e, 0x73, 0x46, 0x6f, 0x72, 0x49, 0x6e, 0x67, 0x72, 0x65, 0x64, 0x69,
	0x65, 0x6e, 0x74, 0x73, 0x52, 0x65, 0x73, 0x70, 0x6f, 0x6e, 0x73, 0x65, 0x12, 0xa3, 0x01, 0x0a,
	0x26, 0x47, 0x65, 0x74, 0x4d, 0x65, 0x61, 0x73, 0x75, 0x72, 0x65, 0x6d, 0x65, 0x6e, 0x74, 0x55,
	0x6e, 0x69, 0x74, 0x43, 0x6f, 0x6e, 0x76, 0x65, 0x72, 0x73, 0x69, 0x6f, 0x6e, 0x4d, 0x69, 0x73,
	0x6d, 0x61, 0x74, 0x63, 0x68, 0x65, 0x73, 0x12, 0x3b, 0x2e, 0x6d, 0x65, 0x61, 0x6c, 0x70, 0x6c,
	0x61, 0x6e, 0x6e, 0x69, 0x6e, 0x67, 0x2e, 0x47, 0x65, 0x74, 0x4d, 0x65, 0x61, 0x73, 0x75, 0x72,
	0x65, 0x6d, 0x65, 0x6e, 0x74, 0x55, 0x6e, 0x69, 0x74, 0x43, 0x6f, 0x6e, 0x76, 0x65, 0x72, 0x73,
	0x69, 0x6f, 0x6e, 0x4d, 0x69, 0x73, 0x6d, 0x61, 0x74, 0x63, 0x68, 0x65, 0x73, 0x52, 0x65, 0x71,
	0x75, 0x65, 0x73, 0x74, 0x1a, 0x3c, 0x2e, 0x6d, 0x65, 0x61, 0x6c, 0x70, 0x6c, 0x61, 0x6e, 0x6e,
	0x69, 0x6e, 0x67, 0x2e, 0x47, 0x65, 0x74, 0x4d, 0x65, 0x61, 0x73, 0x75, 0x72, 0x65, 0x6d, 0x65,
	0x6e, 0x74, 0x55, 0x6e, 0x69, 0x74, 0x43, 0x6f, 0x6e, 0x76, 0x65, 0x72, 0x73, 0x69, 0x6f, 0x6e,
	0x4d, 0x69, 0x73, 0x6d, 0x61, 0x74, 0x63, 0x68, 0x65, 0x73, 0x52, 0x65, 0x73, 0x70, 0x6f, 0x6e,
	0x73, 0x65, 0x12, 0x79, 0x0a, 0x18, 0x47, 0x65, 0x74, 0x56, 0x61, 0x6c, 0x69, 0x64, 0x4d, 0x65,
	0x61, 0x73, 0x75, 0x72, 0x65, 0x6d, 0x65, 0x6e, 0x74, 0x55, 0x6e, 0x69, 0x74, 0x73, 0x12, 0x2d,
	0x2e, 0x6d, 0x65, 0x61, 0x6c, 0x70, 0x6c, 0x61, 0x6e, 0x6e, 0x69, 0x6e, 0x67, 0x2e, 0x47, 0x65,
	0x74, 0x56, 0x61, 0x6c, 0x69, 0x64, 0x4d, 0x65, 0x61, 0x73, 0x75, 0x72, 0x65, 0x6d, 0x65, 0x6e,
	0x74, 0x55, 0x6e, 0x69, 0x74, 0x73, 0x52, 0x65, 0x71, 0x75, 0x65, 0x73, 0x74, 0x1a, 0x2e, 0x2e,
	0x6d, 0x65, 0x61, 0x6c, 0x70, 0x6c, 0x61, 0x6e, 0x6e, 0x69, 0x6e, 0x67, 0x2e, 0x47, 0x65, 0x74,
	0x56, 0x61, 0x6c, 0x69, 0x64, 0x4d, 0x65, 0x61, 0x73, 0x75, 0x72, 0x65, 0x6d, 0x65, 0x6e, 0x74,
	0x55, 0x6e, 0x69, 0x74, 0x73, 0x52, 0x65, 0x73, 0x70, 0x6f, 0x6e, 0x73, 0x65, 0x12, 0x6a, 0x0a,
	0x13, 0x47, 0x65, 0x74, 0x56, 0x61, 0x6c, 0x69, 0x64, 0x50, 0x72, 0x65, 0x70, 0x61, 0x72, 0x61,
	0x74, 0x69, 0x6f, 0x6e, 0x12, 0x28, 0x2e, 0x6d, 0x65, 0x61, 0x6c, 0x70, 0x6c, 0x61, 0x6e, 0x6e,
	0x69, 0x6e, 0x67, 0x2e, 0x47, 0x65, 0x74, 0x56, 0x61, 0x6c, 0x69, 0x64, 0x50, 0x72, 0x65, 0x70,
	0x61, 0x72, 0x61, 0x74, 0x69, 0x6f, 0x6e, 0x52, 0x65, 0x71, 0x75, 0x65, 0x73, 0x74, 0x1a, 0x29,
	0x2e, 0x6d, 0x65, 0x61, 0x6c, 0x70, 0x6c, 0x61, 0x6e, 0x6e, 0x69, 0x6e, 0x67, 0x2e, 0x47, 0x65,
	0x74, 0x56, 0x61, 0x6c, 0x69, 0x64, 0x50, 0x72, 0x65, 0x70, 0x61, 0x72, 0x61, 0x74, 0x69, 0x6f,
	0x6e, 0x52, 0x65, 0x73, 0x70, 0x6f, 0x6e, 0x73, 0x65, 0x12, 0x88, 0x01, 0x0a, 0x1d, 0x47, 0x65,
	0x74, 0x56, 0x61, 0x6c, 0x69, 0x64, 0x50, 0x72, 0x65, 0x70, 0x61, 0x72, 0x61, 0x74, 0x69, 0x6f,
	0x6e, 0x49, 0x6e, 0x73, 0x74, 0x72, 0x75, 0x6d, 0x65, 0x6e, 0x74, 0x12, 0x32, 0x2e, 0x6d, 0x65,
	0x61, 0x6c, 0x70, 0x6c, 0x61, 0x6e, 0x6e, 0x69, 0x6e, 0x67, 0x2e, 0x47, 0x65, 0x74, 0x56, 0x61,
	0x6c, 0x69, 0x64, 0x50, 0x72, 0x65, 0x70, 0x61, 0x72, 0x61, 0x74, 0x69, 0x6f, 0x6e, 0x49, 0x6e,
	0x73, 0x74, 0x72, 0x75, 0x6d, 0x65, 0x6e, 0x74, 0x52, 0x65, 0x71, 0x75, 0x65, 0x73, 0x74, 0x1a,
	0x33, 0x2e, 0x6d, 0x65, 0x61, 0x6c, 0x70, 0x6c, 0x61, 0x6e, 0x6e, 0x69, 0x6e, 0x67, 0x2e, 0x47,
	0x65, 0x74, 0x56, 0x61, 0x6c, 0x69, 0x64, 0x50, 0x72, 0x65, 0x70, 0x61, 0x72, 0x61, 0x74, 0x69,
	0x6f, 0x6e, 0x49, 0x6e, 0x73, 0x74, 0x72, 0x75, 0x6d, 0x65, 0x6e, 0x74, 0x52, 0x65, 0x73, 0x70,
	0x6f, 0x6e, 0x73, 0x65, 0x12, 0x8b, 0x01, 0x0a, 0x1e, 0x47, 0x65, 0x74, 0x56, 0x61, 0x6c, 0x69,
	0x64, 0x50, 0x72, 0x65, 0x70, 0x61, 0x72, 0x61, 0x74, 0x69, 0x6f, 0x6e, 0x49, 0x6e, 0x73, 0x74,
	0x72, 0x75, 0x6d, 0x65, 0x6e, 0x74, 0x73, 0x12, 0x33, 0x2e, 0x6d, 0x65, 0x61, 0x6c, 0x70, 0x6c,
	0x61, 0x6e, 0x6e, 0x69, 0x6e, 0x67, 0x2e, 0x47, 0x65, 0x74, 0x56, 0x61, 0x6c, 0x69, 0x64, 0x50,
	0x72, 0x65, 0x70, 0x61, 0x72, 0x61, 0x74, 0x69, 0x6f, 0x6e, 0x49, 0x6e, 0x73, 0x74, 0x72, 0x75,
	0x6d, 0x65, 0x6e, 0x74, 0x73, 0x52, 0x65, 0x71, 0x75, 0x65, 0x73, 0x74, 0x1a, 0x34, 0x2e, 0x6d,
	0x65, 0x61, 0x6c, 0x70, 0x6c, 0x61, 0x6e, 0x6e, 0x69, 0x6e, 0x67, 0x2e, 0x47, 0x65, 0x74, 0x56,
	0x61, 0x6c, 0x69, 0x64, 0x50, 0x72, 0x65, 0x70, 0x61, 0x72, 0x61, 0x74, 0x69, 0x6f, 0x6e, 0x49,
	0x6e, 0x73, 0x74, 0x72, 0x75, 0x6d, 0x65, 0x6e, 0x74, 0x73, 0x52, 0x65, 0x73, 0x70, 0x6f, 0x6e,
	0x73, 0x65, 0x12, 0xaf, 0x01, 0x0a, 0x2a, 0x47, 0x65, 0x74, 0x56, 0x61, 0x6c, 0x69, 0x64, 0x50,
	0x72, 0x65, 0x70, 0x61, 0x72, 0x61, 0x74, 0x69, 0x6f, 0x6e, 0x49, 0x6e, 0x73, 0x74, 0x72, 0x75,
	0x6d, 0x65, 0x6e, 0x74, 0x73, 0x42, 0x79, 0x49, 0x6e, 0x73, 0x74, 0x72, 0x75, 0x6d, 0x65, 0x6e,
	0x74, 0x12, 0x3f, 0x2e, 0x6d, 0x65, 0x61, 0x6c, 0x70, 0x6c, 0x61, 0x6e, 0x6e, 0x69, 0x6e, 0x67,
	0x2e, 0x47, 0x65, 0x74, 0x56, 0x61, 0x6c, 0x69, 0x64, 0x50, 0x72, 0x65, 0x70, 0x61, 0x72, 0x61,
	0x74, 0x69, 0x6f, 0x6e, 0x49, 0x6e, 0x73, 0x74, 0x72, 0x75, 0x6d, 0x65, 0x6e, 0x74, 0x73, 0x42,
	0x79, 0x49, 0x6e, 0x73, 0x74, 0x72, 0x75, 0x6d, 0x65, 0x6e, 0x74, 0x52, 0x65, 0x71, 0x75, 0x65,
	0x73, 0x74, 0x1a, 0x40, 0x2e, 0x6d, 0x65, 0x61, 0x6c, 0x70, 0x6c, 0x61, 0x6e, 0x6e, 0x69, 0x6e,
	0x67, 0x2e, 0x47, 0x65, 0x74, 0x56, 0x61, 0x6c, 0x69, 0x64, 0x50, 0x72, 0x65, 0x70, 0x61, 0x72,
	0x61, 0x74, 0x69, 0x6f, 0x6e, 0x49, 0x6e, 0x73, 0x74, 0x72, 0x75, 0x6d, 0x65, 0x6e, 0x74, 0x73,
	0x42, 0x79, 0x49, 0x6e, 0x73, 0x74, 0x72, 0x75, 0x6d, 0x65, 0x6e, 0x74, 0x52, 0x65, 0x73, 0x70,
	0x6f, 0x6e, 0x73, 0x65, 0x12, 0xb2, 0x01, 0x0a, 0x2b, 0x47, 0x65, 0x74, 0x56, 0x61, 0x6c, 0x69,
	0x64, 0x50, 0x72, 0x65, 0x70, 0x61, 0x72, 0x61, 0x74, 0x69, 0x6f, 0x6e, 0x49, 0x6e, 0x73, 0x74,
	0x72, 0x75, 0x6d, 0x65, 0x6e, 0x74, 0x73, 0x42, 0x79, 0x50, 0x72, 0x65, 0x70, 0x61, 0x72, 0x61,
	0x74, 0x69, 0x6f, 0x6e, 0x12, 0x40, 0x2e, 0x6d, 0x65, 0x61, 0x6c, 0x70, 0x6c, 0x61, 0x6e, 0x6e,
	0x69, 0x6e, 0x67, 0x2e, 0x47, 0x65, 0x74, 0x56, 0x61, 0x6c, 0x69, 0x64, 0x50, 0x72, 0x65, 0x70,
	0x61, 0x72, 0x61, 0x74, 0x69, 0x6f, 0x6e, 0x49, 0x6e, 0x73, 0x74, 0x72, 0x75, 0x6d, 0x65, 0x6e,
	0x74, 0x73, 0x42, 0x79, 0x50, 0x72, 0x65, 0x70, 0x61, 0x72, 0x61, 0x74, 0x69, 0x6f, 0x6e, 0x52,
	0x65, 0x71, 0x75, 0x65, 0x73, 0x74, 0x1a, 0x41, 0x2e, 0x6d, 0x65, 0x61, 0x6c, 0x70, 0x6c, 0x61,
	0x6e, 0x6e, 0x69, 0x6e, 0x67, 0x2e, 0x47, 0x65, 0x74, 0x56, 0x61, 0x6c, 0x69, 0x64, 0x50, 0x72,
	0x65, 0x70, 0x61, 0x72, 0x61, 0x74, 0x69, 0x6f, 0x6e, 0x49, 0x6e, 0x73, 0x74, 0x72, 0x75, 0x6d,
	0x65, 0x6e, 0x74, 0x73, 0x42, 0x79, 0x50, 0x72, 0x65, 0x70, 0x61, 0x72, 0x61, 0x74, 0x69, 0x6f,
	0x6e, 0x52, 0x65, 0x73, 0x70, 0x6f, 0x6e, 0x73, 0x65, 0x12, 0x7c, 0x0a, 0x19, 0x47, 0x65, 0x74,
	0x56, 0x61, 0x6c, 0x69, 0x64, 0x50, 0x72, 0x65, 0x70, 0x61, 0x72, 0x61, 0x74, 0x69, 0x6f, 0x6e,
	0x56, 0x65, 0x73, 0x73, 0x65, 0x6c, 0x12, 0x2e, 0x2e, 0x6d, 0x65, 0x61, 0x6c, 0x70, 0x6c, 0x61,
	0x6e, 0x6e, 0x69, 0x6e, 0x67, 0x2e, 0x47, 0x65, 0x74, 0x56, 0x61, 0x6c, 0x69, 0x64, 0x50, 0x72,
	0x65, 0x70, 0x61, 0x72, 0x61, 0x74, 0x69, 0x6f, 0x6e, 0x56, 0x65, 0x73, 0x73, 0x65, 0x6c, 0x52,
	0x65, 0x71, 0x75, 0x65, 0x73, 0x74, 0x1a, 0x2f, 0x2e, 0x6d, 0x65, 0x61, 0x6c, 0x70, 0x6c, 0x61,
	0x6e, 0x6e, 0x69, 0x6e, 0x67, 0x2e, 0x47, 0x65, 0x74, 0x56, 0x61, 0x6c, 0x69, 0x64, 0x50, 0x72,
	0x65, 0x70, 0x61, 0x72, 0x61, 0x74, 0x69, 0x6f, 0x6e, 0x56, 0x65, 0x73, 0x73, 0x65, 0x6c, 0x52,
	0x65, 0x73, 0x70, 0x6f, 0x6e, 0x73, 0x65, 0x12, 0x7f, 0x0a, 0x1a, 0x47, 0x65, 0x74, 0x56, 0x61,
	0x6c, 0x69, 0x64, 0x50, 0x72, 0x65, 0x70, 0x61, 0x72, 0x61, 0x74, 0x69, 0x6f, 0x6e, 0x56, 0x65,
	0x73, 0x73, 0x65, 0x6c, 0x73, 0x12, 0x2f, 0x2e, 0x6d, 0x65, 0x61, 0x6c, 0x70, 0x6c, 0x61, 0x6e,
	0x6e, 0x69, 0x6e, 0x67, 0x2e, 0x47, 0x65, 0x74, 0x56, 0x61, 0x6c, 0x69, 0x64, 0x50, 0x72, 0x65,
	0x70, 0x61, 0x72, 0x61, 0x74, 0x69, 0x6f, 0x6e, 0x56, 0x65, 0x73, 0x73, 0x65, 0x6c, 0x73, 0x52,
	0x65, 0x71, 0x75, 0x65, 0x73, 0x74, 0x1a, 0x30, 0x2e, 0x6d, 0x65, 0x61, 0x6c, 0x70, 0x6c, 0x61,
	0x6e, 0x6e, 0x69, 0x6e, 0x67, 0x2e, 0x47, 0x65, 0x74, 0x56, 0x61, 0x6c, 0x69, 0x64, 0x50, 0x72,
	0x65, 0x70, 0x61, 0x72, 0x61, 0x74, 0x69, 0x6f, 0x6e, 0x56, 0x65, 0x73, 0x73, 0x65, 0x6c, 0x73,
	0x52, 0x65, 0x73, 0x70, 0x6f, 0x6e, 0x73, 0x65, 0x12, 0xa6, 0x01, 0x0a, 0x27, 0x47, 0x65, 0x74,
	0x56, 0x61, 0x6c, 0x69, 0x64, 0x50, 0x72, 0x65, 0x70, 0x61, 0x72, 0x61, 0x74, 0x69, 0x6f, 0x6e,
	0x56, 0x65, 0x73, 0x73, 0x65, 0x6c, 0x73, 0x42, 0x79, 0x50, 0x72, 0x65, 0x70, 0x61, 0x72, 0x61,
	0x74, 0x69, 0x6f, 0x6e, 0x12, 0x3c, 0x2e, 0x6d, 0x65, 0x61, 0x6c, 0x70, 0x6c, 0x61, 0x6e, 0x6e,
	0x69, 0x6e, 0x67, 0x2e, 0x47, 0x65, 0x74, 0x56, 0x61, 0x6c, 0x69, 0x64, 0x50, 0x72, 0x65, 0x70,
	0x61, 0x72, 0x61, 0x74, 0x69, 0x6f, 0x6e, 0x56, 0x65, 0x73, 0x73, 0x65, 0x6c, 0x73, 0x42, 0x79,
	0x50, 0x72, 0x65, 0x70, 0x61, 0x72, 0x61, 0x74, 0x69, 0x6f, 0x6e, 0x52, 0x65, 0x71, 0x75, 0x65,
	0x73, 0x74, 0x1a, 0x3d, 0x2e, 0x6d, 0x65, 0x61, 0x6c, 0x70, 0x6c, 0x61, 0x6e, 0x6e, 0x69, 0x6e,
	0x67, 0x2e, 0x47, 0x65, 0x74, 0x56, 0x61, 0x6c, 0x69, 0x64, 0x50, 0x72, 0x65, 0x70, 0x61, 0x72,
	0x61, 0x74, 0x69, 0x6f, 0x6e, 0x56, 0x65, 0x73, 0x73, 0x65, 0x6c, 0x73, 0x42, 0x79, 0x50, 0x72,
	0x65, 0x70, 0x61, 0x72, 0x61, 0x74, 0x69, 0x6f, 0x6e, 0x52, 0x65, 0x73, 0x70, 0x6f, 0x6e, 0x73,
	0x65, 0x12, 0x97, 0x01, 0x0a, 0x22, 0x47, 0x65, 0x74, 0x56, 0x61, 0x6c, 0x69, 0x64, 0x50, 0x72,
	0x65, 0x70, 0x61, 0x72, 0x61, 0x74, 0x69, 0x6f, 0x6e, 0x56, 0x65, 0x73, 0x73, 0x65, 0x6c, 0x73,
	0x42, 0x79, 0x56, 0x65, 0x73, 0x73, 0x65, 0x6c, 0x12, 0x37, 0x2e, 0x6d, 0x65, 0x61, 0x6c, 0x70,
	0x6c, 0x61, 0x6e, 0x6e, 0x69, 0x6e, 0x67, 0x2e, 0x47, 0x65, 0x74, 0x56, 0x61, 0x6c, 0x69, 0x64,
	0x50, 0x72, 0x65, 0x70, 0x61, 0x72, 0x61, 0x74, 0x69, 0x6f, 0x6e, 0x56, 0x65, 0x73, 0x73, 0x65,
	0x6c, 0x73, 0x42, 0x79, 0x56, 0x65, 0x73, 0x73, 0x65, 0x6c, 0x52, 0x65, 0x71, 0x75, 0x65, 0x73,
	0x74, 0x1a, 0x38, 0x2e, 0x6d, 0x65, 0x61, 0x6c, 0x70, 0x6c, 0x61, 0x6e, 0x6e, 0x69, 0x6e, 0x67,
	0x2e, 0x47, 0x65, 0x74, 0x56, 0x61, 0x6c, 0x69, 0x64, 0x50, 0x72, 0x65, 0x70, 0x61, 0x72, 0x61,
	0x74, 0x69, 0x6f, 0x6e, 0x56, 0x65, 0x73, 0x73, 0x65, 0x6c, 0x73, 0x42, 0x79, 0x56, 0x65, 0x73,
	0x73, 0x65, 0x6c, 0x52, 0x65, 0x73, 0x70, 0x6f, 0x6e, 0x73, 0x65, 0x12, 0x6d, 0x0a, 0x14, 0x47,
	0x65, 0x74, 0x56, 0x61, 0x6c, 0x69, 0x64, 0x50, 0x72, 0x65, 0x70, 0x61, 0x72, 0x61, 0x74, 0x69,
	0x6f, 0x6e, 0x73, 0x12, 0x29, 0x2e, 0x6d, 0x65, 0x61, 0x6c, 0x70, 0x6c, 0x61, 0x6e, 0x6e, 0x69,
	0x6e, 0x67, 0x2e, 0x47, 0x65, 0x74, 0x56, 0x61, 0x6c, 0x69, 0x64, 0x50, 0x72, 0x65, 0x70, 0x61,
	0x72, 0x61, 0x74, 0x69, 0x6f, 0x6e, 0x73, 0x52, 0x65, 0x71, 0x75, 0x65, 0x73, 0x74, 0x1a, 0x2a,
	0x2e, 0x6d, 0x65, 0x61, 0x6c, 0x70, 0x6c, 0x61, 0x6e, 0x6e, 0x69, 0x6e, 0x67, 0x2e, 0x47, 0x65,
	0x74, 0x56, 0x61, 0x6c, 0x69, 0x64, 0x50, 0x72, 0x65, 0x70, 0x61, 0x72, 0x61, 0x74, 0x69, 0x6f,
	0x6e, 0x73, 0x52, 0x65, 0x73, 0x70, 0x6f, 0x6e, 0x73, 0x65, 0x12, 0x5b, 0x0a, 0x0e, 0x47, 0x65,
	0x74, 0x56, 0x61, 0x6c, 0x69, 0x64, 0x56, 0x65, 0x73, 0x73, 0x65, 0x6c, 0x12, 0x23, 0x2e, 0x6d,
	0x65, 0x61, 0x6c, 0x70, 0x6c, 0x61, 0x6e, 0x6e, 0x69, 0x6e, 0x67, 0x2e, 0x47, 0x65, 0x74, 0x56,
	0x61, 0x6c, 0x69, 0x64, 0x56, 0x65, 0x73, 0x73, 0x65, 0x6c, 0x52, 0x65, 0x71, 0x75, 0x65, 0x73,
	0x74, 0x1a, 0x24, 0x2e, 0x6d, 0x65, 0x61, 0x6c, 0x70, 0x6c, 0x61, 0x6e, 0x6e, 0x69, 0x6e, 0x67,
	0x2e, 0x47, 0x65, 0x74, 0x56, 0x61, 0x6c, 0x69, 0x64, 0x56, 0x65, 0x73, 0x73, 0x65, 0x6c, 0x52,
	0x65, 0x73, 0x70, 0x6f, 0x6e, 0x73, 0x65, 0x12, 0x5e, 0x0a, 0x0f, 0x47, 0x65, 0x74, 0x56, 0x61,
	0x6c, 0x69, 0x64, 0x56, 0x65, 0x73, 0x73, 0x65, 0x6c, 0x73, 0x12, 0x24, 0x2e, 0x6d, 0x65, 0x61,
	0x6c, 0x70, 0x6c, 0x61, 0x6e, 0x6e, 0x69, 0x6e, 0x67, 0x2e, 0x47, 0x65, 0x74, 0x56, 0x61, 0x6c,
	0x69, 0x64, 0x56, 0x65, 0x73, 0x73, 0x65, 0x6c, 0x73, 0x52, 0x65, 0x71, 0x75, 0x65, 0x73, 0x74,
	0x1a, 0x25, 0x2e, 0x6d, 0x65, 0x61, 0x6c, 0x70, 0x6c, 0x61, 0x6e, 0x6e, 0x69, 0x6e, 0x67, 0x2e,
	0x47, 0x65, 0x74, 0x56, 0x61, 0x6c, 0x69, 0x64, 0x56, 0x65, 0x73, 0x73, 0x65, 0x6c, 0x73, 0x52,
	0x65, 0x73, 0x70, 0x6f, 0x6e, 0x73, 0x65, 0x12, 0x7c, 0x0a, 0x19, 0x52, 0x75, 0x6e, 0x46, 0x69,
	0x6e, 0x61, 0x6c, 0x69, 0x7a, 0x65, 0x4d, 0x65, 0x61, 0x6c, 0x50, 0x6c, 0x61, 0x6e, 0x57, 0x6f,
	0x72, 0x6b, 0x65, 0x72, 0x12, 0x2e, 0x2e, 0x6d, 0x65, 0x61, 0x6c, 0x70, 0x6c, 0x61, 0x6e, 0x6e,
	0x69, 0x6e, 0x67, 0x2e, 0x52, 0x75, 0x6e, 0x46, 0x69, 0x6e, 0x61, 0x6c, 0x69, 0x7a, 0x65, 0x4d,
	0x65, 0x61, 0x6c, 0x50, 0x6c, 0x61, 0x6e, 0x57, 0x6f, 0x72, 0x6b, 0x65, 0x72, 0x52, 0x65, 0x71,
	0x75, 0x65, 0x73, 0x74, 0x1a, 0x2f, 0x2e, 0x6d, 0x65, 0x61, 0x6c, 0x70, 0x6c, 0x61, 0x6e, 0x6e,
	0x69, 0x6e, 0x67, 0x2e, 0x52, 0x75, 0x6e, 0x46, 0x69, 0x6e, 0x61, 0x6c, 0x69, 0x7a, 0x65, 0x4d,
	0x65, 0x61, 0x6c, 0x50, 0x6c, 0x61, 0x6e, 0x57, 0x6f, 0x72, 0x6b, 0x65, 0x72, 0x52, 0x65, 0x73,
	0x70, 0x6f, 0x6e, 0x73, 0x65, 0x12, 0xa6, 0x01, 0x0a, 0x27, 0x52, 0x75, 0x6e, 0x4d, 0x65, 0x61,
	0x6c, 0x50, 0x6c, 0x61, 0x6e, 0x47, 0x72, 0x6f, 0x63, 0x65, 0x72, 0x79, 0x4c, 0x69, 0x73, 0x74,
	0x49, 0x6e, 0x69, 0x74, 0x69, 0x61, 0x6c, 0x69, 0x7a, 0x65, 0x72, 0x57, 0x6f, 0x72, 0x6b, 0x65,
	0x72, 0x12, 0x3c, 0x2e, 0x6d, 0x65, 0x61, 0x6c, 0x70, 0x6c, 0x61, 0x6e, 0x6e, 0x69, 0x6e, 0x67,
	0x2e, 0x52, 0x75, 0x6e, 0x4d, 0x65, 0x61, 0x6c, 0x50, 0x6c, 0x61, 0x6e, 0x47, 0x72, 0x6f, 0x63,
	0x65, 0x72, 0x79, 0x4c, 0x69, 0x73, 0x74, 0x49, 0x6e, 0x69, 0x74, 0x69, 0x61, 0x6c, 0x69, 0x7a,
	0x65, 0x72, 0x57, 0x6f, 0x72, 0x6b, 0x65, 0x72, 0x52, 0x65, 0x71, 0x75, 0x65, 0x73, 0x74, 0x1a,
	0x3d, 0x2e, 0x6d, 0x65, 0x61, 0x6c, 0x70, 0x6c, 0x61, 0x6e, 0x6e, 0x69, 0x6e, 0x67, 0x2e, 0x52,
	0x75, 0x6e, 0x4d, 0x65, 0x61, 0x6c, 0x50, 0x6c, 0x61, 0x6e, 0x47, 0x72, 0x6f, 0x63, 0x65, 0x72,
	0x79, 0x4c, 0x69, 0x73, 0x74, 0x49, 0x6e, 0x69, 0x74, 0x69, 0x61, 0x6c, 0x69, 0x7a, 0x65, 0x72,
	0x57, 0x6f, 0x72, 0x6b, 0x65, 0x72, 0x52, 0x65, 0x73, 0x70, 0x6f, 0x6e, 0x73, 0x65, 0x12, 0x85,
	0x01, 0x0a, 0x1c, 0x52, 0x75, 0x6e, 0x4d, 0x65, 0x61, 0x6c, 0x50, 0x6c, 0x61, 0x6e, 0x54, 0x61,
	0x73, 0x6b, 0x43, 0x72, 0x65, 0x61, 0x74, 0x6f, 0x72, 0x57, 0x6f, 0x72, 0x6b, 0x65, 0x72, 0x12,
	0x31, 0x2e, 0x6d, 0x65, 0x61, 0x6c, 0x70, 0x6c, 0x61, 0x6e, 0x6e, 0x69, 0x6e, 0x67, 0x2e, 0x52,
	0x75, 0x6e, 0x4d, 0x65, 0x61, 0x6c, 0x50, 0x6c, 0x61, 0x6e, 0x54, 0x61, 0x73, 0x6b, 0x43, 0x72,
	0x65, 0x61, 0x74, 0x6f, 0x72, 0x57, 0x6f, 0x72, 0x6b, 0x65, 0x72, 0x52, 0x65, 0x71, 0x75, 0x65,
	0x73, 0x74, 0x1a, 0x32, 0x2e, 0x6d, 0x65, 0x61, 0x6c, 0x70, 0x6c, 0x61, 0x6e, 0x6e, 0x69, 0x6e,
	0x67, 0x2e, 0x52, 0x75, 0x6e, 0x4d, 0x65, 0x61, 0x6c, 0x50, 0x6c, 0x61, 0x6e, 0x54, 0x61, 0x73,
	0x6b, 0x43, 0x72, 0x65, 0x61, 0x74, 0x6f, 0x72, 0x57, 0x6f, 0x72, 0x6b, 0x65, 0x72, 0x52, 0x65,
	0x73, 0x70, 0x6f, 0x6e, 0x73, 0x65, 0x12, 0x5b, 0x0a, 0x0e, 0x53, 0x65, 0x61, 0x72, 0x63, 0x68,
	0x46, 0x6f, 0x72, 0x4d, 0x65, 0x61, 0x6c, 0x73, 0x12, 0x23, 0x2e, 0x6d, 0x65, 0x61, 0x6c, 0x70,
	0x6c, 0x61, 0x6e, 0x6e, 0x69, 0x6e, 0x67, 0x2e, 0x53, 0x65, 0x61, 0x72, 0x63, 0x68, 0x46, 0x6f,
	0x72, 0x4d, 0x65, 0x61, 0x6c, 0x73, 0x52, 0x65, 0x71, 0x75, 0x65, 0x73, 0x74, 0x1a, 0x24, 0x2e,
	0x6d, 0x65, 0x61, 0x6c, 0x70, 0x6c, 0x61, 0x6e, 0x6e, 0x69, 0x6e, 0x67, 0x2e, 0x53, 0x65, 0x61,
	0x72, 0x63, 0x68, 0x46, 0x6f, 0x72, 0x4d, 0x65, 0x61, 0x6c, 0x73, 0x52, 0x65, 0x73, 0x70, 0x6f,
	0x6e, 0x73, 0x65, 0x12, 0x61, 0x0a, 0x10, 0x53, 0x65, 0x61, 0x72, 0x63, 0x68, 0x46, 0x6f, 0x72,
	0x52, 0x65, 0x63, 0x69, 0x70, 0x65, 0x73, 0x12, 0x25, 0x2e, 0x6d, 0x65, 0x61, 0x6c, 0x70, 0x6c,
	0x61, 0x6e, 0x6e, 0x69, 0x6e, 0x67, 0x2e, 0x53, 0x65, 0x61, 0x72, 0x63, 0x68, 0x46, 0x6f, 0x72,
	0x52, 0x65, 0x63, 0x69, 0x70, 0x65, 0x73, 0x52, 0x65, 0x71, 0x75, 0x65, 0x73, 0x74, 0x1a, 0x26,
	0x2e, 0x6d, 0x65, 0x61, 0x6c, 0x70, 0x6c, 0x61, 0x6e, 0x6e, 0x69, 0x6e, 0x67, 0x2e, 0x53, 0x65,
	0x61, 0x72, 0x63, 0x68, 0x46, 0x6f, 0x72, 0x52, 0x65, 0x63, 0x69, 0x70, 0x65, 0x73, 0x52, 0x65,
	0x73, 0x70, 0x6f, 0x6e, 0x73, 0x65, 0x12, 0x85, 0x01, 0x0a, 0x1c, 0x53, 0x65, 0x61, 0x72, 0x63,
	0x68, 0x46, 0x6f, 0x72, 0x4d, 0x65, 0x61, 0x6c, 0x45, 0x6c, 0x69, 0x67, 0x69, 0x62, 0x6c, 0x65,
	0x52, 0x65, 0x63, 0x69, 0x70, 0x65, 0x73, 0x12, 0x31, 0x2e, 0x6d, 0x65, 0x61, 0x6c, 0x70, 0x6c,
	0x61, 0x6e, 0x6e, 0x69, 0x6e, 0x67, 0x2e, 0x53, 0x65, 0x61, 0x72, 0x63, 0x68, 0x46, 0x6f, 0x72,
	0x4d, 0x65, 0x61, 0x6c, 0x45, 0x6c, 0x69, 0x67, 0x69, 0x62, 0x6c, 0x65, 0x52, 0x65, 0x63, 0x69,
	0x70, 0x65, 0x73, 0x52, 0x65, 0x71, 0x75, 0x65, 0x73, 0x74, 0x1a, 0x32, 0x2e, 0x6d, 0x65, 0x61,
	0x6c, 0x70, 0x6c, 0x61, 0x6e, 0x6e, 0x69, 0x6e, 0x67, 0x2e, 0x53, 0x65, 0x61, 0x72, 0x63, 0x68,
	0x46, 0x6f, 0x72, 0x4d, 0x65, 0x61, 0x6c, 0x45, 0x6c, 0x69, 0x67, 0x69, 0x62, 0x6c, 0x65, 0x52,
	0x65, 0x63, 0x69, 0x70, 0x65, 0x73, 0x52, 0x65, 0x73, 0x70, 0x6f, 0x6e, 0x73, 0x65, 0x12, 0xa6,
	0x01, 0x0a, 0x27, 0x53, 0x65, 0x61, 0x72, 0x63, 0x68, 0x46, 0x6f, 0x72, 0x52, 0x65, 0x63, 0x69,
	0x70, 0x65, 0x73, 0x57, 0x69, 0x74, 0x68, 0x49, 0x6e, 0x73, 0x74, 0x72, 0x75, 0x6d, 0x65, 0x6e,
	0x74, 0x4f, 0x77, 0x6e, 0x65, 0x72, 0x73, 0x68, 0x69, 0x70, 0x12, 0x3c, 0x2e, 0x6d, 0x65, 0x61,
	0x6c, 0x70, 0x6c, 0x61, 0x6e, 0x6e, 0x69, 0x6e, 0x67, 0x2e, 0x53, 0x65, 0x61, 0x72, 0x63, 0x68,
	0x46, 0x6f, 0x72, 0x52, 0x65, 0x63, 0x69, 0x70, 0x65, 0x73, 0x57, 0x69, 0x74, 0x68, 0x49, 0x6e,
	0x73, 0x74, 0x72, 0x75, 0x6d, 0x65, 0x6e, 0x74, 0x4f, 0x77, 0x6e, 0x65, 0x72, 0x73, 0x68, 0x69,
	0x70, 0x52, 0x65, 0x71, 0x75, 0x65, 0x73, 0x74, 0x1a, 0x3d, 0x2e, 0x6d, 0x65, 0x61, 0x6c, 0x70,
	0x6c, 0x61, 0x6e, 0x6e, 0x69, 0x6e, 0x67, 0x2e, 0x53, 0x65, 0x61, 0x72, 0x63, 0x68, 0x46, 0x6f,
	0x72, 0x52, 0x65, 0x63, 0x69, 0x70, 0x65, 0x73, 0x57, 0x69, 0x74, 0x68, 0x49, 0x6e, 0x73, 0x74,
	0x72, 0x75, 0x6d, 0x65, 0x6e, 0x74, 0x4f, 0x77, 0x6e, 0x65, 0x72, 0x73, 0x68, 0x69, 0x70, 0x52,
	0x65, 0x73, 0x70, 0x6f, 0x6e, 0x73, 0x65, 0x12, 0x8b, 0x01, 0x0a, 0x1e, 0x53, 0x65, 0x61, 0x72,
	0x63, 0x68, 0x46, 0x6f, 0x72, 0x56, 0x61, 0x6c, 0x69, 0x64, 0x49, 0x6e, 0x67, 0x72, 0x65, 0x64,
	0x69, 0x65, 0x6e, 0x74, 0x47, 0x72, 0x6f, 0x75, 0x70, 0x73, 0x12, 0x33, 0x2e, 0x6d, 0x65, 0x61,
	0x6c, 0x70, 0x6c, 0x61, 0x6e, 0x6e, 0x69, 0x6e, 0x67, 0x2e, 0x53, 0x65, 0x61, 0x72, 0x63, 0x68,
	0x46, 0x6f, 0x72, 0x56, 0x61, 0x6c, 0x69, 0x64, 0x49, 0x6e, 0x67, 0x72, 0x65, 0x64, 0x69, 0x65,
	0x6e, 0x74, 0x47, 0x72, 0x6f, 0x75, 0x70, 0x73, 0x52, 0x65, 0x71, 0x75, 0x65, 0x73, 0x74, 0x1a,
	0x34, 0x2e, 0x6d, 0x65, 0x61, 0x6c, 0x70, 0x6c, 0x61, 0x6e, 0x6e, 0x69, 0x6e, 0x67, 0x2e, 0x53,
	0x65, 0x61, 0x72, 0x63, 0x68, 0x46, 0x6f, 0x72, 0x56, 0x61, 0x6c, 0x69, 0x64, 0x49, 0x6e, 0x67,
	0x72, 0x65, 0x64, 0x69, 0x65, 0x6e, 0x74, 0x47, 0x72, 0x6f, 0x75, 0x70, 0x73, 0x52, 0x65, 0x73,
	0x70, 0x6f, 0x6e, 0x73, 0x65, 0x12, 0x8b, 0x01, 0x0a, 0x1e, 0x53, 0x65, 0x61, 0x72, 0x63, 0x68,
	0x46, 0x6f, 0x72, 0x56, 0x61, 0x6c, 0x69, 0x64, 0x49, 0x6e, 0x67, 0x72, 0x65, 0x64, 0x69, 0x65,
	0x6e, 0x74, 0x53, 0x74, 0x61, 0x74, 0x65, 0x73, 0x12, 0x33, 0x2e, 0x6d, 0x65, 0x61, 0x6c, 0x70,
	0x6c, 0x61, 0x6e, 0x6e, 0x69, 0x6e, 0x67, 0x2e, 0x53, 0x65, 0x61, 0x72, 0x63, 0x68, 0x46, 0x6f,
	0x72, 0x56, 0x61, 0x6c, 0x69, 0x64, 0x49, 0x6e, 0x67, 0x72, 0x65, 0x64, 0x69, 0x65, 0x6e, 0x74,
	0x53, 0x74, 0x61, 0x74, 0x65, 0x73, 0x52, 0x65, 0x71, 0x75, 0x65, 0x73, 0x74, 0x1a, 0x34, 0x2e,
	0x6d, 0x65, 0x61, 0x6c, 0x70, 0x6c, 0x61, 0x6e, 0x6e, 0x69, 0x6e, 0x67, 0x2e, 0x53, 0x65, 0x61,
	0x72, 0x63, 0x68, 0x46, 0x6f, 0x72, 0x56, 0x61, 0x6c, 0x69, 0x64, 0x49, 0x6e, 0x67, 0x72, 0x65,
	0x64, 0x69, 0x65, 0x6e, 0x74, 0x53, 0x74, 0x61, 0x74, 0x65, 0x73, 0x52, 0x65, 0x73, 0x70, 0x6f,
	0x6e, 0x73, 0x65, 0x12, 0x7c, 0x0a, 0x19, 0x53, 0x65, 0x61, 0x72, 0x63, 0x68, 0x46, 0x6f, 0x72,
	0x56, 0x61, 0x6c, 0x69, 0x64, 0x49, 0x6e, 0x67, 0x72, 0x65, 0x64, 0x69, 0x65, 0x6e, 0x74, 0x73,
	0x12, 0x2e, 0x2e, 0x6d, 0x65, 0x61, 0x6c, 0x70, 0x6c, 0x61, 0x6e, 0x6e, 0x69, 0x6e, 0x67, 0x2e,
	0x53, 0x65, 0x61, 0x72, 0x63, 0x68, 0x46, 0x6f, 0x72, 0x56, 0x61, 0x6c, 0x69, 0x64, 0x49, 0x6e,
	0x67, 0x72, 0x65, 0x64, 0x69, 0x65, 0x6e, 0x74, 0x73, 0x52, 0x65, 0x71, 0x75, 0x65, 0x73, 0x74,
	0x1a, 0x2f, 0x2e, 0x6d, 0x65, 0x61, 0x6c, 0x70, 0x6c, 0x61, 0x6e, 0x6e, 0x69, 0x6e, 0x67, 0x2e,
	0x53, 0x65, 0x61, 0x72, 0x63, 0x68, 0x46, 0x6f, 0x72, 0x56, 0x61, 0x6c, 0x69, 0x64, 0x49, 0x6e,
	0x67, 0x72, 0x65, 0x64, 0x69, 0x65, 0x6e, 0x74, 0x73, 0x52, 0x65, 0x73, 0x70, 0x6f, 0x6e, 0x73,
	0x65, 0x12, 0x7c, 0x0a, 0x19, 0x53, 0x65, 0x61, 0x72, 0x63, 0x68, 0x46, 0x6f, 0x72, 0x56, 0x61,
	0x6c, 0x69, 0x64, 0x49, 0x6e, 0x73, 0x74, 0x72, 0x75, 0x6d, 0x65, 0x6e, 0x74, 0x73, 0x12, 0x2e,
	0x2e, 0x6d, 0x65, 0x61, 0x6c, 0x70, 0x6c, 0x61, 0x6e, 0x6e, 0x69, 0x6e, 0x67, 0x2e, 0x53, 0x65,
	0x61, 0x72, 0x63, 0x68, 0x46, 0x6f, 0x72, 0x56, 0x61, 0x6c, 0x69, 0x64, 0x49, 0x6e, 0x73, 0x74,
	0x72, 0x75, 0x6d, 0x65, 0x6e, 0x74, 0x73, 0x52, 0x65, 0x71, 0x75, 0x65, 0x73, 0x74, 0x1a, 0x2f,
	0x2e, 0x6d, 0x65, 0x61, 0x6c, 0x70, 0x6c, 0x61, 0x6e, 0x6e, 0x69, 0x6e, 0x67, 0x2e, 0x53, 0x65,
	0x61, 0x72, 0x63, 0x68, 0x46, 0x6f, 0x72, 0x56, 0x61, 0x6c, 0x69, 0x64, 0x49, 0x6e, 0x73, 0x74,
	0x72, 0x75, 0x6d, 0x65, 0x6e, 0x74, 0x73, 0x52, 0x65, 0x73, 0x70, 0x6f, 0x6e, 0x73, 0x65, 0x12,
	0x8b, 0x01, 0x0a, 0x1e, 0x53, 0x65, 0x61, 0x72, 0x63, 0x68, 0x46, 0x6f, 0x72, 0x56, 0x61, 0x6c,
	0x69, 0x64, 0x4d, 0x65, 0x61, 0x73, 0x75, 0x72, 0x65, 0x6d, 0x65, 0x6e, 0x74, 0x55, 0x6e, 0x69,
	0x74, 0x73, 0x12, 0x33, 0x2e, 0x6d, 0x65, 0x61, 0x6c, 0x70, 0x6c, 0x61, 0x6e, 0x6e, 0x69, 0x6e,
	0x67, 0x2e, 0x53, 0x65, 0x61, 0x72, 0x63, 0x68, 0x46, 0x6f, 0x72, 0x56, 0x61, 0x6c, 0x69, 0x64,
	0x4d, 0x65, 0x61, 0x73, 0x75, 0x72, 0x65, 0x6d, 0x65, 0x6e, 0x74, 0x55, 0x6e, 0x69, 0x74, 0x73,
	0x52, 0x65, 0x71, 0x75, 0x65, 0x73, 0x74, 0x1a, 0x34, 0x2e, 0x6d, 0x65, 0x61, 0x6c, 0x70, 0x6c,
	0x61, 0x6e, 0x6e, 0x69, 0x6e, 0x67, 0x2e, 0x53, 0x65, 0x61, 0x72, 0x63, 0x68, 0x46, 0x6f, 0x72,
	0x56, 0x61, 0x6c, 0x69, 0x64, 0x4d, 0x65, 0x61, 0x73, 0x75, 0x72, 0x65, 0x6d, 0x65, 0x6e, 0x74,
	0x55, 0x6e, 0x69, 0x74, 0x73, 0x52, 0x65, 0x73, 0x70, 0x6f, 0x6e, 0x73, 0x65, 0x12, 0x7f, 0x0a,
	0x1a, 0x53, 0x65, 0x61, 0x72, 0x63, 0x68, 0x46, 0x6f, 0x72, 0x56, 0x61, 0x6c, 0x69, 0x64, 0x50,
	0x72, 0x65, 0x70, 0x61, 0x72, 0x61, 0x74, 0x69, 0x6f, 0x6e, 0x73, 0x12, 0x2f, 0x2e, 0x6d, 0x65,
	0x61, 0x6c, 0x70, 0x6c, 0x61, 0x6e, 0x6e, 0x69, 0x6e, 0x67, 0x2e, 0x53, 0x65, 0x61, 0x72, 0x63,
	0x68, 0x46, 0x6f, 0x72, 0x56, 0x61, 0x6c, 0x69, 0x64, 0x50, 0x72, 0x65, 0x70, 0x61, 0x72, 0x61,
	0x74, 0x69, 0x6f, 0x6e, 0x73, 0x52, 0x65, 0x71, 0x75, 0x65, 0x73, 0x74, 0x1a, 0x30, 0x2e, 0x6d,
	0x65, 0x61, 0x6c, 0x70, 0x6c, 0x61, 0x6e, 0x6e, 0x69, 0x6e, 0x67, 0x2e, 0x53, 0x65, 0x61, 0x72,
	0x63, 0x68, 0x46, 0x6f, 0x72, 0x56, 0x61, 0x6c, 0x69, 0x64, 0x50, 0x72, 0x65, 0x70, 0x61, 0x72,
	0x61, 0x74, 0x69, 0x6f, 0x6e, 0x73, 0x52, 0x65, 0x73, 0x70, 0x6f, 0x6e, 0x73, 0x65, 0x12, 0x70,
	0x0a, 0x15, 0x53, 0x65, 0x61, 0x72, 0x63, 0x68, 0x46, 0x6f, 0x72, 0x56, 0x61, 0x6c, 0x69, 0x64,
	0x56, 0x65, 0x73, 0x73, 0x65, 0x6c, 0x73, 0x12, 0x2a, 0x2e, 0x6d, 0x65, 0x61, 0x6c, 0x70, 0x6c,
	0x61, 0x6e, 0x6e, 0x69, 0x6e, 0x67, 0x2e, 0x53, 0x65, 0x61, 0x72, 0x63, 0x68, 0x46, 0x6f, 0x72,
	0x56, 0x61, 0x6c, 0x69, 0x64, 0x56, 0x65, 0x73, 0x73, 0x65, 0x6c, 0x73, 0x52, 0x65, 0x71, 0x75,
	0x65, 0x73, 0x74, 0x1a, 0x2b, 0x2e, 0x6d, 0x65, 0x61, 0x6c, 0x70, 0x6c, 0x61, 0x6e, 0x6e, 0x69,
	0x6e, 0x67, 0x2e, 0x53, 0x65, 0x61, 0x72, 0x63, 0x68, 0x46, 0x6f, 0x72, 0x56, 0x61, 0x6c, 0x69,
	0x64, 0x56, 0x65, 0x73, 0x73, 0x65, 0x6c, 0x73, 0x52, 0x65, 0x73, 0x70, 0x6f, 0x6e, 0x73, 0x65,
	0x12, 0x9a, 0x01, 0x0a, 0x23, 0x53, 0x65, 0x61, 0x72, 0x63, 0x68, 0x56, 0x61, 0x6c, 0x69, 0x64,
	0x49, 0x6e, 0x67, 0x72, 0x65, 0x64, 0x69, 0x65, 0x6e, 0x74, 0x73, 0x42, 0x79, 0x50, 0x72, 0x65,
	0x70, 0x61, 0x72, 0x61, 0x74, 0x69, 0x6f, 0x6e, 0x12, 0x38, 0x2e, 0x6d, 0x65, 0x61, 0x6c, 0x70,
	0x6c, 0x61, 0x6e, 0x6e, 0x69, 0x6e, 0x67, 0x2e, 0x53, 0x65, 0x61, 0x72, 0x63, 0x68, 0x56, 0x61,
	0x6c, 0x69, 0x64, 0x49, 0x6e, 0x67, 0x72, 0x65, 0x64, 0x69, 0x65, 0x6e, 0x74, 0x73, 0x42, 0x79,
	0x50, 0x72, 0x65, 0x70, 0x61, 0x72, 0x61, 0x74, 0x69, 0x6f, 0x6e, 0x52, 0x65, 0x71, 0x75, 0x65,
	0x73, 0x74, 0x1a, 0x39, 0x2e, 0x6d, 0x65, 0x61, 0x6c, 0x70, 0x6c, 0x61, 0x6e, 0x6e, 0x69, 0x6e,
	0x67, 0x2e, 0x53, 0x65, 0x61, 0x72, 0x63, 0x68, 0x56, 0x61, 0x6c, 0x69, 0x64, 0x49, 0x6e, 0x67,
	0x72, 0x65, 0x64, 0x69, 0x65, 0x6e, 0x74, 0x73, 0x42, 0x79, 0x50, 0x72, 0x65, 0x70, 0x61, 0x72,
	0x61, 0x74, 0x69, 0x6f, 0x6e, 0x52, 0x65, 0x73, 0x70, 0x6f, 0x6e, 0x73, 0x65, 0x12, 0xa6, 0x01,
	0x0a, 0x27, 0x53, 0x65, 0x61, 0x72, 0x63, 0x68, 0x56, 0x61, 0x6c, 0x69, 0x64, 0x4d, 0x65, 0x61,
	0x73, 0x75, 0x72, 0x65, 0x6d, 0x65, 0x6e, 0x74, 0x55, 0x6e, 0x69, 0x74, 0x73, 0x42, 0x79, 0x49,
	0x6e, 0x67, 0x72, 0x65, 0x64, 0x69, 0x65, 0x6e, 0x74, 0x12, 0x3c, 0x2e, 0x6d, 0x65, 0x61, 0x6c,
	0x70, 0x6c, 0x61, 0x6e, 0x6e, 0x69, 0x6e, 0x67, 0x2e, 0x53, 0x65, 0x61, 0x72, 0x63, 0x68, 0x56,
	0x61, 0x6c, 0x69, 0x64, 0x4d, 0x65, 0x61, 0x73, 0x75, 0x72, 0x65, 0x6d, 0x65, 0x6e, 0x74, 0x55,
	0x6e, 0x69, 0x74, 0x73, 0x42, 0x79, 0x49, 0x6e, 0x67, 0x72, 0x65, 0x64, 0x69, 0x65, 0x6e, 0x74,
	0x52, 0x65, 0x71, 0x75, 0x65, 0x73, 0x74, 0x1a, 0x3d, 0x2e, 0x6d, 0x65, 0x61, 0x6c, 0x70, 0x6c,
	0x61, 0x6e, 0x6e, 0x69, 0x6e, 0x67, 0x2e, 0x53, 0x65, 0x61, 0x72, 0x63, 0x68, 0x56, 0x61, 0x6c,
	0x69, 0x64, 0x4d, 0x65, 0x61, 0x73, 0x75, 0x72, 0x65, 0x6d, 0x65, 0x6e, 0x74, 0x55, 0x6e, 0x69,
	0x74, 0x73, 0x42, 0x79, 0x49, 0x6e, 0x67, 0x72, 0x65, 0x64, 0x69, 0x65, 0x6e, 0x74, 0x52, 0x65,
	0x73, 0x70, 0x6f, 0x6e, 0x73, 0x65, 0x12, 0x5b, 0x0a, 0x0e, 0x55, 0x70, 0x64, 0x61, 0x74, 0x65,
	0x4d, 0x65, 0x61, 0x6c, 0x50, 0x6c, 0x61, 0x6e, 0x12, 0x23, 0x2e, 0x6d, 0x65, 0x61, 0x6c, 0x70,
	0x6c, 0x61, 0x6e, 0x6e, 0x69, 0x6e, 0x67, 0x2e, 0x55, 0x70, 0x64, 0x61, 0x74, 0x65, 0x4d, 0x65,
	0x61, 0x6c, 0x50, 0x6c, 0x61, 0x6e, 0x52, 0x65, 0x71, 0x75, 0x65, 0x73, 0x74, 0x1a, 0x24, 0x2e,
	0x6d, 0x65, 0x61, 0x6c, 0x70, 0x6c, 0x61, 0x6e, 0x6e, 0x69, 0x6e, 0x67, 0x2e, 0x55, 0x70, 0x64,
	0x61, 0x74, 0x65, 0x4d, 0x65, 0x61, 0x6c, 0x50, 0x6c, 0x61, 0x6e, 0x52, 0x65, 0x73, 0x70, 0x6f,
	0x6e, 0x73, 0x65, 0x12, 0x6a, 0x0a, 0x13, 0x55, 0x70, 0x64, 0x61, 0x74, 0x65, 0x4d, 0x65, 0x61,
	0x6c, 0x50, 0x6c, 0x61, 0x6e, 0x45, 0x76, 0x65, 0x6e, 0x74, 0x12, 0x28, 0x2e, 0x6d, 0x65, 0x61,
	0x6c, 0x70, 0x6c, 0x61, 0x6e, 0x6e, 0x69, 0x6e, 0x67, 0x2e, 0x55, 0x70, 0x64, 0x61, 0x74, 0x65,
	0x4d, 0x65, 0x61, 0x6c, 0x50, 0x6c, 0x61, 0x6e, 0x45, 0x76, 0x65, 0x6e, 0x74, 0x52, 0x65, 0x71,
	0x75, 0x65, 0x73, 0x74, 0x1a, 0x29, 0x2e, 0x6d, 0x65, 0x61, 0x6c, 0x70, 0x6c, 0x61, 0x6e, 0x6e,
	0x69, 0x6e, 0x67, 0x2e, 0x55, 0x70, 0x64, 0x61, 0x74, 0x65, 0x4d, 0x65, 0x61, 0x6c, 0x50, 0x6c,
	0x61, 0x6e, 0x45, 0x76, 0x65, 0x6e, 0x74, 0x52, 0x65, 0x73, 0x70, 0x6f, 0x6e, 0x73, 0x65, 0x12,
	0x67, 0x0a, 0x12, 0x53, 0x77, 0x61, 0x70, 0x4d, 0x65, 0x61, 0x6c, 0x50, 0x6c, 0x61, 0x6e, 0x45,
	0x76, 0x65, 0x6e, 0x74, 0x73, 0x12, 0x27, 0x2e, 0x6d, 0x65, 0x61, 0x6c, 0x70, 0x6c, 0x61, 0x6e,
	0x6e, 0x69, 0x6e, 0x67, 0x2e, 0x53, 0x77, 0x61, 0x70, 0x4d, 0x65, 0x61, 0x6c, 0x50, 0x6c, 0x61,
	0x6e, 0x45, 0x76, 0x65, 0x6e, 0x74, 0x73, 0x52, 0x65, 0x71, 0x75, 0x65, 0x73, 0x74, 0x1a, 0x28,
	0x2e, 0x6d, 0x65, 0x61, 0x6c, 0x70, 0x6c, 0x61, 0x6e, 0x6e, 0x69, 0x6e, 0x67, 0x2e, 0x53, 0x77,
	0x61, 0x70, 0x4d, 0x65, 0x61, 0x6c, 0x50, 0x6c, 0x61, 0x6e, 0x45, 0x76, 0x65, 0x6e, 0x74, 0x73,
	0x52, 0x65, 0x73, 0x70, 0x6f, 0x6e, 0x73, 0x65, 0x12, 0x88, 0x01, 0x0a, 0x1d, 0x55, 0x70, 0x64,
	0x61, 0x74, 0x65, 0x4d, 0x65, 0x61, 0x6c, 0x50, 0x6c, 0x61, 0x6e, 0x47, 0x72, 0x6f, 0x63, 0x65,
	0x72, 0x79, 0x4c, 0x69, 0x73, 0x74, 0x49, 0x74, 0x65, 0x6d, 0x12, 0x32, 0x2e, 0x6d, 0x65, 0x61,
	0x6c, 0x70, 0x6c, 0x61, 0x6e, 0x6e, 0x69, 0x6e, 0x67, 0x2e, 0x55, 0x70, 0x64, 0x61, 0x74, 0x65,
	0x4d, 0x65, 0x61, 0x6c, 0x50, 0x6c, 0x61, 0x6e, 0x47, 0x72, 0x6f, 0x63, 0x65, 0x72, 0x79, 0x4c,
	0x69, 0x73, 0x74, 0x49, 0x74, 0x65, 0x6d, 0x52, 0x65, 0x71, 0x75, 0x65, 0x73, 0x74, 0x1a, 0x33,
	0x2e, 0x6d, 0x65, 0x61, 0x6c, 0x70, 0x6c, 0x61, 0x6e, 0x6e, 0x69, 0x6e, 0x67, 0x2e, 0x55, 0x70,
	0x64, 0x61, 0x74, 0x65, 0x4d, 0x65, 0x61, 0x6c, 0x50, 0x6c, 0x61, 0x6e, 0x47, 0x72, 0x6f, 0x63,
	0x65, 0x72, 0x79, 0x4c, 0x69, 0x73, 0x74, 0x49, 0x74, 0x65, 0x6d, 0x52, 0x65, 0x73, 0x70, 0x6f,
	0x6e, 0x73, 0x65, 0x12, 0x6d, 0x0a, 0x14, 0x55, 0x70, 0x64, 0x61, 0x74, 0x65, 0x4d, 0x65, 0x61,
	0x6c, 0x50, 0x6c, 0x61, 0x6e, 0x4f, 0x70, 0x74, 0x69, 0x6f, 0x6e, 0x12, 0x29, 0x2e, 0x6d, 0x65,
	0x61, 0x6c, 0x70, 0x6c, 0x61, 0x6e, 0x6e, 0x69, 0x6e, 0x67, 0x2e, 0x55, 0x70, 0x64, 0x61, 0x74,
	0x65, 0x4d, 0x65, 0x61, 0x6c, 0x50, 0x6c, 0x61, 0x6e, 0x4f, 0x70, 0x74, 0x69, 0x6f, 0x6e, 0x52,
	0x65, 0x71, 0x75, 0x65, 0x73, 0x74, 0x1a, 0x2a, 0x2e, 0x6d, 0x65, 0x61, 0x6c, 0x70, 0x6c, 0x61,
	0x6e, 0x6e, 0x69, 0x6e, 0x67, 0x2e, 0x55, 0x70, 0x64, 0x61, 0x74, 0x65, 0x4d, 0x65, 0x61, 0x6c,
	0x50, 0x6c, 0x61, 0x6e, 0x4f, 0x70, 0x74, 0x69, 0x6f, 0x6e, 0x52, 0x65, 0x73, 0x70, 0x6f, 0x6e,
	0x73, 0x65, 0x12, 0x79, 0x0a, 0x18, 0x55, 0x70, 0x64, 0x61, 0x74, 0x65, 0x4d, 0x65, 0x61, 0x6c,
	0x50, 0x6c, 0x61, 0x6e, 0x4f, 0x70, 0x74, 0x69, 0x6f, 0x6e, 0x56, 0x6f, 0x74, 0x65, 0x12, 0x2d,
	0x2e, 0x6d, 0x65, 0x61, 0x6c, 0x70, 0x6c, 0x61, 0x6e, 0x6e, 0x69, 0x6e, 0x67, 0x2e, 0x55, 0x70,
	0x64, 0x61, 0x74, 0x65, 0x4d, 0x65, 0x61, 0x6c, 0x50, 0x6c, 0x61, 0x6e, 0x4f, 0x70, 0x74, 0x69,
	0x6f, 0x6e, 0x56, 0x6f, 0x74, 0x65, 0x52, 0x65, 0x71, 0x75, 0x65, 0x73, 0x74, 0x1a, 0x2e, 0x2e,
	0x6d, 0x65, 0x61, 0x6c, 0x70, 0x6c, 0x61, 0x6e, 0x6e, 0x69, 0x6e, 0x67, 0x2e, 0x55, 0x70, 0x64,
	0x61, 0x74, 0x65, 0x4d, 0x65, 0x61, 0x6c, 0x50, 0x6c, 0x61, 0x6e, 0x4f, 0x70, 0x74, 0x69, 0x6f,
	0x6e, 0x56, 0x6f, 0x74, 0x65, 0x52, 0x65, 0x73, 0x70, 0x6f, 0x6e, 0x73, 0x65, 0x12, 0x9a, 0x01,
	0x0a, 0x23, 0x55, 0x70, 0x64, 0x61, 0x74, 0x65, 0x4d, 0x65, 0x61, 0x6c, 0x50, 0x6c, 0x61, 0x6e,
	0x52, 0x65, 0x63, 0x69, 0x70, 0x65, 0x4f, 0x70, 0x74, 0x69, 0x6f, 0x6e, 0x53, 0x65, 0x6c, 0x65,
	0x63, 0x74, 0x69, 0x6f, 0x6e, 0x12, 0x38, 0x2e, 0x6d, 0x65, 0x61, 0x6c, 0x70, 0x6c, 0x61, 0x6e,
	0x6e, 0x69, 0x6e, 0x67, 0x2e, 0x55, 0x70, 0x64, 0x61, 0x74, 0x65, 0x4d, 0x65, 0x61, 0x6c, 0x50,
	0x6c, 0x61, 0x6e, 0x52, 0x65, 0x63, 0x69, 0x70, 0x65, 0x4f, 0x70, 0x74, 0x69, 0x6f, 0x6e, 0x53,
	0x65, 0x6c, 0x65, 0x63, 0x74, 0x69, 0x6f, 0x6e, 0x52, 0x65, 0x71, 0x75, 0x65, 0x73, 0x74, 0x1a,
	0x39, 0x2e, 0x6d, 0x65, 0x61, 0x6c, 0x70, 0x6c, 0x61, 0x6e, 0x6e, 0x69, 0x6e, 0x67, 0x2e, 0x55,
	0x70, 0x64, 0x61, 0x74, 0x65, 0x4d, 0x65, 0x61, 0x6c, 0x50, 0x6c, 0x61, 0x6e, 0x52, 0x65, 0x63,
	0x69, 0x70, 0x65, 0x4f, 0x70, 0x74, 0x69, 0x6f, 0x6e, 0x53, 0x65, 0x6c, 0x65, 0x63, 0x74, 0x69,
	0x6f, 0x6e, 0x52, 0x65, 0x73, 0x70, 0x6f, 0x6e, 0x73, 0x65, 0x12, 0x79, 0x0a, 0x18, 0x55, 0x70,
	0x64, 0x61, 0x74, 0x65, 0x4d, 0x65, 0x61, 0x6c, 0x50, 0x6c, 0x61, 0x6e, 0x54, 0x61, 0x73, 0x6b,
	0x53, 0x74, 0x61, 0x74, 0x75, 0x73, 0x12, 0x2d, 0x2e, 0x6d, 0x65, 0x61, 0x6c, 0x70, 0x6c, 0x61,
	0x6e, 0x6e, 0x69, 0x6e, 0x67, 0x2e, 0x55, 0x70, 0x64, 0x61, 0x74, 0x65, 0x4d, 0x65, 0x61, 0x6c,
	0x50, 0x6c, 0x61, 0x6e, 0x54, 0x61, 0x73, 0x6b, 0x53, 0x74, 0x61, 0x74, 0x75, 0x73, 0x52, 0x65,
	0x71, 0x75, 0x65, 0x73, 0x74, 0x1a, 0x2e, 0x2e, 0x6d, 0x65, 0x61, 0x6c, 0x70, 0x6c, 0x61, 0x6e,
	0x6e, 0x69, 0x6e, 0x67, 0x2e, 0x55, 0x70, 0x64, 0x61, 0x74, 0x65, 0x4d, 0x65, 0x61, 0x6c, 0x50,
	0x6c, 0x61, 0x6e, 0x54, 0x61, 0x73, 0x6b, 0x53, 0x74, 0x61, 0x74, 0x75, 0x73, 0x52, 0x65, 0x73,
	0x70, 0x6f, 0x6e, 0x73, 0x65, 0x12, 0x5b, 0x0a, 0x0e, 0x55, 0x70, 0x64, 0x61, 0x74, 0x65, 0x4d,
	0x65, 0x61, 0x6c, 0x4c, 0x69, 0x73, 0x74, 0x12, 0x23, 0x2e, 0x6d, 0x65, 0x61, 0x6c, 0x70, 0x6c,
	0x61, 0x6e, 0x6e, 0x69, 0x6e, 0x67, 0x2e, 0x55, 0x70, 0x64, 0x61, 0x74, 0x65, 0x4d, 0x65, 0x61,
	0x6c, 0x4c, 0x69, 0x73, 0x74, 0x52, 0x65, 0x71, 0x75, 0x65, 0x73, 0x74, 0x1a, 0x24, 0x2e, 0x6d,
	0x65, 0x61, 0x6c, 0x70, 0x6c, 0x61, 0x6e, 0x6e, 0x69, 0x6e, 0x67, 0x2e, 0x55, 0x70, 0x64, 0x61,
	0x74, 0x65, 0x4d, 0x65, 0x61, 0x6c, 0x4c, 0x69, 0x73, 0x74, 0x52, 0x65, 0x73, 0x70, 0x6f, 0x6e,
	0x73, 0x65, 0x12, 0x67, 0x0a, 0x12, 0x55, 0x70, 0x64, 0x61, 0x74, 0x65, 0x4d, 0x65, 0x61, 0x6c,
	0x4c, 0x69, 0x73, 0x74, 0x49, 0x74, 0x65, 0x6d, 0x12, 0x27, 0x2e, 0x6d, 0x65, 0x61, 0x6c, 0x70,
	0x6c, 0x61, 0x6e, 0x6e, 0x69, 0x6e, 0x67, 0x2e, 0x55, 0x70, 0x64, 0x61, 0x74, 0x65, 0x4d, 0x65,
	0x61, 0x6c, 0x4c, 0x69, 0x73, 0x74, 0x49, 0x74, 0x65, 0x6d, 0x52, 0x65, 0x71, 0x75, 0x65, 0x73,
	0x74, 0x1a, 0x28, 0x2e, 0x6d, 0x65, 0x61, 0x6c, 0x70, 0x6c, 0x61, 0x6e, 0x6e, 0x69, 0x6e, 0x67,
	0x2e, 0x55, 0x70, 0x64, 0x61, 0x74, 0x65, 0x4d, 0x65, 0x61, 0x6c, 0x4c, 0x69, 0x73, 0x74, 0x49,
	0x74, 0x65, 0x6d, 0x52, 0x65, 0x73, 0x70, 0x6f, 0x6e, 0x73, 0x65, 0x12, 0x55, 0x0a, 0x0c, 0x55,
	0x70, 0x64, 0x61, 0x74, 0x65, 0x52, 0x65, 0x63, 0x69, 0x70, 0x65, 0x12, 0x21, 0x2e, 0x6d, 0x65,
	0x61, 0x6c, 0x70, 0x6c, 0x61, 0x6e, 0x6e, 0x69, 0x6e, 0x67, 0x2e, 0x55, 0x70, 0x64, 0x61, 0x74,
	0x65, 0x52, 0x65, 0x63, 0x69, 0x70, 0x65, 0x52, 0x65, 0x71, 0x75, 0x65, 0x73, 0x74, 0x1a, 0x22,
	0x2e, 0x6d, 0x65, 0x61, 0x6c, 0x70, 0x6c, 0x61, 0x6e, 0x6e, 0x69, 0x6e, 0x67, 0x2e, 0x55, 0x70,
	0x64, 0x61, 0x74, 0x65, 0x52, 0x65, 0x63, 0x69, 0x70, 0x65, 0x52, 0x65, 0x73, 0x70, 0x6f, 0x6e,
	0x73, 0x65, 0x12, 0x67, 0x0a, 0x12, 0x55, 0x70, 0x64, 0x61, 0x74, 0x65, 0x52, 0x65, 0x63, 0x69,
	0x70, 0x65, 0x53, 0x74, 0x61, 0x74, 0x75, 0x73, 0x12, 0x27, 0x2e, 0x6d, 0x65, 0x61, 0x6c, 0x70,
	0x6c, 0x61, 0x6e, 0x6e, 0x69, 0x6e, 0x67, 0x2e, 0x55, 0x70, 0x64, 0x61, 0x74, 0x65, 0x52, 0x65,
	0x63, 0x69, 0x70, 0x65, 0x53, 0x74, 0x61, 0x74, 0x75, 0x73, 0x52, 0x65, 0x71, 0x75, 0x65, 0x73,
	0x74, 0x1a, 0x28, 0x2e, 0x6d, 0x65, 0x61, 0x6c, 0x70, 0x6c, 0x61, 0x6e, 0x6e, 0x69, 0x6e, 0x67,
	0x2e, 0x55, 0x70, 0x64, 0x61, 0x74, 0x65, 0x52, 0x65, 0x63, 0x69, 0x70, 0x65, 0x53, 0x74, 0x61,
	0x74, 0x75, 0x73, 0x52, 0x65, 0x73, 0x70, 0x6f, 0x6e, 0x73, 0x65, 0x12, 0x6d, 0x0a, 0x14, 0x55,
	0x70, 0x64, 0x61, 0x74, 0x65, 0x52, 0x65, 0x63, 0x69, 0x70, 0x65, 0x50, 0x72, 0x65, 0x70, 0x54,
	0x61, 0x73, 0x6b, 0x12, 0x29, 0x2e, 0x6d, 0x65, 0x61, 0x6c, 0x70, 0x6c, 0x61, 0x6e, 0x6e, 0x69,
	0x6e, 0x67, 0x2e, 0x55, 0x70, 0x64, 0x61, 0x74, 0x65, 0x52, 0x65, 0x63, 0x69, 0x70, 0x65, 0x50,
	0x72, 0x65, 0x70, 0x54, 0x61, 0x73, 0x6b, 0x52, 0x65, 0x71, 0x75, 0x65, 0x73, 0x74, 0x1a, 0x2a,
	0x2e, 0x6d, 0x65, 0x61, 0x6c, 0x70, 0x6c, 0x61, 0x6e, 0x6e, 0x69, 0x6e, 0x67, 0x2e, 0x55, 0x70,
	0x64, 0x61, 0x74, 0x65, 0x52, 0x65, 0x63, 0x69, 0x70, 0x65, 0x50, 0x72, 0x65, 0x70, 0x54, 0x61,
	0x73, 0x6b, 0x52, 0x65, 0x73, 0x70, 0x6f, 0x6e, 0x73, 0x65, 0x12, 0x67, 0x0a, 0x12, 0x55, 0x70,
	0x64, 0x61, 0x74, 0x65, 0x52, 0x65, 0x63, 0x69, 0x70, 0x65, 0x52, 0x61, 0x74, 0x69, 0x6e, 0x67,
	0x12, 0x27, 0x2e, 0x6d, 0x65, 0x61, 0x6c, 0x70, 0x6c, 0x61, 0x6e, 0x6e, 0x69, 0x6e, 0x67, 0x2e,
	0x55, 0x70, 0x64, 0x61, 0x74, 0x65, 0x52, 0x65, 0x63, 0x69, 0x70, 0x65, 0x52, 0x61, 0x74, 0x69,
	0x6e, 0x67, 0x52, 0x65, 0x71, 0x75, 0x65, 0x73, 0x74, 0x1a, 0x28, 0x2e, 0x6d, 0x65, 0x61, 0x6c,
	0x70, 0x6c, 0x61, 0x6e, 0x6e, 0x69, 0x6e, 0x67, 0x2e, 0x55, 0x70, 0x64, 0x61, 0x74, 0x65, 0x52,
	0x65, 0x63, 0x69, 0x70, 0x65, 0x52, 0x61, 0x74, 0x69, 0x6e, 0x67, 0x52, 0x65, 0x73, 0x70, 0x6f,
	0x6e, 0x73, 0x65, 0x12, 0x61, 0x0a, 0x10, 0x55, 0x70, 0x64, 0x61, 0x74, 0x65, 0x52, 0x65, 0x63,
	0x69, 0x70, 0x65, 0x4c, 0x69, 0x73, 0x74, 0x12, 0x25, 0x2e, 0x6d, 0x65, 0x61, 0x6c, 0x70, 0x6c,
	0x61, 0x6e, 0x6e, 0x69, 0x6e, 0x67, 0x2e, 0x55, 0x70, 0x64, 0x61, 0x74, 0x65, 0x52, 0x65, 0x63,
	0x69, 0x70, 0x65, 0x4c, 0x69, 0x73, 0x74, 0x52, 0x65, 0x71, 0x75, 0x65, 0x73, 0x74, 0x1a, 0x26,
	0x2e, 0x6d, 0x65, 0x61, 0x6c, 0x70, 0x6c, 0x61, 0x6e, 0x6e, 0x69, 0x6e, 0x67, 0x2e, 0x55, 0x70,
	0x64, 0x61, 0x74, 0x65, 0x52, 0x65, 0x63, 0x69, 0x70, 0x65, 0x4c, 0x69, 0x73, 0x74, 0x52, 0x65,
	0x73, 0x70, 0x6f, 0x6e, 0x73, 0x65, 0x12, 0x6d, 0x0a, 0x14, 0x55, 0x70, 0x64, 0x61, 0x74, 0x65,
	0x52, 0x65, 0x63, 0x69, 0x70, 0x65, 0x4c, 0x69, 0x73, 0x74, 0x49, 0x74, 0x65, 0x6d, 0x12, 0x29,
	0x2e, 0x6d, 0x65, 0x61, 0x6c, 0x70, 0x6c, 0x61, 0x6e, 0x6e, 0x69, 0x6e, 0x67, 0x2e, 0x55, 0x70,
	0x64, 0x61, 0x74, 0x65, 0x52, 0x65, 0x63, 0x69, 0x70, 0x65, 0x4c, 0x69, 0x73, 0x74, 0x49, 0x74,
	0x65, 0x6d, 0x52, 0x65, 0x71, 0x75, 0x65, 0x73, 0x74, 0x1a, 0x2a, 0x2e, 0x6d, 0x65, 0x61, 0x6c,
	0x70, 0x6c, 0x61, 0x6e, 0x6e, 0x69, 0x6e, 0x67, 0x2e, 0x55, 0x70, 0x64, 0x61, 0x74, 0x65, 0x52,
	0x65, 0x63, 0x69, 0x70, 0x65, 0x4c, 0x69, 0x73, 0x74, 0x49, 0x74, 0x65, 0x6d, 0x52, 0x65, 0x73,
	0x70, 0x6f, 0x6e, 0x73, 0x65, 0x12, 0x61, 0x0a, 0x10, 0x55, 0x70, 0x64, 0x61, 0x74, 0x65, 0x52,
	0x65, 0x63, 0x69, 0x70, 0x65, 0x53, 0x74, 0x65, 0x70, 0x12, 0x25, 0x2e, 0x6d, 0x65, 0x61, 0x6c,
	0x70, 0x6c, 0x61, 0x6e, 0x6e, 0x69, 0x6e, 0x67, 0x2e, 0x55, 0x70, 0x64, 0x61, 0x74, 0x65, 0x52,
	0x65, 0x63, 0x69, 0x70, 0x65, 0x53, 0x74, 0x65, 0x70, 0x52, 0x65, 0x71, 0x75, 0x65, 0x73, 0x74,
	0x1a, 0x26, 0x2e, 0x6d, 0x65, 0x61, 0x6c, 0x70, 0x6c, 0x61, 0x6e, 0x6e, 0x69, 0x6e, 0x67, 0x2e,
	0x55, 0x70, 0x64, 0x61, 0x74, 0x65, 0x52, 0x65, 0x63, 0x69, 0x70, 0x65, 0x53, 0x74, 0x65, 0x70,
	0x52, 0x65, 0x73, 0x70, 0x6f, 0x6e, 0x73, 0x65, 0x12, 0x9a, 0x01, 0x0a, 0x23, 0x55, 0x70, 0x64,
	0x61, 0x74, 0x65, 0x52, 0x65, 0x63, 0x69, 0x70, 0x65, 0x53, 0x74, 0x65, 0x70, 0x43, 0x6f, 0x6d,
	0x70, 0x6c, 0x65, 0x74, 0x69, 0x6f, 0x6e, 0x43, 0x6f, 0x6e, 0x64, 0x69, 0x74, 0x69, 0x6f, 0x6e,
	0x12, 0x38, 0x2e, 0x6d, 0x65, 0x61, 0x6c, 0x70, 0x6c, 0x61, 0x6e, 0x6e, 0x69, 0x6e, 0x67, 0x2e,
	0x55, 0x70, 0x64, 0x61, 0x74, 0x65, 0x52, 0x65, 0x63, 0x69, 0x70, 0x65, 0x53, 0x74, 0x65, 0x70,
	0x43, 0x6f, 0x6d, 0x70, 0x6c, 0x65, 0x74, 0x69, 0x6f, 0x6e, 0x43, 0x6f, 0x6e, 0x64, 0x69, 0x74,
	0x69, 0x6f, 0x6e, 0x52, 0x65, 0x71, 0x75, 0x65, 0x73, 0x74, 0x1a, 0x39, 0x2e, 0x6d, 0x65, 0x61,
	0x6c, 0x70, 0x6c, 0x61, 0x6e, 0x6e, 0x69, 0x6e, 0x67, 0x2e, 0x55, 0x70, 0x64, 0x61, 0x74, 0x65,
	0x52, 0x65, 0x63, 0x69, 0x70, 0x65, 0x53, 0x74, 0x65, 0x70, 0x43, 0x6f, 0x6d, 0x70, 0x6c, 0x65,
	0x74, 0x69, 0x6f, 0x6e, 0x43, 0x6f, 0x6e, 0x64, 0x69, 0x74, 0x69, 0x6f, 0x6e, 0x52, 0x65, 0x73,
	0x70, 0x6f, 0x6e, 0x73, 0x65, 0x12, 0x7f, 0x0a, 0x1a, 0x55, 0x70, 0x64, 0x61, 0x74, 0x65, 0x52,
	0x65, 0x63, 0x69, 0x70, 0x65, 0x53, 0x74, 0x65, 0x70, 0x49, 0x6e, 0x67, 0x72, 0x65, 0x64, 0x69,
	0x65, 0x6e, 0x74, 0x12, 0x2f, 0x2e, 0x6d, 0x65, 0x61, 0x6c, 0x70, 0x6c, 0x61, 0x6e, 0x6e, 0x69,
	0x6e, 0x67, 0x2e, 0x55, 0x70, 0x64, 0x61, 0x74, 0x65, 0x52, 0x65, 0x63, 0x69, 0x70, 0x65, 0x53,
	0x74, 0x65, 0x70, 0x49, 0x6e, 0x67, 0x72, 0x65, 0x64, 0x69, 0x65, 0x6e, 0x74, 0x52, 0x65, 0x71,
	0x75, 0x65, 0x73, 0x74, 0x1a, 0x30, 0x2e, 0x6d, 0x65, 0x61, 0x6c, 0x70, 0x6c, 0x61, 0x6e, 0x6e,
	0x69, 0x6e, 0x67, 0x2e, 0x55, 0x70, 0x64, 0x61, 0x74, 0x65, 0x52, 0x65, 0x63, 0x69, 0x70, 0x65,
	0x53, 0x74, 0x65, 0x70, 0x49, 0x6e, 0x67, 0x72, 0x65, 0x64, 0x69, 0x65, 0x6e, 0x74, 0x52, 0x65,
	0x73, 0x70, 0x6f, 0x6e, 0x73, 0x65, 0x12, 0x7f, 0x0a, 0x1a, 0x55, 0x70, 0x64, 0x61, 0x74, 0x65,
	0x52, 0x65, 0x63, 0x69, 0x70, 0x65, 0x53, 0x74, 0x65, 0x70, 0x49, 0x6e, 0x73, 0x74, 0x72, 0x75,
	0x6d, 0x65, 0x6e, 0x74, 0x12, 0x2f, 0x2e, 0x6d, 0x65, 0x61, 0x6c, 0x70, 0x6c, 0x61, 0x6e, 0x6e,
	0x69, 0x6e, 0x67, 0x2e, 0x55, 0x70, 0x64, 0x61, 0x74, 0x65, 0x52, 0x65, 0x63, 0x69, 0x70, 0x65,
	0x53, 0x74, 0x65, 0x70, 0x49, 0x6e, 0x73, 0x74, 0x72, 0x75, 0x6d, 0x65, 0x6e, 0x74, 0x52, 0x65,
	0x71, 0x75, 0x65, 0x73, 0x74, 0x1a, 0x30, 0x2e, 0x6d, 0x65, 0x61, 0x6c, 0x70, 0x6c, 0x61, 0x6e,
	0x6e, 0x69, 0x6e, 0x67, 0x2e, 0x55, 0x70, 0x64, 0x61, 0x74, 0x65, 0x52, 0x65, 0x63, 0x69, 0x70,
	0x65, 0x53, 0x74, 0x65, 0x70, 0x49, 0x6e, 0x73, 0x74, 0x72, 0x75, 0x6d, 0x65, 0x6e, 0x74, 0x52,
	0x65, 0x73, 0x70, 0x6f, 0x6e, 0x73, 0x65, 0x12, 0x76, 0x0a, 0x17, 0x55, 0x70, 0x64, 0x61, 0x74,
	0x65, 0x52, 0x65, 0x63, 0x69, 0x70, 0x65, 0x53, 0x74, 0x65, 0x70, 0x50, 0x72, 0x6f, 0x64, 0x75,
	0x63, 0x74, 0x12, 0x2c, 0x2e, 0x6d, 0x65, 0x61, 0x6c, 0x70, 0x6c, 0x61, 0x6e, 0x6e, 0x69, 0x6e,
	0x67, 0x2e, 0x55, 0x70, 0x64, 0x61, 0x74, 0x65, 0x52, 0x65, 0x63, 0x69, 0x70, 0x65, 0x53, 0x74,
	0x65, 0x70, 0x50, 0x72, 0x6f, 0x64, 0x75, 0x63, 0x74, 0x52, 0x65, 0x71, 0x75, 0x65, 0x73, 0x74,
	0x1a, 0x2d, 0x2e, 0x6d, 0x65, 0x61, 0x6c, 0x70, 0x6c, 0x61, 0x6e, 0x6e, 0x69, 0x6e, 0x67, 0x2e,
	0x55, 0x70, 0x64, 0x61, 0x74, 0x65, 0x52, 0x65, 0x63, 0x69, 0x70, 0x65, 0x53, 0x74, 0x65, 0x70,
	0x50, 0x72, 0x6f, 0x64, 0x75, 0x63, 0x74, 0x52, 0x65, 0x73, 0x70, 0x6f, 0x6e, 0x73, 0x65, 0x12,
	0x73, 0x0a, 0x16, 0x55, 0x70, 0x64, 0x61, 0x74, 0x65, 0x52, 0x65, 0x63, 0x69, 0x70, 0x65, 0x53,
	0x74, 0x65, 0x70, 0x56, 0x65, 0x73, 0x73, 0x65, 0x6c, 0x12, 0x2b, 0x2e, 0x6d, 0x65, 0x61, 0x6c,
	0x70, 0x6c, 0x61, 0x6e, 0x6e, 0x69, 0x6e, 0x67, 0x2e, 0x55, 0x70, 0x64, 0x61, 0x74, 0x65, 0x52,
	0x65, 0x63, 0x69, 0x70, 0x65, 0x53, 0x74, 0x65, 0x70, 0x56, 0x65, 0x73, 0x73, 0x65, 0x6c, 0x52,
	0x65, 0x71, 0x75, 0x65, 0x73, 0x74, 0x1a, 0x2c, 0x2e, 0x6d, 0x65, 0x61, 0x6c, 0x70, 0x6c, 0x61,
	0x6e, 0x6e, 0x69, 0x6e, 0x67, 0x2e, 0x55, 0x70, 0x64, 0x61, 0x74, 0x65, 0x52, 0x65, 0x63, 0x69,
	0x70, 0x65, 0x53, 0x74, 0x65, 0x70, 0x56, 0x65, 0x73, 0x73, 0x65, 0x6c, 0x52, 0x65, 0x73, 0x70,
	0x6f, 0x6e, 0x73, 0x65, 0x12, 0x70, 0x0a, 0x15, 0x55, 0x70, 0x64, 0x61, 0x74, 0x65, 0x56, 0x61,
	0x6c, 0x69, 0x64, 0x49, 0x6e, 0x67, 0x72, 0x65, 0x64, 0x69, 0x65, 0x6e, 0x74, 0x12, 0x2a, 0x2e,
	0x6d, 0x65, 0x61, 0x6c, 0x70, 0x6c, 0x61, 0x6e, 0x6e, 0x69, 0x6e, 0x67, 0x2e, 0x55, 0x70, 0x64,
	0x61, 0x74, 0x65, 0x56, 0x61, 0x6c, 0x69, 0x64, 0x49, 0x6e, 0x67, 0x72, 0x65, 0x64, 0x69, 0x65,
	0x6e, 0x74, 0x52, 0x65, 0x71, 0x75, 0x65, 0x73, 0x74, 0x1a, 0x2b, 0x2e, 0x6d, 0x65, 0x61, 0x6c,
	0x70, 0x6c, 0x61, 0x6e, 0x6e, 0x69, 0x6e, 0x67, 0x2e, 0x55, 0x70, 0x64, 0x61, 0x74, 0x65, 0x56,
	0x61, 0x6c, 0x69, 0x64, 0x49, 0x6e, 0x67, 0x72, 0x65, 0x64, 0x69, 0x65, 0x6e, 0x74, 0x52, 0x65,
	0x73, 0x70, 0x6f, 0x6e, 0x73, 0x65, 0x12, 0x7f, 0x0a, 0x1a, 0x55, 0x70, 0x64, 0x61, 0x74, 0x65,
	0x56, 0x61, 0x6c, 0x69, 0x64, 0x49, 0x6e, 0x67, 0x72, 0x65, 0x64, 0x69, 0x65, 0x6e, 0x74, 0x47,
	0x72, 0x6f, 0x75, 0x70, 0x12, 0x2f, 0x2e, 0x6d, 0x65, 0x61, 0x6c, 0x70, 0x6c, 0x61, 0x6e, 0x6e,
	0x69, 0x6e, 0x67, 0x2e, 0x55, 0x70, 0x64, 0x61, 0x74, 0x65, 0x56, 0x61, 0x6c, 0x69, 0x64, 0x49,
	0x6e, 0x67, 0x72, 0x65, 0x64, 0x69, 0x65, 0x6e, 0x74, 0x47, 0x72, 0x6f, 0x75, 0x70, 0x52, 0x65,
	0x71, 0x75, 0x65, 0x73, 0x74, 0x1a, 0x30, 0x2e, 0x6d, 0x65, 0x61, 0x6c, 0x70, 0x6c, 0x61, 0x6e,
	0x6e, 0x69, 0x6e, 0x67, 0x2e, 0x55, 0x70, 0x64, 0x61, 0x74, 0x65, 0x56, 0x61, 0x6c, 0x69, 0x64,
	0x49, 0x6e, 0x67, 0x72, 0x65, 0x64, 0x69, 0x65, 0x6e, 0x74, 0x47, 0x72, 0x6f, 0x75, 0x70, 0x52,
	0x65, 0x73, 0x70, 0x6f, 0x6e, 0x73, 0x65, 0x12, 0x9d, 0x01, 0x0a, 0x24, 0x55, 0x70, 0x64, 0x61,
	0x74, 0x65, 0x56, 0x61, 0x6c, 0x69, 0x64, 0x49, 0x6e, 0x67, 0x72, 0x65, 0x64, 0x69, 0x65, 0x6e,
	0x74, 0x4d, 0x65, 0x61, 0x73, 0x75, 0x72, 0x65, 0x6d, 0x65, 0x6e, 0x74, 0x55, 0x6e, 0x69, 0x74,
	0x12, 0x39, 0x2e, 0x6d, 0x65, 0x61, 0x6c, 0x70, 0x6c, 0x61, 0x6e, 0x6e, 0x69, 0x6e, 0x67, 0x2e,
	0x55, 0x70, 0x64, 0x61, 0x74, 0x65, 0x56, 0x61, 0x6c, 0x69, 0x64, 0x49, 0x6e, 0x67, 0x72, 0x65,
	0x64, 0x69, 0x65, 0x6e, 0x74, 0x4d, 0x65, 0x61, 0x73, 0x75, 0x72, 0x65, 0x6d, 0x65, 0x6e, 0x74,
	0x55, 0x6e, 0x69, 0x74, 0x52, 0x65, 0x71, 0x75, 0x65, 0x73, 0x74, 0x1a, 0x3a, 0x2e, 0x6d, 0x65,
	0x61, 0x6c, 0x70, 0x6c, 0x61, 0x6e, 0x6e, 0x69, 0x6e, 0x67, 0x2e, 0x55, 0x70, 0x64, 0x61, 0x74,
	0x65, 0x56, 0x61, 0x6c, 0x69, 0x64, 0x49, 0x6e, 0x67, 0x72, 0x65, 0x64, 0x69, 0x65, 0x6e, 0x74,
	0x4d, 0x65, 0x61, 0x73, 0x75, 0x72, 0x65, 0x6d, 0x65, 0x6e, 0x74, 0x55, 0x6e, 0x69, 0x74, 0x52,
	0x65, 0x73, 0x70, 0x6f, 0x6e, 0x73, 0x65, 0x12, 0x91, 0x01, 0x0a, 0x20, 0x55, 0x70, 0x64, 0x61,
	0x74, 0x65, 0x56, 0x61, 0x6c, 0x69, 0x64, 0x49, 0x6e, 0x67, 0x72, 0x65, 0x64, 0x69, 0x65, 0x6e,
	0x74, 0x50, 0x72, 0x65, 0x70, 0x61, 0x72, 0x61, 0x74, 0x69, 0x6f, 0x6e, 0x12, 0x35, 0x2e, 0x6d,
	0x65, 0x61, 0x6c, 0x70, 0x6c, 0x61, 0x6e, 0x6e, 0x69, 0x6e, 0x67, 0x2e, 0x55, 0x70, 0x64, 0x61,
	0x74, 0x65, 0x56, 0x61, 0x6c, 0x69, 0x64, 0x49, 0x6e, 0x67, 0x72, 0x65, 0x64, 0x69, 0x65, 0x6e,
	0x74, 0x50, 0x72, 0x65, 0x70, 0x61, 0x72, 0x61, 0x74, 0x69, 0x6f, 0x6e, 0x52, 0x65, 0x71, 0x75,
	0x65, 0x73, 0x74, 0x1a, 0x36, 0x2e, 0x6d, 0x65, 0x61, 0x6c, 0x70, 0x6c, 0x61, 0x6e, 0x6e, 0x69,
	0x6e, 0x67, 0x2e, 0x55, 0x70, 0x64, 0x61, 0x74, 0x65, 0x56, 0x61, 0x6c, 0x69, 0x64, 0x49, 0x6e,
	0x67, 0x72, 0x65, 0x64, 0x69, 0x65, 0x6e, 0x74, 0x50, 0x72, 0x65, 0x70, 0x61, 0x72, 0x61, 0x74,
	0x69, 0x6f, 0x6e, 0x52, 0x65, 0x73, 0x70, 0x6f, 0x6e, 0x73, 0x65, 0x12, 0x7c, 0x0a, 0x19, 0x55,
	0x70, 0x64, 0x61, 0x74, 0x65, 0x56, 0x61, 0x6c, 0x69, 0x64, 0x50, 0x72, 0x65, 0x70, 0x54, 0x61,
	0x73, 0x6b, 0x43, 0x6f, 0x6e, 0x66, 0x69, 0x67, 0x12, 0x2e, 0x2e, 0x6d, 0x65, 0x61, 0x6c, 0x70,
	0x6c, 0x61, 0x6e, 0x6e, 0x69, 0x6e, 0x67, 0x2e, 0x55, 0x70, 0x64, 0x61, 0x74, 0x65, 0x56, 0x61,
	0x6c, 0x69, 0x64, 0x50, 0x72, 0x65, 0x70, 0x54, 0x61, 0x73, 0x6b, 0x43, 0x6f, 0x6e, 0x66, 0x69,
	0x67, 0x52, 0x65, 0x71, 0x75, 0x65, 0x73, 0x74, 0x1a, 0x2f, 0x2e, 0x6d, 0x65, 0x61, 0x6c, 0x70,
	0x6c, 0x61, 0x6e, 0x6e, 0x69, 0x6e, 0x67, 0x2e, 0x55, 0x70, 0x64, 0x61, 0x74, 0x65, 0x56, 0x61,
	0x6c, 0x69, 0x64, 0x50, 0x72, 0x65, 0x70, 0x54, 0x61, 0x73, 0x6b, 0x43, 0x6f, 0x6e, 0x66, 0x69,
	0x67, 0x52, 0x65, 0x73, 0x70, 0x6f, 0x6e, 0x73, 0x65, 0x12, 0x7f, 0x0a, 0x1a, 0x55, 0x70, 0x64,
	0x61, 0x74, 0x65, 0x56, 0x61, 0x6c, 0x69, 0x64, 0x49, 0x6e, 0x67, 0x72, 0x65, 0x64, 0x69, 0x65,
	0x6e, 0x74, 0x53, 0x74, 0x61, 0x74, 0x65, 0x12, 0x2f, 0x2e, 0x6d, 0x65, 0x61, 0x6c, 0x70, 0x6c,
	0x61, 0x6e, 0x6e, 0x69, 0x6e, 0x67, 0x2e, 0x55, 0x70, 0x64, 0x61, 0x74, 0x65, 0x56, 0x61, 0x6c,
	0x69, 0x64, 0x49, 0x6e, 0x67, 0x72, 0x65, 0x64, 0x69, 0x65, 0x6e, 0x74, 0x53, 0x74, 0x61, 0x74,
	0x65, 0x52, 0x65, 0x71, 0x75, 0x65, 0x73, 0x74, 0x1a, 0x30, 0x2e, 0x6d, 0x65, 0x61, 0x6c, 0x70,
	0x6c, 0x61, 0x6e, 0x6e, 0x69, 0x6e, 0x67, 0x2e, 0x55, 0x70, 0x64, 0x61, 0x74, 0x65, 0x56, 0x61,
	0x6c, 0x69, 0x64, 0x49, 0x6e, 0x67, 0x72, 0x65, 0x64, 0x69, 0x65, 0x6e, 0x74, 0x53, 0x74, 0x61,
	0x74, 0x65, 0x52, 0x65, 0x73, 0x70, 0x6f, 0x6e, 0x73, 0x65, 0x12, 0x9d, 0x01, 0x0a, 0x24, 0x55,
	0x70, 0x64, 0x61, 0x74, 0x65, 0x56, 0x61, 0x6c, 0x69, 0x64, 0x49, 0x6e, 0x67, 0x72, 0x65, 0x64,
	0x69, 0x65, 0x6e, 0x74, 0x53, 0x74, 0x61, 0x74, 0x65, 0x49, 0x6e, 0x67, 0x72, 0x65, 0x64, 0x69,
	0x65, 0x6e, 0x74, 0x12, 0x39, 0x2e, 0x6d, 0x65, 0x61, 0x6c, 0x70, 0x6c, 0x61, 0x6e, 0x6e, 0x69,
	0x6e, 0x67, 0x2e, 0x55, 0x70, 0x64, 0x61, 0x74, 0x65, 0x56, 0x61, 0x6c, 0x69, 0x64, 0x49, 0x6e,
	0x67, 0x72, 0x65, 0x64, 0x69, 0x65, 0x6e, 0x74, 0x53, 0x74, 0x61, 0x74, 0x65, 0x49, 0x6e, 0x67,
	0x72, 0x65, 0x64, 0x69, 0x65, 0x6e, 0x74, 0x52, 0x65, 0x71, 0x75, 0x65, 0x73, 0x74, 0x1a, 0x3a,
	0x2e, 0x6d, 0x65, 0x61, 0x6c, 0x70, 0x6c, 0x61, 0x6e, 0x6e, 0x69, 0x6e, 0x67, 0x2e, 0x55, 0x70,
	0x64, 0x61, 0x74, 0x65, 0x56, 0x61, 0x6c, 0x69, 0x64, 0x49, 0x6e, 0x67, 0x72, 0x65, 0x64, 0x69,
	0x65, 0x6e, 0x74, 0x53, 0x74, 0x61, 0x74, 0x65, 0x49, 0x6e, 0x67, 0x72, 0x65, 0x64, 0x69, 0x65,
	0x6e, 0x74, 0x52, 0x65, 0x73, 0x70, 0x6f, 0x6e, 0x73, 0x65, 0x12, 0x70, 0x0a, 0x15, 0x55, 0x70,
	0x64, 0x61, 0x74, 0x65, 0x56, 0x61, 0x6c, 0x69, 0x64, 0x49, 0x6e, 0x73, 0x74, 0x72, 0x75, 0x6d,
	0x65, 0x6e, 0x74, 0x12, 0x2a, 0x2e, 0x6d, 0x65, 0x61, 0x6c, 0x70, 0x6c, 0x61, 0x6e, 0x6e, 0x69,
	0x6e, 0x67, 0x2e, 0x55, 0x70, 0x64, 0x61, 0x74, 0x65, 0x56, 0x61, 0x6c, 0x69, 0x64, 0x49, 0x6e,
	0x73, 0x74, 0x72, 0x75, 0x6d, 0x65, 0x6e, 0x74, 0x52, 0x65, 0x71, 0x75, 0x65, 0x73, 0x74, 0x1a,
	0x2b, 0x2e, 0x6d, 0x65, 0x61, 0x6c, 0x70, 0x6c, 0x61, 0x6e, 0x6e, 0x69, 0x6e, 0x67, 0x2e, 0x55,
	0x70, 0x64, 0x61, 0x74, 0x65, 0x56, 0x61, 0x6c, 0x69, 0x64, 0x49, 0x6e, 0x73, 0x74, 0x72, 0x75,
	0x6d, 0x65, 0x6e, 0x74, 0x52, 0x65, 0x73, 0x70, 0x6f, 0x6e, 0x73, 0x65, 0x12, 0x7f, 0x0a, 0x1a,
	0x55, 0x70, 0x64, 0x61, 0x74, 0x65, 0x56, 0x61, 0x6c, 0x69, 0x64, 0x4d, 0x65, 0x61, 0x73, 0x75,
	0x72, 0x65, 0x6d, 0x65, 0x6e, 0x74, 0x55, 0x6e, 0x69, 0x74, 0x12, 0x2f, 0x2e, 0x6d, 0x65, 0x61,
	0x6c, 0x70, 0x6c, 0x61, 0x6e, 0x6e, 0x69, 0x6e, 0x67, 0x2e, 0x55, 0x70, 0x64, 0x61, 0x74, 0x65,
	0x56, 0x61, 0x6c, 0x69, 0x64, 0x4d, 0x65, 0x61, 0x73, 0x75, 0x72, 0x65, 0x6d, 0x65, 0x6e, 0x74,
	0x55, 0x6e, 0x69, 0x74, 0x52, 0x65, 0x71, 0x75, 0x65, 0x73, 0x74, 0x1a, 0x30, 0x2e, 0x6d, 0x65,
	0x61, 0x6c, 0x70, 0x6c, 0x61, 0x6e, 0x6e, 0x69, 0x6e, 0x67, 0x2e, 0x55, 0x70, 0x64, 0x61, 0x74,
	0x65, 0x56, 0x61, 0x6c, 0x69, 0x64, 0x4d, 0x65, 0x61, 0x73, 0x75, 0x72, 0x65, 0x6d, 0x65, 0x6e,
	0x74, 0x55, 0x6e, 0x69, 0x74, 0x52, 0x65, 0x73, 0x70, 0x6f, 0x6e, 0x73, 0x65, 0x12, 0x9d, 0x01,
	0x0a, 0x24, 0x55, 0x70, 0x64, 0x61, 0x74, 0x65, 0x56, 0x61, 0x6c, 0x69, 0x64, 0x4d, 0x65, 0x61,
	0x73, 0x75, 0x72, 0x65, 0x6d, 0x65, 0x6e, 0x74, 0x55, 0x6e, 0x69, 0x74, 0x43, 0x6f, 0x6e, 0x76,
	0x65, 0x72, 0x73, 0x69, 0x6f, 0x6e, 0x12, 0x39, 0x2e, 0x6d, 0x65, 0x61, 0x6c, 0x70, 0x6c, 0x61,
	0x6e, 0x6e, 0x69, 0x6e, 0x67, 0x2e, 0x55, 0x70, 0x64, 0x61, 0x74, 0x65, 0x56, 0x61, 0x6c, 0x69,
	0x64, 0x4d, 0x65, 0x61, 0x73, 0x75, 0x72, 0x65, 0x6d, 0x65, 0x6e, 0x74, 0x55, 0x6e, 0x69, 0x74,
	0x43, 0x6f, 0x6e, 0x76, 0x65, 0x72, 0x73, 0x69, 0x6f, 0x6e, 0x52, 0x65, 0x71, 0x75, 0x65, 0x73,
	0x74, 0x1a, 0x3a, 0x2e, 0x6d, 0x65, 0x61, 0x6c, 0x70, 0x6c, 0x61, 0x6e, 0x6e, 0x69, 0x6e, 0x67,
	0x2e, 0x55, 0x70, 0x64, 0x61, 0x74, 0x65, 0x56, 0x61, 0x6c, 0x69, 0x64, 0x4d, 0x65, 0x61, 0x73,
	0x75, 0x72, 0x65, 0x6d, 0x65, 0x6e, 0x74, 0x55, 0x6e, 0x69, 0x74, 0x43, 0x6f, 0x6e, 0x76, 0x65,
	0x72, 0x73, 0x69, 0x6f, 0x6e, 0x52, 0x65, 0x73, 0x70, 0x6f, 0x6e, 0x73, 0x65, 0x12, 0x73, 0x0a,
	0x16, 0x55, 0x70, 0x64, 0x61, 0x74, 0x65, 0x56, 0x61, 0x6c, 0x69, 0x64, 0x50, 0x72, 0x65, 0x70,
	0x61, 0x72, 0x61, 0x74, 0x69, 0x6f, 0x6e, 0x12, 0x2b, 0x2e, 0x6d, 0x65, 0x61, 0x6c, 0x70, 0x6c,
	0x61, 0x6e, 0x6e, 0x69, 0x6e, 0x67, 0x2e, 0x55, 0x70, 0x64, 0x61, 0x74, 0x65, 0x56, 0x61, 0x6c,
	0x69, 0x64, 0x50, 0x72, 0x65, 0x70, 0x61, 0x72, 0x61, 0x74, 0x69, 0x6f, 0x6e, 0x52, 0x65, 0x71,
	0x75, 0x65, 0x73, 0x74, 0x1a, 0x2c, 0x2e, 0x6d, 0x65, 0x61, 0x6c, 0x70, 0x6c, 0x61, 0x6e, 0x6e,
	0x69, 0x6e, 0x67, 0x2e, 0x55, 0x70, 0x64, 0x61, 0x74, 0x65, 0x56, 0x61, 0x6c, 0x69, 0x64, 0x50,
	0x72, 0x65, 0x70, 0x61, 0x72, 0x61, 0x74, 0x69, 0x6f, 0x6e, 0x52, 0x65, 0x73, 0x70, 0x6f, 0x6e,
	0x73, 0x65, 0x12, 0x91, 0x01, 0x0a, 0x20, 0x55, 0x70, 0x64, 0x61, 0x74, 0x65, 0x56, 0x61, 0x6c,
	0x69, 0x64, 0x50, 0x72, 0x65, 0x70, 0x61, 0x72, 0x61, 0x74, 0x69, 0x6f, 0x6e, 0x49, 0x6e, 0x73,
	0x74, 0x72, 0x75, 0x6d, 0x65, 0x6e, 0x74, 0x12, 0x35, 0x2e, 0x6d, 0x65, 0x61, 0x6c, 0x70, 0x6c,
	0x61, 0x6e, 0x6e, 0x69, 0x6e, 0x67, 0x2e, 0x55, 0x70, 0x64, 0x61, 0x74, 0x65, 0x56, 0x61, 0x6c,
	0x69, 0x64, 0x50, 0x72, 0x65, 0x70, 0x61, 0x72, 0x61, 0x74, 0x69, 0x6f, 0x6e, 0x49, 0x6e, 0x73,
	0x74, 0x72, 0x75, 0x6d, 0x65, 0x6e, 0x74, 0x52, 0x65, 0x71, 0x75, 0x65, 0x73, 0x74, 0x1a, 0x36,
	0x2e, 0x6d, 0x65, 0x61, 0x6c, 0x70, 0x6c, 0x61, 0x6e, 0x6e, 0x69, 0x6e, 0x67, 0x2e, 0x55, 0x70,
	0x64, 0x61, 0x74, 0x65, 0x56, 0x61, 0x6c, 0x69, 0x64, 0x50, 0x72, 0x65, 0x70, 0x61, 0x72, 0x61,
	0x74, 0x69, 0x6f, 0x6e, 0x49, 0x6e, 0x73, 0x74, 0x72, 0x75, 0x6d, 0x65, 0x6e, 0x74, 0x52, 0x65,
	0x73, 0x70, 0x6f, 0x6e, 0x73, 0x65, 0x12, 0x85, 0x01, 0x0a, 0x1c, 0x55, 0x70, 0x64, 0x61, 0x74,
	0x65, 0x56, 0x61, 0x6c, 0x69, 0x64, 0x50, 0x72, 0x65, 0x70, 0x61, 0x72, 0x61, 0x74, 0x69, 0x6f,
	0x6e, 0x56, 0x65, 0x73, 0x73, 0x65, 0x6c, 0x12, 0x31, 0x2e, 0x6d, 0x65, 0x61, 0x6c, 0x70, 0x6c,
	0x61, 0x6e, 0x6e, 0x69, 0x6e, 0x67, 0x2e, 0x55, 0x70, 0x64, 0x61, 0x74, 0x65, 0x56, 0x61, 0x6c,
	0x69, 0x64, 0x50, 0x72, 0x65, 0x70, 0x61, 0x72, 0x61, 0x74, 0x69, 0x6f, 0x6e, 0x56, 0x65, 0x73,
	0x73, 0x65, 0x6c, 0x52, 0x65, 0x71, 0x75, 0x65, 0x73, 0x74, 0x1a, 0x32, 0x2e, 0x6d, 0x65, 0x61,
	0x6c, 0x70, 0x6c, 0x61, 0x6e, 0x6e, 0x69, 0x6e, 0x67, 0x2e, 0x55, 0x70, 0x64, 0x61, 0x74, 0x65,
	0x56, 0x61, 0x6c, 0x69, 0x64, 0x50, 0x72, 0x65, 0x70, 0x61, 0x72, 0x61, 0x74, 0x69, 0x6f, 0x6e,
	0x56, 0x65, 0x73, 0x73, 0x65, 0x6c, 0x52, 0x65, 0x73, 0x70, 0x6f, 0x6e, 0x73, 0x65, 0x12, 0x64,
	0x0a, 0x11, 0x55, 0x70, 0x64, 0x61, 0x74, 0x65, 0x56, 0x61, 0x6c, 0x69, 0x64, 0x56, 0x65, 0x73,
	0x73, 0x65, 0x6c, 0x12, 0x26, 0x2e, 0x6d, 0x65, 0x61, 0x6c, 0x70, 0x6c, 0x61, 0x6e, 0x6e, 0x69,
	0x6e, 0x67, 0x2e, 0x55, 0x70, 0x64, 0x61, 0x74, 0x65, 0x56, 0x61, 0x6c, 0x69, 0x64, 0x56, 0x65,
	0x73, 0x73, 0x65, 0x6c, 0x52, 0x65, 0x71, 0x75, 0x65, 0x73, 0x74, 0x1a, 0x27, 0x2e, 0x6d, 0x65,
	0x61, 0x6c, 0x70, 0x6c, 0x61, 0x6e, 0x6e, 0x69, 0x6e, 0x67, 0x2e, 0x55, 0x70, 0x64, 0x61, 0x74,
	0x65, 0x56, 0x61, 0x6c, 0x69, 0x64, 0x56, 0x65, 0x73, 0x73, 0x65, 0x6c, 0x52, 0x65, 0x73, 0x70,
	0x6f, 0x6e, 0x73, 0x65, 0x12, 0x94, 0x01, 0x0a, 0x21, 0x41, 0x72, 0x63, 0x68, 0x69, 0x76, 0x65,
	0x41, 0x63, 0x63, 0x6f, 0x75, 0x6e, 0x74, 0x49, 0x6e, 0x73, 0x74, 0x72, 0x75, 0x6d, 0x65, 0x6e,
	0x74, 0x4f, 0x77, 0x6e, 0x65, 0x72, 0x73, 0x68, 0x69, 0x70, 0x12, 0x36, 0x2e, 0x6d, 0x65, 0x61,
	0x6c, 0x70, 0x6c, 0x61, 0x6e, 0x6e, 0x69, 0x6e, 0x67, 0x2e, 0x41, 0x72, 0x63, 0x68, 0x69, 0x76,
	0x65, 0x41, 0x63, 0x63, 0x6f, 0x75, 0x6e, 0x74, 0x49, 0x6e, 0x73, 0x74, 0x72, 0x75, 0x6d, 0x65,
	0x6e, 0x74, 0x4f, 0x77, 0x6e, 0x65, 0x72, 0x73, 0x68, 0x69, 0x70, 0x52, 0x65, 0x71, 0x75, 0x65,
	0x73, 0x74, 0x1a, 0x37, 0x2e, 0x6d, 0x65, 0x61, 0x6c, 0x70, 0x6c, 0x61, 0x6e, 0x6e, 0x69, 0x6e,
	0x67, 0x2e, 0x41, 0x72, 0x63, 0x68, 0x69, 0x76, 0x65, 0x41, 0x63, 0x63, 0x6f, 0x75, 0x6e, 0x74,
	0x49, 0x6e, 0x73, 0x74, 0x72, 0x75, 0x6d, 0x65, 0x6e, 0x74, 0x4f, 0x77, 0x6e, 0x65, 0x72, 0x73,
	0x68, 0x69, 0x70, 0x52, 0x65, 0x73, 0x70, 0x6f, 0x6e, 0x73, 0x65, 0x12, 0x8e, 0x01, 0x0a, 0x1f,
	0x41, 0x72, 0x63, 0x68, 0x69, 0x76, 0x65, 0x55, 0x73, 0x65, 0x72, 0x49, 0x6e, 0x67, 0x72, 0x65,
	0x64, 0x69, 0x65, 0x6e, 0x74, 0x50, 0x72, 0x65, 0x66, 0x65, 0x72, 0x65, 0x6e, 0x63, 0x65, 0x12,
	0x34, 0x2e, 0x6d, 0x65, 0x61, 0x6c, 0x70, 0x6c, 0x61, 0x6e, 0x6e, 0x69, 0x6e, 0x67, 0x2e, 0x41,
	0x72, 0x63, 0x68, 0x69, 0x76, 0x65, 0x55, 0x73, 0x65, 0x72, 0x49, 0x6e, 0x67, 0x72, 0x65, 0x64,
	0x69, 0x65, 0x6e, 0x74, 0x50, 0x72, 0x65, 0x66, 0x65, 0x72, 0x65, 0x6e, 0x63, 0x65, 0x52, 0x65,
	0x71, 0x75, 0x65, 0x73, 0x74, 0x1a, 0x35, 0x2e, 0x6d, 0x65, 0x61, 0x6c, 0x70, 0x6c, 0x61, 0x6e,
	0x6e, 0x69, 0x6e, 0x67, 0x2e, 0x41, 0x72, 0x63, 0x68, 0x69, 0x76, 0x65, 0x55, 0x73, 0x65, 0x72,
	0x49, 0x6e, 0x67, 0x72, 0x65, 0x64, 0x69, 0x65, 0x6e, 0x74, 0x50, 0x72, 0x65, 0x66, 0x65, 0x72,
	0x65, 0x6e, 0x63, 0x65, 0x52, 0x65, 0x73, 0x70, 0x6f, 0x6e, 0x73, 0x65, 0x12, 0x91, 0x01, 0x0a,
	0x20, 0x43, 0x72, 0x65, 0x61, 0x74, 0x65, 0x41, 0x63, 0x63, 0x6f, 0x75, 0x6e, 0x74, 0x49, 0x6e,
	0x73, 0x74, 0x72, 0x75, 0x6d, 0x65, 0x6e, 0x74, 0x4f, 0x77, 0x6e, 0x65, 0x72, 0x73, 0x68, 0x69,
	0x70, 0x12, 0x35, 0x2e, 0x6d, 0x65, 0x61, 0x6c, 0x70, 0x6c, 0x61, 0x6e, 0x6e, 0x69, 0x6e, 0x67,
	0x2e, 0x43, 0x72, 0x65, 0x61, 0x74, 0x65, 0x41, 0x63, 0x63, 0x6f, 0x75, 0x6e, 0x74, 0x49, 0x6e,
	0x73, 0x74, 0x72, 0x75, 0x6d, 0x65, 0x6e, 0x74, 0x4f, 0x77, 0x6e, 0x65, 0x72, 0x73, 0x68, 0x69,
	0x70, 0x52, 0x65, 0x71, 0x75, 0x65, 0x73, 0x74, 0x1a, 0x36, 0x2e, 0x6d, 0x65, 0x61, 0x6c, 0x70,
	0x6c, 0x61, 0x6e, 0x6e, 0x69, 0x6e, 0x67, 0x2e, 0x43, 0x72, 0x65, 0x61, 0x74, 0x65, 0x41, 0x63,
	0x63, 0x6f, 0x75, 0x6e, 0x74, 0x49, 0x6e, 0x73, 0x74, 0x72, 0x75, 0x6d, 0x65, 0x6e, 0x74, 0x4f,
	0x77, 0x6e, 0x65, 0x72, 0x73, 0x68, 0x69, 0x70, 0x52, 0x65, 0x73, 0x70, 0x6f, 0x6e, 0x73, 0x65,
	0x12, 0x8b, 0x01, 0x0a, 0x1e, 0x43, 0x72, 0x65, 0x61, 0x74, 0x65, 0x55, 0x73, 0x65, 0x72, 0x49,
	0x6e, 0x67, 0x72, 0x65, 0x64, 0x69, 0x65, 0x6e, 0x74, 0x50, 0x72, 0x65, 0x66, 0x65, 0x72, 0x65,
	0x6e, 0x63, 0x65, 0x12, 0x33, 0x2e, 0x6d, 0x65, 0x61, 0x6c, 0x70, 0x6c, 0x61, 0x6e, 0x6e, 0x69,
	0x6e, 0x67, 0x2e, 0x43, 0x72, 0x65, 0x61, 0x74, 0x65, 0x55, 0x73, 0x65, 0x72, 0x49, 0x6e, 0x67,
	0x72, 0x65, 0x64, 0x69, 0x65, 0x6e, 0x74, 0x50, 0x72, 0x65, 0x66, 0x65, 0x72, 0x65, 0x6e, 0x63,
	0x65, 0x52, 0x65, 0x71, 0x75, 0x65, 0x73, 0x74, 0x1a, 0x34, 0x2e, 0x6d, 0x65, 0x61, 0x6c, 0x70,
	0x6c, 0x61, 0x6e, 0x6e, 0x69, 0x6e, 0x67, 0x2e, 0x43, 0x72, 0x65, 0x61, 0x74, 0x65, 0x55, 0x73,
	0x65, 0x72, 0x49, 0x6e, 0x67, 0x72, 0x65, 0x64, 0x69, 0x65, 0x6e, 0x74, 0x50, 0x72, 0x65, 0x66,
	0x65, 0x72, 0x65, 0x6e, 0x63, 0x65, 0x52, 0x65, 0x73, 0x70, 0x6f, 0x6e, 0x73, 0x65, 0x12, 0x88,
	0x01, 0x0a, 0x1d, 0x47, 0x65, 0x74, 0x41, 0x63, 0x63, 0x6f, 0x75, 0x6e, 0x74, 0x49, 0x6e, 0x73,
	0x74, 0x72, 0x75, 0x6d, 0x65, 0x6e, 0x74, 0x4f, 0x77, 0x6e, 0x65, 0x72, 0x73, 0x68, 0x69, 0x70,
	0x12, 0x32, 0x2e, 0x6d, 0x65, 0x61, 0x6c, 0x70, 0x6c, 0x61, 0x6e, 0x6e, 0x69, 0x6e, 0x67, 0x2e,
	0x47, 0x65, 0x74, 0x41, 0x63, 0x63, 0x6f, 0x75, 0x6e, 0x74, 0x49, 0x6e, 0x73, 0x74, 0x72, 0x75,
	0x6d, 0x65, 0x6e, 0x74, 0x4f, 0x77, 0x6e, 0x65, 0x72, 0x73, 0x68, 0x69, 0x70, 0x52, 0x65, 0x71,
	0x75, 0x65, 0x73, 0x74, 0x1a, 0x33, 0x2e, 0x6d, 0x65, 0x61, 0x6c, 0x70, 0x6c, 0x61, 0x6e, 0x6e,
	0x69, 0x6e, 0x67, 0x2e, 0x47, 0x65, 0x74, 0x41, 0x63, 0x63, 0x6f, 0x75, 0x6e, 0x74, 0x49, 0x6e,
	0x73, 0x74, 0x72, 0x75, 0x6d, 0x65, 0x6e, 0x74, 0x4f, 0x77, 0x6e, 0x65, 0x72, 0x73, 0x68, 0x69,
	0x70, 0x52, 0x65, 0x73, 0x70, 0x6f, 0x6e, 0x73, 0x65, 0x12, 0x8b, 0x01, 0x0a, 0x1e, 0x47, 0x65,
	0x74, 0x41, 0x63, 0x63, 0x6f, 0x75, 0x6e, 0x74, 0x49, 0x6e, 0x73, 0x74, 0x72, 0x75, 0x6d, 0x65,
	0x6e, 0x74, 0x4f, 0x77, 0x6e, 0x65, 0x72, 0x73, 0x68, 0x69, 0x70, 0x73, 0x12, 0x33, 0x2e, 0x6d,
	0x65, 0x61, 0x6c, 0x70, 0x6c, 0x61, 0x6e, 0x6e, 0x69, 0x6e, 0x67, 0x2e, 0x47, 0x65, 0x74, 0x41,
	0x63, 0x63, 0x6f, 0x75, 0x6e, 0x74, 0x49, 0x6e, 0x73, 0x74, 0x72, 0x75, 0x6d, 0x65, 0x6e, 0x74,
	0x4f, 0x77, 0x6e, 0x65, 0x72, 0x73, 0x68, 0x69, 0x70, 0x73, 0x52, 0x65, 0x71, 0x75, 0x65, 0x73,
	0x74, 0x1a, 0x34, 0x2e, 0x6d, 0x65, 0x61, 0x6c, 0x70, 0x6c, 0x61, 0x6e, 0x6e, 0x69, 0x6e, 0x67,
	0x2e, 0x47, 0x65, 0x74, 0x41, 0x63, 0x63, 0x6f, 0x75, 0x6e, 0x74, 0x49, 0x6e, 0x73, 0x74, 0x72,
	0x75, 0x6d, 0x65, 0x6e, 0x74, 0x4f, 0x77, 0x6e, 0x65, 0x72, 0x73, 0x68, 0x69, 0x70, 0x73, 0x52,
	0x65, 0x73, 0x70, 0x6f, 0x6e, 0x73, 0x65, 0x12, 0xaf, 0x01, 0x0a, 0x2a, 0x53, 0x65, 0x61, 0x72,
	0x63, 0x68, 0x46, 0x6f, 0x72, 0x56, 0x61, 0x6c, 0x69, 0x64, 0x49, 0x6e, 0x73, 0x74, 0x72, 0x75,
	0x6d, 0x65, 0x6e, 0x74, 0x73, 0x4e, 0x6f, 0x74, 0x4f, 0x77, 0x6e, 0x65, 0x64, 0x42, 0x79, 0x41,
	0x63, 0x63, 0x6f, 0x75, 0x6e, 0x74, 0x12, 0x3f, 0x2e, 0x6d, 0x65, 0x61, 0x6c, 0x70, 0x6c, 0x61,
	0x6e, 0x6e, 0x69, 0x6e, 0x67, 0x2e, 0x53, 0x65, 0x61, 0x72, 0x63, 0x68, 0x46, 0x6f, 0x72, 0x56,
	0x61, 0x6c, 0x69, 0x64, 0x49, 0x6e, 0x73, 0x74, 0x72, 0x75, 0x6d, 0x65, 0x6e, 0x74, 0x73, 0x4e,
	0x6f, 0x74, 0x4f, 0x77, 0x6e, 0x65, 0x64, 0x42, 0x79, 0x41, 0x63, 0x63, 0x6f, 0x75, 0x6e, 0x74,
	0x52, 0x65, 0x71, 0x75, 0x65, 0x73, 0x74, 0x1a, 0x40, 0x2e, 0x6d, 0x65, 0x61, 0x6c, 0x70, 0x6c,
	0x61, 0x6e, 0x6e, 0x69, 0x6e, 0x67, 0x2e, 0x53, 0x65, 0x61, 0x72, 0x63, 0x68, 0x46, 0x6f, 0x72,
	0x56, 0x61, 0x6c, 0x69, 0x64, 0x49, 0x6e, 0x73, 0x74, 0x72, 0x75, 0x6d, 0x65, 0x6e, 0x74, 0x73,
	0x4e, 0x6f, 0x74, 0x4f, 0x77, 0x6e, 0x65, 0x64, 0x42, 0x79, 0x41, 0x63, 0x63, 0x6f, 0x75, 0x6e,
	0x74, 0x52, 0x65, 0x73, 0x70, 0x6f, 0x6e, 0x73, 0x65, 0x12, 0x82, 0x01, 0x0a, 0x1b, 0x47, 0x65,
	0x74, 0x55, 0x73, 0x65, 0x72, 0x49, 0x6e, 0x67, 0x72, 0x65, 0x64, 0x69, 0x65, 0x6e, 0x74, 0x50,
	0x72, 0x65, 0x66, 0x65, 0x72, 0x65, 0x6e, 0x63, 0x65, 0x12, 0x30, 0x2e, 0x6d, 0x65, 0x61, 0x6c,
	0x70, 0x6c, 0x61, 0x6e, 0x6e, 0x69, 0x6e, 0x67, 0x2e, 0x47, 0x65, 0x74, 0x55, 0x73, 0x65, 0x72,
	0x49, 0x6e, 0x67, 0x72, 0x65, 0x64, 0x69, 0x65, 0x6e, 0x74, 0x50, 0x72, 0x65, 0x66, 0x65, 0x72,
	0x65, 0x6e, 0x63, 0x65, 0x52, 0x65, 0x71, 0x75, 0x65, 0x73, 0x74, 0x1a, 0x31, 0x2e, 0x6d, 0x65,
	0x61, 0x6c, 0x70, 0x6c, 0x61, 0x6e, 0x6e, 0x69, 0x6e, 0x67, 0x2e, 0x47, 0x65, 0x74, 0x55, 0x73,
	0x65, 0x72, 0x49, 0x6e, 0x67, 0x72, 0x65, 0x64, 0x69, 0x65, 0x6e, 0x74, 0x50, 0x72, 0x65, 0x66,
	0x65, 0x72, 0x65, 0x6e, 0x63, 0x65, 0x52, 0x65, 0x73, 0x70, 0x6f, 0x6e, 0x73, 0x65, 0x12, 0x85,
	0x01, 0x0a, 0x1c, 0x47, 0x65, 0x74, 0x55, 0x73, 0x65, 0x72, 0x49, 0x6e, 0x67, 0x72, 0x65, 0x64,
	0x69, 0x65, 0x6e, 0x74, 0x50, 0x72, 0x65, 0x66, 0x65, 0x72, 0x65, 0x6e, 0x63, 0x65, 0x73, 0x12,
	0x31, 0x2e, 0x6d, 0x65, 0x61, 0x6c, 0x70, 0x6c, 0x61, 0x6e, 0x6e, 0x69, 0x6e, 0x67, 0x2e, 0x47,
	0x65, 0x74, 0x55, 0x73, 0x65, 0x72, 0x49, 0x6e, 0x67, 0x72, 0x65, 0x64, 0x69, 0x65, 0x6e, 0x74,
	0x50, 0x72, 0x65, 0x66, 0x65, 0x72, 0x65, 0x6e, 0x63, 0x65, 0x73, 0x52, 0x65, 0x71, 0x75, 0x65,
	0x73, 0x74, 0x1a, 0x32, 0x2e, 0x6d, 0x65, 0x61, 0x6c, 0x70, 0x6c, 0x61, 0x6e, 0x6e, 0x69, 0x6e,
	0x67, 0x2e, 0x47, 0x65, 0x74, 0x55, 0x73, 0x65, 0x72, 0x49, 0x6e, 0x67, 0x72, 0x65, 0x64, 0x69,
	0x65, 0x6e, 0x74, 0x50, 0x72, 0x65, 0x66, 0x65, 0x72, 0x65, 0x6e, 0x63, 0x65, 0x73, 0x52, 0x65,
	0x73, 0x70, 0x6f, 0x6e, 0x73, 0x65, 0x12, 0x91, 0x01, 0x0a, 0x20, 0x55, 0x70, 0x64, 0x61, 0x74,
	0x65, 0x41, 0x63, 0x63, 0x6f, 0x75, 0x6e, 0x74, 0x49, 0x6e, 0x73, 0x74, 0x72, 0x75, 0x6d, 0x65,
	0x6e, 0x74, 0x4f, 0x77, 0x6e, 0x65, 0x72, 0x73, 0x68, 0x69, 0x70, 0x12, 0x35, 0x2e, 0x6d, 0x65,
	0x61, 0x6c, 0x70, 0x6c, 0x61, 0x6e, 0x6e, 0x69, 0x6e, 0x67, 0x2e, 0x55, 0x70, 0x64, 0x61, 0x74,
	0x65, 0x41, 0x63, 0x63, 0x6f, 0x75, 0x6e, 0x74, 0x49, 0x6e, 0x73, 0x74, 0x72, 0x75, 0x6d, 0x65,
	0x6e, 0x74, 0x4f, 0x77, 0x6e, 0x65, 0x72, 0x73, 0x68, 0x69, 0x70, 0x52, 0x65, 0x71, 0x75, 0x65,
	0x73, 0x74, 0x1a, 0x36, 0x2e, 0x6d, 0x65, 0x61, 0x6c, 0x70, 0x6c, 0x61, 0x6e, 0x6e, 0x69, 0x6e,
	0x67, 0x2e, 0x55, 0x70, 0x64, 0x61, 0x74, 0x65, 0x41, 0x63, 0x63, 0x6f, 0x75, 0x6e, 0x74, 0x49,
	0x6e, 0x73, 0x74, 0x72, 0x75, 0x6d, 0x65, 0x6e, 0x74, 0x4f, 0x77, 0x6e, 0x65, 0x72, 0x73, 0x68,
	0x69, 0x70, 0x52, 0x65, 0x73, 0x70, 0x6f, 0x6e, 0x73, 0x65, 0x12, 0x8b, 0x01, 0x0a, 0x1e, 0x55,
	0x70, 0x64, 0x61, 0x74, 0x65, 0x55, 0x73, 0x65, 0x72, 0x49, 0x6e, 0x67, 0x72, 0x65, 0x64, 0x69,
	0x65, 0x6e, 0x74, 0x50, 0x72, 0x65, 0x66, 0x65, 0x72, 0x65, 0x6e, 0x63, 0x65, 0x12, 0x33, 0x2e,
	0x6d, 0x65, 0x61, 0x6c, 0x70, 0x6c, 0x61, 0x6e, 0x6e, 0x69, 0x6e, 0x67, 0x2e, 0x55, 0x70, 0x64,
	0x61, 0x74, 0x65, 0x55, 0x73, 0x65, 0x72, 0x49, 0x6e, 0x67, 0x72, 0x65, 0x64, 0x69, 0x65, 0x6e,
	0x74, 0x50, 0x72, 0x65, 0x66, 0x65, 0x72, 0x65, 0x6e, 0x63, 0x65, 0x52, 0x65, 0x71, 0x75, 0x65,
	0x73, 0x74, 0x1a, 0x34, 0x2e, 0x6d, 0x65, 0x61, 0x6c, 0x70, 0x6c, 0x61, 0x6e, 0x6e, 0x69, 0x6e,
	0x67, 0x2e, 0x55, 0x70, 0x64, 0x61, 0x74, 0x65, 0x55, 0x73, 0x65, 0x72, 0x49, 0x6e, 0x67, 0x72,
	0x65, 0x64, 0x69, 0x65, 0x6e, 0x74, 0x50, 0x72, 0x65, 0x66, 0x65, 0x72, 0x65, 0x6e, 0x63, 0x65,
	0x52, 0x65, 0x73, 0x70, 0x6f, 0x6e, 0x73, 0x65, 0x12, 0x60, 0x0a, 0x0f, 0x55, 0x70, 0x6c, 0x6f,
	0x61, 0x64, 0x4d, 0x65, 0x61, 0x6c, 0x49, 0x6d, 0x61, 0x67, 0x65, 0x12, 0x24, 0x2e, 0x6d, 0x65,
	0x61, 0x6c, 0x70, 0x6c, 0x61, 0x6e, 0x6e, 0x69, 0x6e, 0x67, 0x2e, 0x55, 0x70, 0x6c, 0x6f, 0x61,
	0x64, 0x4d, 0x65, 0x61, 0x6c, 0x4d, 0x65, 0x64, 0x69, 0x61, 0x52, 0x65, 0x71, 0x75, 0x65, 0x73,
	0x74, 0x1a, 0x25, 0x2e, 0x6d, 0x65, 0x61, 0x6c, 0x70, 0x6c, 0x61, 0x6e, 0x6e, 0x69, 0x6e, 0x67,
	0x2e, 0x55, 0x70, 0x6c, 0x6f, 0x61, 0x64, 0x4d, 0x65, 0x61, 0x6c, 0x49, 0x6d, 0x61, 0x67, 0x65,
	0x52, 0x65, 0x73, 0x70, 0x6f, 0x6e, 0x73, 0x65, 0x28, 0x01, 0x12, 0x66, 0x0a, 0x11, 0x55, 0x70,
	0x6c, 0x6f, 0x61, 0x64, 0x52, 0x65, 0x63, 0x69, 0x70, 0x65, 0x49, 0x6d, 0x61, 0x67, 0x65, 0x12,
	0x26, 0x2e, 0x6d, 0x65, 0x61, 0x6c, 0x70, 0x6c, 0x61, 0x6e, 0x6e, 0x69, 0x6e, 0x67, 0x2e, 0x55,
	0x70, 0x6c, 0x6f, 0x61, 0x64, 0x52, 0x65, 0x63, 0x69, 0x70, 0x65, 0x4d, 0x65, 0x64, 0x69, 0x61,
	0x52, 0x65, 0x71, 0x75, 0x65, 0x73, 0x74, 0x1a, 0x27, 0x2e, 0x6d, 0x65, 0x61, 0x6c, 0x70, 0x6c,
	0x61, 0x6e, 0x6e, 0x69, 0x6e, 0x67, 0x2e, 0x55, 0x70, 0x6c, 0x6f, 0x61, 0x64, 0x52, 0x65, 0x63,
	0x69, 0x70, 0x65, 0x49, 0x6d, 0x61, 0x67, 0x65, 0x52, 0x65, 0x73, 0x70, 0x6f, 0x6e, 0x73, 0x65,
	0x28, 0x01, 0x12, 0x75, 0x0a, 0x16, 0x55, 0x70, 0x6c, 0x6f, 0x61, 0x64, 0x50, 0x72, 0x65, 0x70,
	0x61, 0x72, 0x61, 0x74, 0x69, 0x6f, 0x6e, 0x4d, 0x65, 0x64, 0x69, 0x61, 0x12, 0x2b, 0x2e, 0x6d,
	0x65, 0x61, 0x6c, 0x70, 0x6c, 0x61, 0x6e, 0x6e, 0x69, 0x6e, 0x67, 0x2e, 0x55, 0x70, 0x6c, 0x6f,
	0x61, 0x64, 0x50, 0x72, 0x65, 0x70, 0x61, 0x72, 0x61, 0x74, 0x69, 0x6f, 0x6e, 0x4d, 0x65, 0x64,
	0x69, 0x61, 0x52, 0x65, 0x71, 0x75, 0x65, 0x73, 0x74, 0x1a, 0x2c, 0x2e, 0x6d, 0x65, 0x61, 0x6c,
	0x70, 0x6c, 0x61, 0x6e, 0x6e, 0x69, 0x6e, 0x67, 0x2e, 0x55, 0x70, 0x6c, 0x6f, 0x61, 0x64, 0x50,
	0x72, 0x65, 0x70, 0x61, 0x72, 0x61, 0x74, 0x69, 0x6f, 0x6e, 0x4d, 0x65, 0x64, 0x69, 0x61, 0x52,
	0x65, 0x73, 0x70, 0x6f, 0x6e, 0x73, 0x65, 0x28, 0x01, 0x12, 0x72, 0x0a, 0x15, 0x55, 0x70, 0x6c,
	0x6f, 0x61, 0x64, 0x49, 0x6e, 0x67, 0x72, 0x65, 0x64, 0x69, 0x65, 0x6e, 0x74, 0x4d, 0x65, 0x64,
	0x69, 0x61, 0x12, 0x2a, 0x2e, 0x6d, 0x65, 0x61, 0x6c, 0x70, 0x6c, 0x61, 0x6e, 0x6e, 0x69, 0x6e,
	0x67, 0x2e, 0x55, 0x70, 0x6c, 0x6f, 0x61, 0x64, 0x49, 0x6e, 0x67, 0x72, 0x65, 0x64, 0x69, 0x65,
	0x6e, 0x74, 0x4d, 0x65, 0x64, 0x69, 0x61, 0x52, 0x65, 0x71, 0x75, 0x65, 0x73, 0x74, 0x1a, 0x2b,
	0x2e, 0x6d, 0x65, 0x61, 0x6c, 0x70, 0x6c, 0x61, 0x6e, 0x6e, 0x69, 0x6e, 0x67, 0x2e, 0x55, 0x70,
	0x6c, 0x6f, 0x61, 0x64, 0x49, 0x6e, 0x67, 0x72, 0x65, 0x64, 0x69, 0x65, 0x6e, 0x74, 0x4d, 0x65,
	0x64, 0x69, 0x61, 0x52, 0x65, 0x73, 0x70, 0x6f, 0x6e, 0x73, 0x65, 0x28, 0x01, 0x12, 0x72, 0x0a,
	0x15, 0x55, 0x70, 0x6c, 0x6f, 0x61, 0x64, 0x52, 0x65, 0x63, 0x69, 0x70, 0x65, 0x53, 0x74, 0x65,
	0x70, 0x49, 0x6d, 0x61, 0x67, 0x65, 0x12, 0x2a, 0x2e, 0x6d, 0x65, 0x61, 0x6c, 0x70, 0x6c, 0x61,
	0x6e, 0x6e, 0x69, 0x6e, 0x67, 0x2e, 0x55, 0x70, 0x6c, 0x6f, 0x61, 0x64, 0x52, 0x65, 0x63, 0x69,
	0x70, 0x65, 0x53, 0x74, 0x65, 0x70, 0x49, 0x6d, 0x61, 0x67, 0x65, 0x52, 0x65, 0x71, 0x75, 0x65,
	0x73, 0x74, 0x1a, 0x2b, 0x2e, 0x6d, 0x65, 0x61, 0x6c, 0x70, 0x6c, 0x61, 0x6e, 0x6e, 0x69, 0x6e,
	0x67, 0x2e, 0x55, 0x70, 0x6c, 0x6f, 0x61, 0x64, 0x52, 0x65, 0x63, 0x69, 0x70, 0x65, 0x53, 0x74,
	0x65, 0x70, 0x49, 0x6d, 0x61, 0x67, 0x65, 0x52, 0x65, 0x73, 0x70, 0x6f, 0x6e, 0x73, 0x65, 0x28,
	0x01, 0x42, 0x61, 0x5a, 0x5f, 0x67, 0x69, 0x74, 0x68, 0x75, 0x62, 0x2e, 0x63, 0x6f, 0x6d, 0x2f,
	0x70, 0x72, 0x69, 0x6d, 0x61, 0x6e, 0x64, 0x70, 0x72, 0x6f, 0x70, 0x65, 0x72, 0x2f, 0x64, 0x69,
	0x6e, 0x6e, 0x65, 0x72, 0x64, 0x6f, 0x6e, 0x65, 0x62, 0x65, 0x74, 0x74, 0x65, 0x72, 0x2f, 0x62,
	0x61, 0x63, 0x6b, 0x65, 0x6e, 0x64, 0x2f, 0x69, 0x6e, 0x74, 0x65, 0x72, 0x6e, 0x61, 0x6c, 0x2f,
	0x67, 0x72, 0x70, 0x63, 0x2f, 0x67, 0x65, 0x6e, 0x65, 0x72, 0x61, 0x74, 0x65, 0x64, 0x2f, 0x73,
	0x65, 0x72, 0x76, 0x69, 0x63, 0x65, 0x73, 0x2f, 0x6d, 0x65, 0x61, 0x6c, 0x70, 0x6c, 0x61, 0x6e,
	0x6e, 0x69, 0x6e, 0x67, 0x62, 0x06, 0x70, 0x72, 0x6f, 0x74, 0x6f, 0x33,
})

var file_mealplanning_mealplanning_service_proto_goTypes = []any{
	(*ArchiveMealRequest)(nil),                                          // 0: mealplanning.ArchiveMealRequest
	(*ArchiveMealPlanRequest)(nil),                                      // 1: mealplanning.ArchiveMealPlanRequest
	(*ArchiveMealPlanEventRequest)(nil),                                 // 2: mealplanning.ArchiveMealPlanEventRequest
	(*ArchiveMealPlanGroceryListItemRequest)(nil),                       // 3: mealplanning.ArchiveMealPlanGroceryListItemRequest
	(*ArchiveMealPlanOptionRequest)(nil),                                // 4: mealplanning.ArchiveMealPlanOptionRequest
	(*ArchiveMealPlanOptionVoteRequest)(nil),                            // 5: mealplanning.ArchiveMealPlanOptionVoteRequest
	(*ArchiveMealPlanRecipeOptionSelectionRequest)(nil),                 // 6: mealplanning.ArchiveMealPlanRecipeOptionSelectionRequest
	(*ArchiveMealListRequest)(nil),                                      // 7: mealplanning.ArchiveMealListRequest
	(*ArchiveMealListItemRequest)(nil),                                  // 8: mealplanning.ArchiveMealListItemRequest
	(*ArchiveRecipeRequest)(nil),                                        // 9: mealplanning.ArchiveRecipeRequest
	(*ArchiveRecipePrepTaskRequest)(nil),                                // 10: mealplanning.ArchiveRecipePrepTaskRequest
	(*ArchiveRecipeRatingRequest)(nil),                                  // 11: mealplanning.ArchiveRecipeRatingRequest
	(*ArchiveRecipeListRequest)(nil),                                    // 12: mealplanning.ArchiveRecipeListRequest
	(*ArchiveRecipeListItemRequest)(nil),                                // 13: mealplanning.ArchiveRecipeListItemRequest
	(*ArchiveRecipeStepRequest)(nil),                                    // 14: mealplanning.ArchiveRecipeStepRequest
	(*ArchiveRecipeStepCompletionConditionRequest)(nil),                 // 15: mealplanning.ArchiveRecipeStepCompletionConditionRequest
	(*ArchiveRecipeStepIngredientRequest)(nil),                          // 16: mealplanning.ArchiveRecipeStepIngredientRequest
	(*ArchiveRecipeStepInstrumentRequest)(nil),                          // 17: mealplanning.ArchiveRecipeStepInstrumentRequest
	(*ArchiveRecipeStepProductRequest)(nil),                             // 18: mealplanning.ArchiveRecipeStepProductRequest
	(*ArchiveRecipeStepVesselRequest)(nil),                              // 19: mealplanning.ArchiveRecipeStepVesselRequest
	(*ArchiveValidIngredientRequest)(nil),                               // 20: mealplanning.ArchiveValidIngredientRequest
	(*ArchiveValidIngredientGroupRequest)(nil),                          // 21: mealplanning.ArchiveValidIngredientGroupRequest
	(*ArchiveValidIngredientMeasurementUnitRequest)(nil),                // 22: mealplanning.ArchiveValidIngredientMeasurementUnitRequest
	(*ArchiveValidIngredientPreparationRequest)(nil),                    // 23: mealplanning.ArchiveValidIngredientPreparationRequest
	(*ArchiveValidPrepTaskConfigRequest)(nil),                           // 24: mealplanning.ArchiveValidPrepTaskConfigRequest
	(*ArchiveValidIngredientStateRequest)(nil),                          // 25: mealplanning.ArchiveValidIngredientStateRequest
	(*ArchiveValidIngredientStateIngredientRequest)(nil),                // 26: mealplanning.ArchiveValidIngredientStateIngredientRequest
	(*ArchiveValidInstrumentRequest)(nil),                               // 27: mealplanning.ArchiveValidInstrumentRequest
	(*ArchiveValidMeasurementUnitRequest)(nil),                          // 28: mealplanning.ArchiveValidMeasurementUnitRequest
	(*ArchiveValidMeasurementUnitConversionRequest)(nil),                // 29: mealplanning.ArchiveValidMeasurementUnitConversionRequest
	(*ArchiveValidPreparationRequest)(nil),                              // 30: mealplanning.ArchiveValidPreparationRequest
	(*ArchiveValidPreparationInstrumentRequest)(nil),                    // 31: mealplanning.ArchiveValidPreparationInstrumentRequest
	(*ArchiveValidPreparationVesselRequest)(nil),                        // 32: mealplanning.ArchiveValidPreparationVesselRequest
	(*ArchiveValidVesselRequest)(nil),                                   // 33: mealplanning.ArchiveValidVesselRequest
	(*CloneRecipeRequest)(nil),                                          // 34: mealplanning.CloneRecipeRequest
	(*CreateMealRequest)(nil),                                           // 35: mealplanning.CreateMealRequest
	(*CreateMealPlanRequest)(nil),                                       // 36: mealplanning.CreateMealPlanRequest
	(*CreateMealPlanEventRequest)(nil),                                  // 37: mealplanning.CreateMealPlanEventRequest
	(*CreateMealPlanOptionRequest)(nil),                                 // 38: mealplanning.CreateMealPlanOptionRequest
	(*CreateMealPlanOptionVoteRequest)(nil),                             // 39: mealplanning.CreateMealPlanOptionVoteRequest
	(*CreateMealPlanRecipeOptionSelectionRequest)(nil),                  // 40: mealplanning.CreateMealPlanRecipeOptionSelectionRequest
	(*CreateMealPlanTaskRequest)(nil),                                   // 41: mealplanning.CreateMealPlanTaskRequest
	(*CreateMealListRequest)(nil),                                       // 42: mealplanning.CreateMealListRequest
	(*CreateMealListItemRequest)(nil),                                   // 43: mealplanning.CreateMealListItemRequest
	(*CreateRecipeRequest)(nil),                                         // 44: mealplanning.CreateRecipeRequest
	(*CreateRecipePrepTaskRequest)(nil),                                 // 45: mealplanning.CreateRecipePrepTaskRequest
	(*CreateRecipeRatingRequest)(nil),                                   // 46: mealplanning.CreateRecipeRatingRequest
	(*CreateRecipeListRequest)(nil),                                     // 47: mealplanning.CreateRecipeListRequest
	(*CreateRecipeListItemRequest)(nil),                                 // 48: mealplanning.CreateRecipeListItemRequest
	(*CreateRecipeStepRequest)(nil),                                     // 49: mealplanning.CreateRecipeStepRequest
	(*CreateRecipeStepCompletionConditionRequest)(nil),                  // 50: mealplanning.CreateRecipeStepCompletionConditionRequest
	(*CreateRecipeStepIngredientRequest)(nil),                           // 51: mealplanning.CreateRecipeStepIngredientRequest
	(*CreateRecipeStepInstrumentRequest)(nil),                           // 52: mealplanning.CreateRecipeStepInstrumentRequest
	(*CreateRecipeStepProductRequest)(nil),                              // 53: mealplanning.CreateRecipeStepProductRequest
	(*CreateRecipeStepVesselRequest)(nil),                               // 54: mealplanning.CreateRecipeStepVesselRequest
	(*CreateValidIngredientRequest)(nil),                                // 55: mealplanning.CreateValidIngredientRequest
	(*CreateValidIngredientGroupRequest)(nil),                           // 56: mealplanning.CreateValidIngredientGroupRequest
	(*CreateValidIngredientMeasurementUnitRequest)(nil),                 // 57: mealplanning.CreateValidIngredientMeasurementUnitRequest
	(*CreateValidIngredientPreparationRequest)(nil),                     // 58: mealplanning.CreateValidIngredientPreparationRequest
	(*CreateValidPrepTaskConfigRequest)(nil),                            // 59: mealplanning.CreateValidPrepTaskConfigRequest
	(*CreateValidIngredientStateRequest)(nil),                           // 60: mealplanning.CreateValidIngredientStateRequest
	(*CreateValidIngredientStateIngredientRequest)(nil),                 // 61: mealplanning.CreateValidIngredientStateIngredientRequest
	(*CreateValidInstrumentRequest)(nil),                                // 62: mealplanning.CreateValidInstrumentRequest
	(*CreateValidMeasurementUnitRequest)(nil),                           // 63: mealplanning.CreateValidMeasurementUnitRequest
	(*CreateValidMeasurementUnitConversionRequest)(nil),                 // 64: mealplanning.CreateValidMeasurementUnitConversionRequest
	(*CreateValidPreparationRequest)(nil),                               // 65: mealplanning.CreateValidPreparationRequest
	(*CreateValidPreparationInstrumentRequest)(nil),                     // 66: mealplanning.CreateValidPreparationInstrumentRequest
	(*CreateValidPreparationVesselRequest)(nil),                         // 67: mealplanning.CreateValidPreparationVesselRequest
	(*CreateValidVesselRequest)(nil),                                    // 68: mealplanning.CreateValidVesselRequest
	(*FinalizeMealPlanRequest)(nil),                                     // 69: mealplanning.FinalizeMealPlanRequest
	(*GetMealRequest)(nil),                                              // 70: mealplanning.GetMealRequest
	(*GetMealPlanRequest)(nil),                                          // 71: mealplanning.GetMealPlanRequest
	(*GetMealPlanEventRequest)(nil),                                     // 72: mealplanning.GetMealPlanEventRequest
	(*GetMealPlanEventsRequest)(nil),                                    // 73: mealplanning.GetMealPlanEventsRequest
	(*GetMealPlanGroceryListItemRequest)(nil),                           // 74: mealplanning.GetMealPlanGroceryListItemRequest
	(*GetMealPlanGroceryListItemsForMealPlanRequest)(nil),               // 75: mealplanning.GetMealPlanGroceryListItemsForMealPlanRequest
	(*GetMealPlanOptionRequest)(nil),                                    // 76: mealplanning.GetMealPlanOptionRequest
	(*GetMealPlanOptionVoteRequest)(nil),                                // 77: mealplanning.GetMealPlanOptionVoteRequest
	(*GetMealPlanOptionVotesRequest)(nil),                               // 78: mealplanning.GetMealPlanOptionVotesRequest
	(*GetMealPlanOptionsRequest)(nil),                                   // 79: mealplanning.GetMealPlanOptionsRequest
	(*GetMealPlanRecipeOptionSelectionRequest)(nil),                     // 80: mealplanning.GetMealPlanRecipeOptionSelectionRequest
	(*GetMealPlanRecipeOptionSelectionsForMealPlanOptionRequest)(nil),   // 81: mealplanning.GetMealPlanRecipeOptionSelectionsForMealPlanOptionRequest
	(*GetMealPlanTaskRequest)(nil),                                      // 82: mealplanning.GetMealPlanTaskRequest
	(*GetMealPlanTasksRequest)(nil),                                     // 83: mealplanning.GetMealPlanTasksRequest
	(*GetMealPlansForAccountRequest)(nil),                               // 84: mealplanning.GetMealPlansForAccountRequest
	(*GetMealListsRequest)(nil),                                         // 85: mealplanning.GetMealListsRequest
	(*GetMealsRequest)(nil),                                             // 86: mealplanning.GetMealsRequest
	(*GetMermaidDiagramForMealRequest)(nil),                             // 87: mealplanning.GetMermaidDiagramForMealRequest
	(*GetMermaidDiagramForRecipeRequest)(nil),                           // 88: mealplanning.GetMermaidDiagramForRecipeRequest
	(*GetRandomValidIngredientRequest)(nil),                             // 89: mealplanning.GetRandomValidIngredientRequest
	(*GetRandomValidInstrumentRequest)(nil),                             // 90: mealplanning.GetRandomValidInstrumentRequest
	(*GetRandomValidPreparationRequest)(nil),                            // 91: mealplanning.GetRandomValidPreparationRequest
	(*GetRandomValidVesselRequest)(nil),                                 // 92: mealplanning.GetRandomValidVesselRequest
	(*GetRecipeRequest)(nil),                                            // 93: mealplanning.GetRecipeRequest
	(*EstimateRecipePrepTasksRequest)(nil),                              // 94: mealplanning.EstimateRecipePrepTasksRequest
	(*GetRecipePrepTaskRequest)(nil),                                    // 95: mealplanning.GetRecipePrepTaskRequest
	(*GetRecipePrepTasksRequest)(nil),                                   // 96: mealplanning.GetRecipePrepTasksRequest
	(*GetRecipeRatingRequest)(nil),                                      // 97: mealplanning.GetRecipeRatingRequest
	(*GetRecipeRatingsForRecipeRequest)(nil),                            // 98: mealplanning.GetRecipeRatingsForRecipeRequest
	(*GetRecipeStepRequest)(nil),                                        // 99: mealplanning.GetRecipeStepRequest
	(*GetRecipeStepCompletionConditionRequest)(nil),                     // 100: mealplanning.GetRecipeStepCompletionConditionRequest
	(*GetRecipeStepCompletionConditionsRequest)(nil),                    // 101: mealplanning.GetRecipeStepCompletionConditionsRequest
	(*GetRecipeStepIngredientRequest)(nil),                              // 102: mealplanning.GetRecipeStepIngredientRequest
	(*GetRecipeStepIngredientsRequest)(nil),                             // 103: mealplanning.GetRecipeStepIngredientsRequest
	(*GetRecipeStepInstrumentRequest)(nil),                              // 104: mealplanning.GetRecipeStepInstrumentRequest
	(*GetRecipeStepInstrumentsRequest)(nil),                             // 105: mealplanning.GetRecipeStepInstrumentsRequest
	(*GetRecipeStepProductRequest)(nil),                                 // 106: mealplanning.GetRecipeStepProductRequest
	(*GetRecipeStepProductsRequest)(nil),                                // 107: mealplanning.GetRecipeStepProductsRequest
	(*GetRecipeStepVesselRequest)(nil),                                  // 108: mealplanning.GetRecipeStepVesselRequest
	(*GetRecipeStepVesselsRequest)(nil),                                 // 109: mealplanning.GetRecipeStepVesselsRequest
	(*GetRecipeStepsRequest)(nil),                                       // 110: mealplanning.GetRecipeStepsRequest
	(*GetRecipeListsRequest)(nil),                                       // 111: mealplanning.GetRecipeListsRequest
	(*GetRecipesRequest)(nil),                                           // 112: mealplanning.GetRecipesRequest
	(*GetValidIngredientRequest)(nil),                                   // 113: mealplanning.GetValidIngredientRequest
	(*GetValidIngredientGroupRequest)(nil),                              // 114: mealplanning.GetValidIngredientGroupRequest
	(*GetValidIngredientGroupsRequest)(nil),                             // 115: mealplanning.GetValidIngredientGroupsRequest
	(*GetValidIngredientMeasurementUnitRequest)(nil),                    // 116: mealplanning.GetValidIngredientMeasurementUnitRequest
	(*GetValidIngredientMeasurementUnitsRequest)(nil),                   // 117: mealplanning.GetValidIngredientMeasurementUnitsRequest
	(*GetValidIngredientMeasurementUnitsByIngredientRequest)(nil),       // 118: mealplanning.GetValidIngredientMeasurementUnitsByIngredientRequest
	(*GetValidIngredientMeasurementUnitsByMeasurementUnitRequest)(nil),  // 119: mealplanning.GetValidIngredientMeasurementUnitsByMeasurementUnitRequest
	(*GetValidIngredientPreparationRequest)(nil),                        // 120: mealplanning.GetValidIngredientPreparationRequest
	(*GetValidIngredientPreparationsRequest)(nil),                       // 121: mealplanning.GetValidIngredientPreparationsRequest
	(*GetValidIngredientPreparationsByIngredientRequest)(nil),           // 122: mealplanning.GetValidIngredientPreparationsByIngredientRequest
	(*GetValidIngredientPreparationsByPreparationRequest)(nil),          // 123: mealplanning.GetValidIngredientPreparationsByPreparationRequest
	(*GetValidPrepTaskConfigRequest)(nil),                               // 124: mealplanning.GetValidPrepTaskConfigRequest
	(*GetValidPrepTaskConfigsRequest)(nil),                              // 125: mealplanning.GetValidPrepTaskConfigsRequest
	(*GetValidPrepTaskConfigsByIngredientRequest)(nil),                  // 126: mealplanning.GetValidPrepTaskConfigsByIngredientRequest
	(*GetValidPrepTaskConfigsByPreparationRequest)(nil),                 // 127: mealplanning.GetValidPrepTaskConfigsByPreparationRequest
	(*GetValidPrepTaskConfigsByIngredientAndPreparationRequest)(nil),    // 128: mealplanning.GetValidPrepTaskConfigsByIngredientAndPreparationRequest
	(*GetValidIngredientStateRequest)(nil),                              // 129: mealplanning.GetValidIngredientStateRequest
	(*GetValidIngredientStateIngredientRequest)(nil),                    // 130: mealplanning.GetValidIngredientStateIngredientRequest
	(*GetValidIngredientStateIngredientsRequest)(nil),                   // 131: mealplanning.GetValidIngredientStateIngredientsRequest
	(*GetValidIngredientStateIngredientsByIngredientRequest)(nil),       // 132: mealplanning.GetValidIngredientStateIngredientsByIngredientRequest
	(*GetValidIngredientStateIngredientsByIngredientStateRequest)(nil),  // 133: mealplanning.GetValidIngredientStateIngredientsByIngredientStateRequest
	(*GetValidIngredientStatesRequest)(nil),                             // 134: mealplanning.GetValidIngredientStatesRequest
	(*GetValidIngredientsRequest)(nil),                                  // 135: mealplanning.GetValidIngredientsRequest
	(*GetValidInstrumentRequest)(nil),                                   // 136: mealplanning.GetValidInstrumentRequest
	(*GetValidInstrumentsRequest)(nil),                                  // 137: mealplanning.GetValidInstrumentsRequest
	(*GetValidMeasurementUnitRequest)(nil),                              // 138: mealplanning.GetValidMeasurementUnitRequest
	(*GetValidMeasurementUnitConversionRequest)(nil),                    // 139: mealplanning.GetValidMeasurementUnitConversionRequest
	(*GetValidMeasurementUnitConversionsForUnitRequest)(nil),            // 140: mealplanning.GetValidMeasurementUnitConversionsForUnitRequest
	(*GetValidMeasurementUnitConversionsForIngredientsRequest)(nil),     // 141: mealplanning.GetValidMeasurementUnitConversionsForIngredientsRequest
	(*GetMeasurementUnitConversionMismatchesRequest)(nil),               // 142: mealplanning.GetMeasurementUnitConversionMismatchesRequest
	(*GetValidMeasurementUnitsRequest)(nil),                             // 143: mealplanning.GetValidMeasurementUnitsRequest
	(*GetValidPreparationRequest)(nil),                                  // 144: mealplanning.GetValidPreparationRequest
	(*GetValidPreparationInstrumentRequest)(nil),                        // 145: mealplanning.GetValidPreparationInstrumentRequest
	(*GetValidPreparationInstrumentsRequest)(nil),                       // 146: mealplanning.GetValidPreparationInstrumentsRequest
	(*GetValidPreparationInstrumentsByInstrumentRequest)(nil),           // 147: mealplanning.GetValidPreparationInstrumentsByInstrumentRequest
	(*GetValidPreparationInstrumentsByPreparationRequest)(nil),          // 148: mealplanning.GetValidPreparationInstrumentsByPreparationRequest
	(*GetValidPreparationVesselRequest)(nil),                            // 149: mealplanning.GetValidPreparationVesselRequest
	(*GetValidPreparationVesselsRequest)(nil),                           // 150: mealplanning.GetValidPreparationVesselsRequest
	(*GetValidPreparationVesselsByPreparationRequest)(nil),              // 151: mealplanning.GetValidPreparationVesselsByPreparationRequest
	(*GetValidPreparationVesselsByVesselRequest)(nil),                   // 152: mealplanning.GetValidPreparationVesselsByVesselRequest
	(*GetValidPreparationsRequest)(nil),                                 // 153: mealplanning.GetValidPreparationsRequest
	(*GetValidVesselRequest)(nil),                                       // 154: mealplanning.GetValidVesselRequest
	(*GetValidVesselsRequest)(nil),                                      // 155: mealplanning.GetValidVesselsRequest
	(*RunFinalizeMealPlanWorkerRequest)(nil),                            // 156: mealplanning.RunFinalizeMealPlanWorkerRequest
	(*RunMealPlanGroceryListInitializerWorkerRequest)(nil),              // 157: mealplanning.RunMealPlanGroceryListInitializerWorkerRequest
	(*RunMealPlanTaskCreatorWorkerRequest)(nil),                         // 158: mealplanning.RunMealPlanTaskCreatorWorkerRequest
	(*SearchForMealsRequest)(nil),                                       // 159: mealplanning.SearchForMealsRequest
	(*SearchForRecipesRequest)(nil),                                     // 160: mealplanning.SearchForRecipesRequest
	(*SearchForMealEligibleRecipesRequest)(nil),                         // 161: mealplanning.SearchForMealEligibleRecipesRequest
	(*SearchForRecipesWithInstrumentOwnershipRequest)(nil),              // 162: mealplanning.SearchForRecipesWithInstrumentOwnershipRequest
	(*SearchForValidIngredientGroupsRequest)(nil),                       // 163: mealplanning.SearchForValidIngredientGroupsRequest
	(*SearchForValidIngredientStatesRequest)(nil),                       // 164: mealplanning.SearchForValidIngredientStatesRequest
	(*SearchForValidIngredientsRequest)(nil),                            // 165: mealplanning.SearchForValidIngredientsRequest
	(*SearchForValidInstrumentsRequest)(nil),                            // 166: mealplanning.SearchForValidInstrumentsRequest
	(*SearchForValidMeasurementUnitsRequest)(nil),                       // 167: mealplanning.SearchForValidMeasurementUnitsRequest
	(*SearchForValidPreparationsRequest)(nil),                           // 168: mealplanning.SearchForValidPreparationsRequest
	(*SearchForValidVesselsRequest)(nil),                                // 169: mealplanning.SearchForValidVesselsRequest
	(*SearchValidIngredientsByPreparationRequest)(nil),                  // 170: mealplanning.SearchValidIngredientsByPreparationRequest
	(*SearchValidMeasurementUnitsByIngredientRequest)(nil),              // 171: mealplanning.SearchValidMeasurementUnitsByIngredientRequest
	(*UpdateMealPlanRequest)(nil),                                       // 172: mealplanning.UpdateMealPlanRequest
	(*UpdateMealPlanEventRequest)(nil),                                  // 173: mealplanning.UpdateMealPlanEventRequest
	(*SwapMealPlanEventsRequest)(nil),                                   // 174: mealplanning.SwapMealPlanEventsRequest
	(*UpdateMealPlanGroceryListItemRequest)(nil),                        // 175: mealplanning.UpdateMealPlanGroceryListItemRequest
	(*UpdateMealPlanOptionRequest)(nil),                                 // 176: mealplanning.UpdateMealPlanOptionRequest
	(*UpdateMealPlanOptionVoteRequest)(nil),                             // 177: mealplanning.UpdateMealPlanOptionVoteRequest
	(*UpdateMealPlanRecipeOptionSelectionRequest)(nil),                  // 178: mealplanning.UpdateMealPlanRecipeOptionSelectionRequest
	(*UpdateMealPlanTaskStatusRequest)(nil),                             // 179: mealplanning.UpdateMealPlanTaskStatusRequest
	(*UpdateMealListRequest)(nil),                                       // 180: mealplanning.UpdateMealListRequest
	(*UpdateMealListItemRequest)(nil),                                   // 181: mealplanning.UpdateMealListItemRequest
	(*UpdateRecipeRequest)(nil),                                         // 182: mealplanning.UpdateRecipeRequest
	(*UpdateRecipeStatusRequest)(nil),                                   // 183: mealplanning.UpdateRecipeStatusRequest
	(*UpdateRecipePrepTaskRequest)(nil),                                 // 184: mealplanning.UpdateRecipePrepTaskRequest
	(*UpdateRecipeRatingRequest)(nil),                                   // 185: mealplanning.UpdateRecipeRatingRequest
	(*UpdateRecipeListRequest)(nil),                                     // 186: mealplanning.UpdateRecipeListRequest
	(*UpdateRecipeListItemRequest)(nil),                                 // 187: mealplanning.UpdateRecipeListItemRequest
	(*UpdateRecipeStepRequest)(nil),                                     // 188: mealplanning.UpdateRecipeStepRequest
	(*UpdateRecipeStepCompletionConditionRequest)(nil),                  // 189: mealplanning.UpdateRecipeStepCompletionConditionRequest
	(*UpdateRecipeStepIngredientRequest)(nil),                           // 190: mealplanning.UpdateRecipeStepIngredientRequest
	(*UpdateRecipeStepInstrumentRequest)(nil),                           // 191: mealplanning.UpdateRecipeStepInstrumentRequest
	(*UpdateRecipeStepProductRequest)(nil),                              // 192: mealplanning.UpdateRecipeStepProductRequest
	(*UpdateRecipeStepVesselRequest)(nil),                               // 193: mealplanning.UpdateRecipeStepVesselRequest
	(*UpdateValidIngredientRequest)(nil),                                // 194: mealplanning.UpdateValidIngredientRequest
	(*UpdateValidIngredientGroupRequest)(nil),                           // 195: mealplanning.UpdateValidIngredientGroupRequest
	(*UpdateValidIngredientMeasurementUnitRequest)(nil),                 // 196: mealplanning.UpdateValidIngredientMeasurementUnitRequest
	(*UpdateValidIngredientPreparationRequest)(nil),                     // 197: mealplanning.UpdateValidIngredientPreparationRequest
	(*UpdateValidPrepTaskConfigRequest)(nil),                            // 198: mealplanning.UpdateValidPrepTaskConfigRequest
	(*UpdateValidIngredientStateRequest)(nil),                           // 199: mealplanning.UpdateValidIngredientStateRequest
	(*UpdateValidIngredientStateIngredientRequest)(nil),                 // 200: mealplanning.UpdateValidIngredientStateIngredientRequest
	(*UpdateValidInstrumentRequest)(nil),                                // 201: mealplanning.UpdateValidInstrumentRequest
	(*UpdateValidMeasurementUnitRequest)(nil),                           // 202: mealplanning.UpdateValidMeasurementUnitRequest
	(*UpdateValidMeasurementUnitConversionRequest)(nil),                 // 203: mealplanning.UpdateValidMeasurementUnitConversionRequest
	(*UpdateValidPreparationRequest)(nil),                               // 204: mealplanning.UpdateValidPreparationRequest
	(*UpdateValidPreparationInstrumentRequest)(nil),                     // 205: mealplanning.UpdateValidPreparationInstrumentRequest
	(*UpdateValidPreparationVesselRequest)(nil),                         // 206: mealplanning.UpdateValidPreparationVesselRequest
	(*UpdateValidVesselRequest)(nil),                                    // 207: mealplanning.UpdateValidVesselRequest
	(*ArchiveAccountInstrumentOwnershipRequest)(nil),                    // 208: mealplanning.ArchiveAccountInstrumentOwnershipRequest
	(*ArchiveUserIngredientPreferenceRequest)(nil),                      // 209: mealplanning.ArchiveUserIngredientPreferenceRequest
	(*CreateAccountInstrumentOwnershipRequest)(nil),                     // 210: mealplanning.CreateAccountInstrumentOwnershipRequest
	(*CreateUserIngredientPreferenceRequest)(nil),                       // 211: mealplanning.CreateUserIngredientPreferenceRequest
	(*GetAccountInstrumentOwnershipRequest)(nil),                        // 212: mealplanning.GetAccountInstrumentOwnershipRequest
	(*GetAccountInstrumentOwnershipsRequest)(nil),                       // 213: mealplanning.GetAccountInstrumentOwnershipsRequest
	(*SearchForValidInstrumentsNotOwnedByAccountRequest)(nil),           // 214: mealplanning.SearchForValidInstrumentsNotOwnedByAccountRequest
	(*GetUserIngredientPreferenceRequest)(nil),                          // 215: mealplanning.GetUserIngredientPreferenceRequest
	(*GetUserIngredientPreferencesRequest)(nil),                         // 216: mealplanning.GetUserIngredientPreferencesRequest
	(*UpdateAccountInstrumentOwnershipRequest)(nil),                     // 217: mealplanning.UpdateAccountInstrumentOwnershipRequest
	(*UpdateUserIngredientPreferenceRequest)(nil),                       // 218: mealplanning.UpdateUserIngredientPreferenceRequest
	(*UploadMealMediaRequest)(nil),                                      // 219: mealplanning.UploadMealMediaRequest
	(*UploadRecipeMediaRequest)(nil),                                    // 220: mealplanning.UploadRecipeMediaRequest
	(*UploadPreparationMediaRequest)(nil),                               // 221: mealplanning.UploadPreparationMediaRequest
	(*UploadIngredientMediaRequest)(nil),                                // 222: mealplanning.UploadIngredientMediaRequest
	(*UploadRecipeStepImageRequest)(nil),                                // 223: mealplanning.UploadRecipeStepImageRequest
	(*ArchiveMealResponse)(nil),                                         // 224: mealplanning.ArchiveMealResponse
	(*ArchiveMealPlanResponse)(nil),                                     // 225: mealplanning.ArchiveMealPlanResponse
	(*ArchiveMealPlanEventResponse)(nil),                                // 226: mealplanning.ArchiveMealPlanEventResponse
	(*ArchiveMealPlanGroceryListItemResponse)(nil),                      // 227: mealplanning.ArchiveMealPlanGroceryListItemResponse
	(*ArchiveMealPlanOptionResponse)(nil),                               // 228: mealplanning.ArchiveMealPlanOptionResponse
	(*ArchiveMealPlanOptionVoteResponse)(nil),                           // 229: mealplanning.ArchiveMealPlanOptionVoteResponse
	(*ArchiveMealPlanRecipeOptionSelectionResponse)(nil),                // 230: mealplanning.ArchiveMealPlanRecipeOptionSelectionResponse
	(*ArchiveMealListResponse)(nil),                                     // 231: mealplanning.ArchiveMealListResponse
	(*ArchiveMealListItemResponse)(nil),                                 // 232: mealplanning.ArchiveMealListItemResponse
	(*ArchiveRecipeResponse)(nil),                                       // 233: mealplanning.ArchiveRecipeResponse
	(*ArchiveRecipePrepTaskResponse)(nil),                               // 234: mealplanning.ArchiveRecipePrepTaskResponse
	(*ArchiveRecipeRatingResponse)(nil),                                 // 235: mealplanning.ArchiveRecipeRatingResponse
	(*ArchiveRecipeListResponse)(nil),                                   // 236: mealplanning.ArchiveRecipeListResponse
	(*ArchiveRecipeListItemResponse)(nil),                               // 237: mealplanning.ArchiveRecipeListItemResponse
	(*ArchiveRecipeStepResponse)(nil),                                   // 238: mealplanning.ArchiveRecipeStepResponse
	(*ArchiveRecipeStepCompletionConditionResponse)(nil),                // 239: mealplanning.ArchiveRecipeStepCompletionConditionResponse
	(*ArchiveRecipeStepIngredientResponse)(nil),                         // 240: mealplanning.ArchiveRecipeStepIngredientResponse
	(*ArchiveRecipeStepInstrumentResponse)(nil),                         // 241: mealplanning.ArchiveRecipeStepInstrumentResponse
	(*ArchiveRecipeStepProductResponse)(nil),                            // 242: mealplanning.ArchiveRecipeStepProductResponse
	(*ArchiveRecipeStepVesselResponse)(nil),                             // 243: mealplanning.ArchiveRecipeStepVesselResponse
	(*ArchiveValidIngredientResponse)(nil),                              // 244: mealplanning.ArchiveValidIngredientResponse
	(*ArchiveValidIngredientGroupResponse)(nil),                         // 245: mealplanning.ArchiveValidIngredientGroupResponse
	(*ArchiveValidIngredientMeasurementUnitResponse)(nil),               // 246: mealplanning.ArchiveValidIngredientMeasurementUnitResponse
	(*ArchiveValidIngredientPreparationResponse)(nil),                   // 247: mealplanning.ArchiveValidIngredientPreparationResponse
	(*ArchiveValidPrepTaskConfigResponse)(nil),                          // 248: mealplanning.ArchiveValidPrepTaskConfigResponse
	(*ArchiveValidIngredientStateResponse)(nil),                         // 249: mealplanning.ArchiveValidIngredientStateResponse
	(*ArchiveValidIngredientStateIngredientResponse)(nil),               // 250: mealplanning.ArchiveValidIngredientStateIngredientResponse
	(*ArchiveValidInstrumentResponse)(nil),                              // 251: mealplanning.ArchiveValidInstrumentResponse
	(*ArchiveValidMeasurementUnitResponse)(nil),                         // 252: mealplanning.ArchiveValidMeasurementUnitResponse
	(*ArchiveValidMeasurementUnitConversionResponse)(nil),               // 253: mealplanning.ArchiveValidMeasurementUnitConversionResponse
	(*ArchiveValidPreparationResponse)(nil),                             // 254: mealplanning.ArchiveValidPreparationResponse
	(*ArchiveValidPreparationInstrumentResponse)(nil),                   // 255: mealplanning.ArchiveValidPreparationInstrumentResponse
	(*ArchiveValidPreparationVesselResponse)(nil),                       // 256: mealplanning.ArchiveValidPreparationVesselResponse
	(*ArchiveValidVesselResponse)(nil),                                  // 257: mealplanning.ArchiveValidVesselResponse
	(*CloneRecipeResponse)(nil),                                         // 258: mealplanning.CloneRecipeResponse
	(*CreateMealResponse)(nil),                                          // 259: mealplanning.CreateMealResponse
	(*CreateMealPlanResponse)(nil),                                      // 260: mealplanning.CreateMealPlanResponse
	(*CreateMealPlanEventResponse)(nil),                                 // 261: mealplanning.CreateMealPlanEventResponse
	(*CreateMealPlanOptionResponse)(nil),                                // 262: mealplanning.CreateMealPlanOptionResponse
	(*CreateMealPlanOptionVoteResponse)(nil),                            // 263: mealplanning.CreateMealPlanOptionVoteResponse
	(*CreateMealPlanRecipeOptionSelectionResponse)(nil),                 // 264: mealplanning.CreateMealPlanRecipeOptionSelectionResponse
	(*CreateMealPlanTaskResponse)(nil),                                  // 265: mealplanning.CreateMealPlanTaskResponse
	(*CreateMealListResponse)(nil),                                      // 266: mealplanning.CreateMealListResponse
	(*CreateMealListItemResponse)(nil),                                  // 267: mealplanning.CreateMealListItemResponse
	(*CreateRecipeResponse)(nil),                                        // 268: mealplanning.CreateRecipeResponse
	(*CreateRecipePrepTaskResponse)(nil),                                // 269: mealplanning.CreateRecipePrepTaskResponse
	(*CreateRecipeRatingResponse)(nil),                                  // 270: mealplanning.CreateRecipeRatingResponse
	(*CreateRecipeListResponse)(nil),                                    // 271: mealplanning.CreateRecipeListResponse
	(*CreateRecipeListItemResponse)(nil),                                // 272: mealplanning.CreateRecipeListItemResponse
	(*CreateRecipeStepResponse)(nil),                                    // 273: mealplanning.CreateRecipeStepResponse
	(*CreateRecipeStepCompletionConditionResponse)(nil),                 // 274: mealplanning.CreateRecipeStepCompletionConditionResponse
	(*CreateRecipeStepIngredientResponse)(nil),                          // 275: mealplanning.CreateRecipeStepIngredientResponse
	(*CreateRecipeStepInstrumentResponse)(nil),                          // 276: mealplanning.CreateRecipeStepInstrumentResponse
	(*CreateRecipeStepProductResponse)(nil),                             // 277: mealplanning.CreateRecipeStepProductResponse
	(*CreateRecipeStepVesselResponse)(nil),                              // 278: mealplanning.CreateRecipeStepVesselResponse
	(*CreateValidIngredientResponse)(nil),                               // 279: mealplanning.CreateValidIngredientResponse
	(*CreateValidIngredientGroupResponse)(nil),                          // 280: mealplanning.CreateValidIngredientGroupResponse
	(*CreateValidIngredientMeasurementUnitResponse)(nil),                // 281: mealplanning.CreateValidIngredientMeasurementUnitResponse
	(*CreateValidIngredientPreparationResponse)(nil),                    // 282: mealplanning.CreateValidIngredientPreparationResponse
	(*CreateValidPrepTaskConfigResponse)(nil),                           // 283: mealplanning.CreateValidPrepTaskConfigResponse
	(*CreateValidIngredientStateResponse)(nil),                          // 284: mealplanning.CreateValidIngredientStateResponse
	(*CreateValidIngredientStateIngredientResponse)(nil),                // 285: mealplanning.CreateValidIngredientStateIngredientResponse
	(*CreateValidInstrumentResponse)(nil),                               // 286: mealplanning.CreateValidInstrumentResponse
	(*CreateValidMeasurementUnitResponse)(nil),                          // 287: mealplanning.CreateValidMeasurementUnitResponse
	(*CreateValidMeasurementUnitConversionResponse)(nil),                // 288: mealplanning.CreateValidMeasurementUnitConversionResponse
	(*CreateValidPreparationResponse)(nil),                              // 289: mealplanning.CreateValidPreparationResponse
	(*CreateValidPreparationInstrumentResponse)(nil),                    // 290: mealplanning.CreateValidPreparationInstrumentResponse
	(*CreateValidPreparationVesselResponse)(nil),                        // 291: mealplanning.CreateValidPreparationVesselResponse
	(*CreateValidVesselResponse)(nil),                                   // 292: mealplanning.CreateValidVesselResponse
	(*FinalizeMealPlanResponse)(nil),                                    // 293: mealplanning.FinalizeMealPlanResponse
	(*GetMealResponse)(nil),                                             // 294: mealplanning.GetMealResponse
	(*GetMealPlanResponse)(nil),                                         // 295: mealplanning.GetMealPlanResponse
	(*GetMealPlanEventResponse)(nil),                                    // 296: mealplanning.GetMealPlanEventResponse
	(*GetMealPlanEventsResponse)(nil),                                   // 297: mealplanning.GetMealPlanEventsResponse
	(*GetMealPlanGroceryListItemResponse)(nil),                          // 298: mealplanning.GetMealPlanGroceryListItemResponse
	(*GetMealPlanGroceryListItemsForMealPlanResponse)(nil),              // 299: mealplanning.GetMealPlanGroceryListItemsForMealPlanResponse
	(*GetMealPlanOptionResponse)(nil),                                   // 300: mealplanning.GetMealPlanOptionResponse
	(*GetMealPlanOptionVoteResponse)(nil),                               // 301: mealplanning.GetMealPlanOptionVoteResponse
	(*GetMealPlanOptionVotesResponse)(nil),                              // 302: mealplanning.GetMealPlanOptionVotesResponse
	(*GetMealPlanOptionsResponse)(nil),                                  // 303: mealplanning.GetMealPlanOptionsResponse
	(*GetMealPlanRecipeOptionSelectionResponse)(nil),                    // 304: mealplanning.GetMealPlanRecipeOptionSelectionResponse
	(*GetMealPlanRecipeOptionSelectionsForMealPlanOptionResponse)(nil),  // 305: mealplanning.GetMealPlanRecipeOptionSelectionsForMealPlanOptionResponse
	(*GetMealPlanTaskResponse)(nil),                                     // 306: mealplanning.GetMealPlanTaskResponse
	(*GetMealPlanTasksResponse)(nil),                                    // 307: mealplanning.GetMealPlanTasksResponse
	(*GetMealPlansForAccountResponse)(nil),                              // 308: mealplanning.GetMealPlansForAccountResponse
	(*GetMealListsResponse)(nil),                                        // 309: mealplanning.GetMealListsResponse
	(*GetMealsResponse)(nil),                                            // 310: mealplanning.GetMealsResponse
	(*GetMermaidDiagramForMealResponse)(nil),                            // 311: mealplanning.GetMermaidDiagramForMealResponse
	(*GetMermaidDiagramForRecipeResponse)(nil),                          // 312: mealplanning.GetMermaidDiagramForRecipeResponse
	(*GetRandomValidIngredientResponse)(nil),                            // 313: mealplanning.GetRandomValidIngredientResponse
	(*GetRandomValidInstrumentResponse)(nil),                            // 314: mealplanning.GetRandomValidInstrumentResponse
	(*GetRandomValidPreparationResponse)(nil),                           // 315: mealplanning.GetRandomValidPreparationResponse
	(*GetRandomValidVesselResponse)(nil),                                // 316: mealplanning.GetRandomValidVesselResponse
	(*GetRecipeResponse)(nil),                                           // 317: mealplanning.GetRecipeResponse
	(*EstimateRecipePrepTasksResponse)(nil),                             // 318: mealplanning.EstimateRecipePrepTasksResponse
	(*GetRecipePrepTaskResponse)(nil),                                   // 319: mealplanning.GetRecipePrepTaskResponse
	(*GetRecipePrepTasksResponse)(nil),                                  // 320: mealplanning.GetRecipePrepTasksResponse
	(*GetRecipeRatingResponse)(nil),                                     // 321: mealplanning.GetRecipeRatingResponse
	(*GetRecipeRatingsForRecipeResponse)(nil),                           // 322: mealplanning.GetRecipeRatingsForRecipeResponse
	(*GetRecipeStepResponse)(nil),                                       // 323: mealplanning.GetRecipeStepResponse
	(*GetRecipeStepCompletionConditionResponse)(nil),                    // 324: mealplanning.GetRecipeStepCompletionConditionResponse
	(*GetRecipeStepCompletionConditionsResponse)(nil),                   // 325: mealplanning.GetRecipeStepCompletionConditionsResponse
	(*GetRecipeStepIngredientResponse)(nil),                             // 326: mealplanning.GetRecipeStepIngredientResponse
	(*GetRecipeStepIngredientsResponse)(nil),                            // 327: mealplanning.GetRecipeStepIngredientsResponse
	(*GetRecipeStepInstrumentResponse)(nil),                             // 328: mealplanning.GetRecipeStepInstrumentResponse
	(*GetRecipeStepInstrumentsResponse)(nil),                            // 329: mealplanning.GetRecipeStepInstrumentsResponse
	(*GetRecipeStepProductResponse)(nil),                                // 330: mealplanning.GetRecipeStepProductResponse
	(*GetRecipeStepProductsResponse)(nil),                               // 331: mealplanning.GetRecipeStepProductsResponse
	(*GetRecipeStepVesselResponse)(nil),                                 // 332: mealplanning.GetRecipeStepVesselResponse
	(*GetRecipeStepVesselsResponse)(nil),                                // 333: mealplanning.GetRecipeStepVesselsResponse
	(*GetRecipeStepsResponse)(nil),                                      // 334: mealplanning.GetRecipeStepsResponse
	(*GetRecipeListsResponse)(nil),                                      // 335: mealplanning.GetRecipeListsResponse
	(*GetRecipesResponse)(nil),                                          // 336: mealplanning.GetRecipesResponse
	(*GetValidIngredientResponse)(nil),                                  // 337: mealplanning.GetValidIngredientResponse
	(*GetValidIngredientGroupResponse)(nil),                             // 338: mealplanning.GetValidIngredientGroupResponse
	(*GetValidIngredientGroupsResponse)(nil),                            // 339: mealplanning.GetValidIngredientGroupsResponse
	(*GetValidIngredientMeasurementUnitResponse)(nil),                   // 340: mealplanning.GetValidIngredientMeasurementUnitResponse
	(*GetValidIngredientMeasurementUnitsResponse)(nil),                  // 341: mealplanning.GetValidIngredientMeasurementUnitsResponse
	(*GetValidIngredientMeasurementUnitsByIngredientResponse)(nil),      // 342: mealplanning.GetValidIngredientMeasurementUnitsByIngredientResponse
	(*GetValidIngredientMeasurementUnitsByMeasurementUnitResponse)(nil), // 343: mealplanning.GetValidIngredientMeasurementUnitsByMeasurementUnitResponse
	(*GetValidIngredientPreparationResponse)(nil),                       // 344: mealplanning.GetValidIngredientPreparationResponse
	(*GetValidIngredientPreparationsResponse)(nil),                      // 345: mealplanning.GetValidIngredientPreparationsResponse
	(*GetValidIngredientPreparationsByIngredientResponse)(nil),          // 346: mealplanning.GetValidIngredientPreparationsByIngredientResponse
	(*GetValidIngredientPreparationsByPreparationResponse)(nil),         // 347: mealplanning.GetValidIngredientPreparationsByPreparationResponse
	(*GetValidPrepTaskConfigResponse)(nil),                              // 348: mealplanning.GetValidPrepTaskConfigResponse
	(*GetValidPrepTaskConfigsResponse)(nil),                             // 349: mealplanning.GetValidPrepTaskConfigsResponse
	(*GetValidPrepTaskConfigsByIngredientResponse)(nil),                 // 350: mealplanning.GetValidPrepTaskConfigsByIngredientResponse
	(*GetValidPrepTaskConfigsByPreparationResponse)(nil),                // 351: mealplanning.GetValidPrepTaskConfigsByPreparationResponse
	(*GetValidPrepTaskConfigsByIngredientAndPreparationResponse)(nil),   // 352: mealplanning.GetValidPrepTaskConfigsByIngredientAndPreparationResponse
	(*GetValidIngredientStateResponse)(nil),                             // 353: mealplanning.GetValidIngredientStateResponse
	(*GetValidIngredientStateIngredientResponse)(nil),                   // 354: mealplanning.GetValidIngredientStateIngredientResponse
	(*GetValidIngredientStateIngredientsResponse)(nil),                  // 355: mealplanning.GetValidIngredientStateIngredientsResponse
	(*GetValidIngredientStateIngredientsByIngredientResponse)(nil),      // 356: mealplanning.GetValidIngredientStateIngredientsByIngredientResponse
	(*GetValidIngredientStateIngredientsByIngredientStateResponse)(nil), // 357: mealplanning.GetValidIngredientStateIngredientsByIngredientStateResponse
	(*GetValidIngredientStatesResponse)(nil),                            // 358: mealplanning.GetValidIngredientStatesResponse
	(*GetValidIngredientsResponse)(nil),                                 // 359: mealplanning.GetValidIngredientsResponse
	(*GetValidInstrumentResponse)(nil),                                  // 360: mealplanning.GetValidInstrumentResponse
	(*GetValidInstrumentsResponse)(nil),                                 // 361: mealplanning.GetValidInstrumentsResponse
	(*GetValidMeasurementUnitResponse)(nil),                             // 362: mealplanning.GetValidMeasurementUnitResponse
	(*GetValidMeasurementUnitConversionResponse)(nil),                   // 363: mealplanning.GetValidMeasurementUnitConversionResponse
	(*GetValidMeasurementUnitConversionsForUnitResponse)(nil),           // 364: mealplanning.GetValidMeasurementUnitConversionsForUnitResponse
	(*GetValidMeasurementUnitConversionsForIngredientsResponse)(nil),    // 365: mealplanning.GetValidMeasurementUnitConversionsForIngredientsResponse
	(*GetMeasurementUnitConversionMismatchesResponse)(nil),              // 366: mealplanning.GetMeasurementUnitConversionMismatchesResponse
	(*GetValidMeasurementUnitsResponse)(nil),                            // 367: mealplanning.GetValidMeasurementUnitsResponse
	(*GetValidPreparationResponse)(nil),                                 // 368: mealplanning.GetValidPreparationResponse
	(*GetValidPreparationInstrumentResponse)(nil),                       // 369: mealplanning.GetValidPreparationInstrumentResponse
	(*GetValidPreparationInstrumentsResponse)(nil),                      // 370: mealplanning.GetValidPreparationInstrumentsResponse
	(*GetValidPreparationInstrumentsByInstrumentResponse)(nil),          // 371: mealplanning.GetValidPreparationInstrumentsByInstrumentResponse
	(*GetValidPreparationInstrumentsByPreparationResponse)(nil),         // 372: mealplanning.GetValidPreparationInstrumentsByPreparationResponse
	(*GetValidPreparationVesselResponse)(nil),                           // 373: mealplanning.GetValidPreparationVesselResponse
	(*GetValidPreparationVesselsResponse)(nil),                          // 374: mealplanning.GetValidPreparationVesselsResponse
	(*GetValidPreparationVesselsByPreparationResponse)(nil),             // 375: mealplanning.GetValidPreparationVesselsByPreparationResponse
	(*GetValidPreparationVesselsByVesselResponse)(nil),                  // 376: mealplanning.GetValidPreparationVesselsByVesselResponse
	(*GetValidPreparationsResponse)(nil),                                // 377: mealplanning.GetValidPreparationsResponse
	(*GetValidVesselResponse)(nil),                                      // 378: mealplanning.GetValidVesselResponse
	(*GetValidVesselsResponse)(nil),                                     // 379: mealplanning.GetValidVesselsResponse
	(*RunFinalizeMealPlanWorkerResponse)(nil),                           // 380: mealplanning.RunFinalizeMealPlanWorkerResponse
	(*RunMealPlanGroceryListInitializerWorkerResponse)(nil),             // 381: mealplanning.RunMealPlanGroceryListInitializerWorkerResponse
	(*RunMealPlanTaskCreatorWorkerResponse)(nil),                        // 382: mealplanning.RunMealPlanTaskCreatorWorkerResponse
	(*SearchForMealsResponse)(nil),                                      // 383: mealplanning.SearchForMealsResponse
	(*SearchForRecipesResponse)(nil),                                    // 384: mealplanning.SearchForRecipesResponse
	(*SearchForMealEligibleRecipesResponse)(nil),                        // 385: mealplanning.SearchForMealEligibleRecipesResponse
	(*SearchForRecipesWithInstrumentOwnershipResponse)(nil),             // 386: mealplanning.SearchForRecipesWithInstrumentOwnershipResponse
	(*SearchForValidIngredientGroupsResponse)(nil),                      // 387: mealplanning.SearchForValidIngredientGroupsResponse
	(*SearchForValidIngredientStatesResponse)(nil),                      // 388: mealplanning.SearchForValidIngredientStatesResponse
	(*SearchForValidIngredientsResponse)(nil),                           // 389: mealplanning.SearchForValidIngredientsResponse
	(*SearchForValidInstrumentsResponse)(nil),                           // 390: mealplanning.SearchForValidInstrumentsResponse
	(*SearchForValidMeasurementUnitsResponse)(nil),                      // 391: mealplanning.SearchForValidMeasurementUnitsResponse
	(*SearchForValidPreparationsResponse)(nil),                          // 392: mealplanning.SearchForValidPreparationsResponse
	(*SearchForValidVesselsResponse)(nil),                               // 393: mealplanning.SearchForValidVesselsResponse
	(*SearchValidIngredientsByPreparationResponse)(nil),                 // 394: mealplanning.SearchValidIngredientsByPreparationResponse
	(*SearchValidMeasurementUnitsByIngredientResponse)(nil),             // 395: mealplanning.SearchValidMeasurementUnitsByIngredientResponse
	(*UpdateMealPlanResponse)(nil),                                      // 396: mealplanning.UpdateMealPlanResponse
	(*UpdateMealPlanEventResponse)(nil),                                 // 397: mealplanning.UpdateMealPlanEventResponse
	(*SwapMealPlanEventsResponse)(nil),                                  // 398: mealplanning.SwapMealPlanEventsResponse
	(*UpdateMealPlanGroceryListItemResponse)(nil),                       // 399: mealplanning.UpdateMealPlanGroceryListItemResponse
	(*UpdateMealPlanOptionResponse)(nil),                                // 400: mealplanning.UpdateMealPlanOptionResponse
	(*UpdateMealPlanOptionVoteResponse)(nil),                            // 401: mealplanning.UpdateMealPlanOptionVoteResponse
	(*UpdateMealPlanRecipeOptionSelectionResponse)(nil),                 // 402: mealplanning.UpdateMealPlanRecipeOptionSelectionResponse
	(*UpdateMealPlanTaskStatusResponse)(nil),                            // 403: mealplanning.UpdateMealPlanTaskStatusResponse
	(*UpdateMealListResponse)(nil),                                      // 404: mealplanning.UpdateMealListResponse
	(*UpdateMealListItemResponse)(nil),                                  // 405: mealplanning.UpdateMealListItemResponse
	(*UpdateRecipeResponse)(nil),                                        // 406: mealplanning.UpdateRecipeResponse
	(*UpdateRecipeStatusResponse)(nil),                                  // 407: mealplanning.UpdateRecipeStatusResponse
	(*UpdateRecipePrepTaskResponse)(nil),                                // 408: mealplanning.UpdateRecipePrepTaskResponse
	(*UpdateRecipeRatingResponse)(nil),                                  // 409: mealplanning.UpdateRecipeRatingResponse
	(*UpdateRecipeListResponse)(nil),                                    // 410: mealplanning.UpdateRecipeListResponse
	(*UpdateRecipeListItemResponse)(nil),                                // 411: mealplanning.UpdateRecipeListItemResponse
	(*UpdateRecipeStepResponse)(nil),                                    // 412: mealplanning.UpdateRecipeStepResponse
	(*UpdateRecipeStepCompletionConditionResponse)(nil),                 // 413: mealplanning.UpdateRecipeStepCompletionConditionResponse
	(*UpdateRecipeStepIngredientResponse)(nil),                          // 414: mealplanning.UpdateRecipeStepIngredientResponse
	(*UpdateRecipeStepInstrumentResponse)(nil),                          // 415: mealplanning.UpdateRecipeStepInstrumentResponse
	(*UpdateRecipeStepProductResponse)(nil),                             // 416: mealplanning.UpdateRecipeStepProductResponse
	(*UpdateRecipeStepVesselResponse)(nil),                              // 417: mealplanning.UpdateRecipeStepVesselResponse
	(*UpdateValidIngredientResponse)(nil),                               // 418: mealplanning.UpdateValidIngredientResponse
	(*UpdateValidIngredientGroupResponse)(nil),                          // 419: mealplanning.UpdateValidIngredientGroupResponse
	(*UpdateValidIngredientMeasurementUnitResponse)(nil),                // 420: mealplanning.UpdateValidIngredientMeasurementUnitResponse
	(*UpdateValidIngredientPreparationResponse)(nil),                    // 421: mealplanning.UpdateValidIngredientPreparationResponse
	(*UpdateValidPrepTaskConfigResponse)(nil),                           // 422: mealplanning.UpdateValidPrepTaskConfigResponse
	(*UpdateValidIngredientStateResponse)(nil),                          // 423: mealplanning.UpdateValidIngredientStateResponse
	(*UpdateValidIngredientStateIngredientResponse)(nil),                // 424: mealplanning.UpdateValidIngredientStateIngredientResponse
	(*UpdateValidInstrumentResponse)(nil),                               // 425: mealplanning.UpdateValidInstrumentResponse
	(*UpdateValidMeasurementUnitResponse)(nil),                          // 426: mealplanning.UpdateValidMeasurementUnitResponse
	(*UpdateValidMeasurementUnitConversionResponse)(nil),                // 427: mealplanning.UpdateValidMeasurementUnitConversionResponse
	(*UpdateValidPreparationResponse)(nil),                              // 428: mealplanning.UpdateValidPreparationResponse
	(*UpdateValidPreparationInstrumentResponse)(nil),                    // 429: mealplanning.UpdateValidPreparationInstrumentResponse
	(*UpdateValidPreparationVesselResponse)(nil),                        // 430: mealplanning.UpdateValidPreparationVesselResponse
	(*UpdateValidVesselResponse)(nil),                                   // 431: mealplanning.UpdateValidVesselResponse
	(*ArchiveAccountInstrumentOwnershipResponse)(nil),                   // 432: mealplanning.ArchiveAccountInstrumentOwnershipResponse
	(*ArchiveUserIngredientPreferenceResponse)(nil),                     // 433: mealplanning.ArchiveUserIngredientPreferenceResponse
	(*CreateAccountInstrumentOwnershipResponse)(nil),                    // 434: mealplanning.CreateAccountInstrumentOwnershipResponse
	(*CreateUserIngredientPreferenceResponse)(nil),                      // 435: mealplanning.CreateUserIngredientPreferenceResponse
	(*GetAccountInstrumentOwnershipResponse)(nil),                       // 436: mealplanning.GetAccountInstrumentOwnershipResponse
	(*GetAccountInstrumentOwnershipsResponse)(nil),                      // 437: mealplanning.GetAccountInstrumentOwnershipsResponse
	(*SearchForValidInstrumentsNotOwnedByAccountResponse)(nil),          // 438: mealplanning.SearchForValidInstrumentsNotOwnedByAccountResponse
	(*GetUserIngredientPreferenceResponse)(nil),                         // 439: mealplanning.GetUserIngredientPreferenceResponse
	(*GetUserIngredientPreferencesResponse)(nil),                        // 440: mealplanning.GetUserIngredientPreferencesResponse
	(*UpdateAccountInstrumentOwnershipResponse)(nil),                    // 441: mealplanning.UpdateAccountInstrumentOwnershipResponse
	(*UpdateUserIngredientPreferenceResponse)(nil),                      // 442: mealplanning.UpdateUserIngredientPreferenceResponse
	(*UploadMealImageResponse)(nil),                                     // 443: mealplanning.UploadMealImageResponse
	(*UploadRecipeImageResponse)(nil),                                   // 444: mealplanning.UploadRecipeImageResponse
	(*UploadPreparationMediaResponse)(nil),                              // 445: mealplanning.UploadPreparationMediaResponse
	(*UploadIngredientMediaResponse)(nil),                               // 446: mealplanning.UploadIngredientMediaResponse
	(*UploadRecipeStepImageResponse)(nil),                               // 447: mealplanning.UploadRecipeStepImageResponse
}
var file_mealplanning_mealplanning_service_proto_depIdxs = []int32{
	0,   // 0: mealplanning.MealPlanningService.ArchiveMeal:input_type -> mealplanning.ArchiveMealRequest
	1,   // 1: mealplanning.MealPlanningService.ArchiveMealPlan:input_type -> mealplanning.ArchiveMealPlanRequest
	2,   // 2: mealplanning.MealPlanningService.ArchiveMealPlanEvent:input_type -> mealplanning.ArchiveMealPlanEventRequest
	3,   // 3: mealplanning.MealPlanningService.ArchiveMealPlanGroceryListItem:input_type -> mealplanning.ArchiveMealPlanGroceryListItemRequest
	4,   // 4: mealplanning.MealPlanningService.ArchiveMealPlanOption:input_type -> mealplanning.ArchiveMealPlanOptionRequest
	5,   // 5: mealplanning.MealPlanningService.ArchiveMealPlanOptionVote:input_type -> mealplanning.ArchiveMealPlanOptionVoteRequest
	6,   // 6: mealplanning.MealPlanningService.ArchiveMealPlanRecipeOptionSelection:input_type -> mealplanning.ArchiveMealPlanRecipeOptionSelectionRequest
	7,   // 7: mealplanning.MealPlanningService.ArchiveMealList:input_type -> mealplanning.ArchiveMealListRequest
	8,   // 8: mealplanning.MealPlanningService.ArchiveMealListItem:input_type -> mealplanning.ArchiveMealListItemRequest
	9,   // 9: mealplanning.MealPlanningService.ArchiveRecipe:input_type -> mealplanning.ArchiveRecipeRequest
	10,  // 10: mealplanning.MealPlanningService.ArchiveRecipePrepTask:input_type -> mealplanning.ArchiveRecipePrepTaskRequest
	11,  // 11: mealplanning.MealPlanningService.ArchiveRecipeRating:input_type -> mealplanning.ArchiveRecipeRatingRequest
	12,  // 12: mealplanning.MealPlanningService.ArchiveRecipeList:input_type -> mealplanning.ArchiveRecipeListRequest
	13,  // 13: mealplanning.MealPlanningService.ArchiveRecipeListItem:input_type -> mealplanning.ArchiveRecipeListItemRequest
	14,  // 14: mealplanning.MealPlanningService.ArchiveRecipeStep:input_type -> mealplanning.ArchiveRecipeStepRequest
	15,  // 15: mealplanning.MealPlanningService.ArchiveRecipeStepCompletionCondition:input_type -> mealplanning.ArchiveRecipeStepCompletionConditionRequest
	16,  // 16: mealplanning.MealPlanningService.ArchiveRecipeStepIngredient:input_type -> mealplanning.ArchiveRecipeStepIngredientRequest
	17,  // 17: mealplanning.MealPlanningService.ArchiveRecipeStepInstrument:input_type -> mealplanning.ArchiveRecipeStepInstrumentRequest
	18,  // 18: mealplanning.MealPlanningService.ArchiveRecipeStepProduct:input_type -> mealplanning.ArchiveRecipeStepProductRequest
	19,  // 19: mealplanning.MealPlanningService.ArchiveRecipeStepVessel:input_type -> mealplanning.ArchiveRecipeStepVesselRequest
	20,  // 20: mealplanning.MealPlanningService.ArchiveValidIngredient:input_type -> mealplanning.ArchiveValidIngredientRequest
	21,  // 21: mealplanning.MealPlanningService.ArchiveValidIngredientGroup:input_type -> mealplanning.ArchiveValidIngredientGroupRequest
	22,  // 22: mealplanning.MealPlanningService.ArchiveValidIngredientMeasurementUnit:input_type -> mealplanning.ArchiveValidIngredientMeasurementUnitRequest
	23,  // 23: mealplanning.MealPlanningService.ArchiveValidIngredientPreparation:input_type -> mealplanning.ArchiveValidIngredientPreparationRequest
	24,  // 24: mealplanning.MealPlanningService.ArchiveValidPrepTaskConfig:input_type -> mealplanning.ArchiveValidPrepTaskConfigRequest
	25,  // 25: mealplanning.MealPlanningService.ArchiveValidIngredientState:input_type -> mealplanning.ArchiveValidIngredientStateRequest
	26,  // 26: mealplanning.MealPlanningService.ArchiveValidIngredientStateIngredient:input_type -> mealplanning.ArchiveValidIngredientStateIngredientRequest
	27,  // 27: mealplanning.MealPlanningService.ArchiveValidInstrument:input_type -> mealplanning.ArchiveValidInstrumentRequest
	28,  // 28: mealplanning.MealPlanningService.ArchiveValidMeasurementUnit:input_type -> mealplanning.ArchiveValidMeasurementUnitRequest
	29,  // 29: mealplanning.MealPlanningService.ArchiveValidMeasurementUnitConversion:input_type -> mealplanning.ArchiveValidMeasurementUnitConversionRequest
	30,  // 30: mealplanning.MealPlanningService.ArchiveValidPreparation:input_type -> mealplanning.ArchiveValidPreparationRequest
	31,  // 31: mealplanning.MealPlanningService.ArchiveValidPreparationInstrument:input_type -> mealplanning.ArchiveValidPreparationInstrumentRequest
	32,  // 32: mealplanning.MealPlanningService.ArchiveValidPreparationVessel:input_type -> mealplanning.ArchiveValidPreparationVesselRequest
	33,  // 33: mealplanning.MealPlanningService.ArchiveValidVessel:input_type -> mealplanning.ArchiveValidVesselRequest
	34,  // 34: mealplanning.MealPlanningService.CloneRecipe:input_type -> mealplanning.CloneRecipeRequest
	35,  // 35: mealplanning.MealPlanningService.CreateMeal:input_type -> mealplanning.CreateMealRequest
	36,  // 36: mealplanning.MealPlanningService.CreateMealPlan:input_type -> mealplanning.CreateMealPlanRequest
	37,  // 37: mealplanning.MealPlanningService.CreateMealPlanEvent:input_type -> mealplanning.CreateMealPlanEventRequest
	38,  // 38: mealplanning.MealPlanningService.CreateMealPlanOption:input_type -> mealplanning.CreateMealPlanOptionRequest
	39,  // 39: mealplanning.MealPlanningService.CreateMealPlanOptionVote:input_type -> mealplanning.CreateMealPlanOptionVoteRequest
	40,  // 40: mealplanning.MealPlanningService.CreateMealPlanRecipeOptionSelection:input_type -> mealplanning.CreateMealPlanRecipeOptionSelectionRequest
	41,  // 41: mealplanning.MealPlanningService.CreateMealPlanTask:input_type -> mealplanning.CreateMealPlanTaskRequest
	42,  // 42: mealplanning.MealPlanningService.CreateMealList:input_type -> mealplanning.CreateMealListRequest
	43,  // 43: mealplanning.MealPlanningService.CreateMealListItem:input_type -> mealplanning.CreateMealListItemRequest
	44,  // 44: mealplanning.MealPlanningService.CreateRecipe:input_type -> mealplanning.CreateRecipeRequest
	45,  // 45: mealplanning.MealPlanningService.CreateRecipePrepTask:input_type -> mealplanning.CreateRecipePrepTaskRequest
	46,  // 46: mealplanning.MealPlanningService.CreateRecipeRating:input_type -> mealplanning.CreateRecipeRatingRequest
	47,  // 47: mealplanning.MealPlanningService.CreateRecipeList:input_type -> mealplanning.CreateRecipeListRequest
	48,  // 48: mealplanning.MealPlanningService.CreateRecipeListItem:input_type -> mealplanning.CreateRecipeListItemRequest
	49,  // 49: mealplanning.MealPlanningService.CreateRecipeStep:input_type -> mealplanning.CreateRecipeStepRequest
	50,  // 50: mealplanning.MealPlanningService.CreateRecipeStepCompletionCondition:input_type -> mealplanning.CreateRecipeStepCompletionConditionRequest
	51,  // 51: mealplanning.MealPlanningService.CreateRecipeStepIngredient:input_type -> mealplanning.CreateRecipeStepIngredientRequest
	52,  // 52: mealplanning.MealPlanningService.CreateRecipeStepInstrument:input_type -> mealplanning.CreateRecipeStepInstrumentRequest
	53,  // 53: mealplanning.MealPlanningService.CreateRecipeStepProduct:input_type -> mealplanning.CreateRecipeStepProductRequest
	54,  // 54: mealplanning.MealPlanningService.CreateRecipeStepVessel:input_type -> mealplanning.CreateRecipeStepVesselRequest
	55,  // 55: mealplanning.MealPlanningService.CreateValidIngredient:input_type -> mealplanning.CreateValidIngredientRequest
	56,  // 56: mealplanning.MealPlanningService.CreateValidIngredientGroup:input_type -> mealplanning.CreateValidIngredientGroupRequest
	57,  // 57: mealplanning.MealPlanningService.CreateValidIngredientMeasurementUnit:input_type -> mealplanning.CreateValidIngredientMeasurementUnitRequest
	58,  // 58: mealplanning.MealPlanningService.CreateValidIngredientPreparation:input_type -> mealplanning.CreateValidIngredientPreparationRequest
	59,  // 59: mealplanning.MealPlanningService.CreateValidPrepTaskConfig:input_type -> mealplanning.CreateValidPrepTaskConfigRequest
	60,  // 60: mealplanning.MealPlanningService.CreateValidIngredientState:input_type -> mealplanning.CreateValidIngredientStateRequest
	61,  // 61: mealplanning.MealPlanningService.CreateValidIngredientStateIngredient:input_type -> mealplanning.CreateValidIngredientStateIngredientRequest
	62,  // 62: mealplanning.MealPlanningService.CreateValidInstrument:input_type -> mealplanning.CreateValidInstrumentRequest
	63,  // 63: mealplanning.MealPlanningService.CreateValidMeasurementUnit:input_type -> mealplanning.CreateValidMeasurementUnitRequest
	64,  // 64: mealplanning.MealPlanningService.CreateValidMeasurementUnitConversion:input_type -> mealplanning.CreateValidMeasurementUnitConversionRequest
	65,  // 65: mealplanning.MealPlanningService.CreateValidPreparation:input_type -> mealplanning.CreateValidPreparationRequest
	66,  // 66: mealplanning.MealPlanningService.CreateValidPreparationInstrument:input_type -> mealplanning.CreateValidPreparationInstrumentRequest
	67,  // 67: mealplanning.MealPlanningService.CreateValidPreparationVessel:input_type -> mealplanning.CreateValidPreparationVesselRequest
	68,  // 68: mealplanning.MealPlanningService.CreateValidVessel:input_type -> mealplanning.CreateValidVesselRequest
	69,  // 69: mealplanning.MealPlanningService.FinalizeMealPlan:input_type -> mealplanning.FinalizeMealPlanRequest
	70,  // 70: mealplanning.MealPlanningService.GetMeal:input_type -> mealplanning.GetMealRequest
	71,  // 71: mealplanning.MealPlanningService.GetMealPlan:input_type -> mealplanning.GetMealPlanRequest
	72,  // 72: mealplanning.MealPlanningService.GetMealPlanEvent:input_type -> mealplanning.GetMealPlanEventRequest
	73,  // 73: mealplanning.MealPlanningService.GetMealPlanEvents:input_type -> mealplanning.GetMealPlanEventsRequest
	74,  // 74: mealplanning.MealPlanningService.GetMealPlanGroceryListItem:input_type -> mealplanning.GetMealPlanGroceryListItemRequest
	75,  // 75: mealplanning.MealPlanningService.GetMealPlanGroceryListItemsForMealPlan:input_type -> mealplanning.GetMealPlanGroceryListItemsForMealPlanRequest
	76,  // 76: mealplanning.MealPlanningService.GetMealPlanOption:input_type -> mealplanning.GetMealPlanOptionRequest
	77,  // 77: mealplanning.MealPlanningService.GetMealPlanOptionVote:input_type -> mealplanning.GetMealPlanOptionVoteRequest
	78,  // 78: mealplanning.MealPlanningService.GetMealPlanOptionVotes:input_type -> mealplanning.GetMealPlanOptionVotesRequest
	79,  // 79: mealplanning.MealPlanningService.GetMealPlanOptions:input_type -> mealplanning.GetMealPlanOptionsRequest
	80,  // 80: mealplanning.MealPlanningService.GetMealPlanRecipeOptionSelection:input_type -> mealplanning.GetMealPlanRecipeOptionSelectionRequest
	81,  // 81: mealplanning.MealPlanningService.GetMealPlanRecipeOptionSelectionsForMealPlanOption:input_type -> mealplanning.GetMealPlanRecipeOptionSelectionsForMealPlanOptionRequest
	82,  // 82: mealplanning.MealPlanningService.GetMealPlanTask:input_type -> mealplanning.GetMealPlanTaskRequest
	83,  // 83: mealplanning.MealPlanningService.GetMealPlanTasks:input_type -> mealplanning.GetMealPlanTasksRequest
	84,  // 84: mealplanning.MealPlanningService.GetMealPlansForAccount:input_type -> mealplanning.GetMealPlansForAccountRequest
	85,  // 85: mealplanning.MealPlanningService.GetMealLists:input_type -> mealplanning.GetMealListsRequest
	86,  // 86: mealplanning.MealPlanningService.GetMeals:input_type -> mealplanning.GetMealsRequest
	87,  // 87: mealplanning.MealPlanningService.GetMermaidDiagramForMeal:input_type -> mealplanning.GetMermaidDiagramForMealRequest
	88,  // 88: mealplanning.MealPlanningService.GetMermaidDiagramForRecipe:input_type -> mealplanning.GetMermaidDiagramForRecipeRequest
	89,  // 89: mealplanning.MealPlanningService.GetRandomValidIngredient:input_type -> mealplanning.GetRandomValidIngredientRequest
	90,  // 90: mealplanning.MealPlanningService.GetRandomValidInstrument:input_type -> mealplanning.GetRandomValidInstrumentRequest
	91,  // 91: mealplanning.MealPlanningService.GetRandomValidPreparation:input_type -> mealplanning.GetRandomValidPreparationRequest
	92,  // 92: mealplanning.MealPlanningService.GetRandomValidVessel:input_type -> mealplanning.GetRandomValidVesselRequest
	93,  // 93: mealplanning.MealPlanningService.GetRecipe:input_type -> mealplanning.GetRecipeRequest
	94,  // 94: mealplanning.MealPlanningService.EstimateRecipePrepTasks:input_type -> mealplanning.EstimateRecipePrepTasksRequest
	95,  // 95: mealplanning.MealPlanningService.GetRecipePrepTask:input_type -> mealplanning.GetRecipePrepTaskRequest
	96,  // 96: mealplanning.MealPlanningService.GetRecipePrepTasks:input_type -> mealplanning.GetRecipePrepTasksRequest
	97,  // 97: mealplanning.MealPlanningService.GetRecipeRating:input_type -> mealplanning.GetRecipeRatingRequest
	98,  // 98: mealplanning.MealPlanningService.GetRecipeRatingsForRecipe:input_type -> mealplanning.GetRecipeRatingsForRecipeRequest
	99,  // 99: mealplanning.MealPlanningService.GetRecipeStep:input_type -> mealplanning.GetRecipeStepRequest
	100, // 100: mealplanning.MealPlanningService.GetRecipeStepCompletionCondition:input_type -> mealplanning.GetRecipeStepCompletionConditionRequest
	101, // 101: mealplanning.MealPlanningService.GetRecipeStepCompletionConditions:input_type -> mealplanning.GetRecipeStepCompletionConditionsRequest
	102, // 102: mealplanning.MealPlanningService.GetRecipeStepIngredient:input_type -> mealplanning.GetRecipeStepIngredientRequest
	103, // 103: mealplanning.MealPlanningService.GetRecipeStepIngredients:input_type -> mealplanning.GetRecipeStepIngredientsRequest
	104, // 104: mealplanning.MealPlanningService.GetRecipeStepInstrument:input_type -> mealplanning.GetRecipeStepInstrumentRequest
	105, // 105: mealplanning.MealPlanningService.GetRecipeStepInstruments:input_type -> mealplanning.GetRecipeStepInstrumentsRequest
	106, // 106: mealplanning.MealPlanningService.GetRecipeStepProduct:input_type -> mealplanning.GetRecipeStepProductRequest
	107, // 107: mealplanning.MealPlanningService.GetRecipeStepProducts:input_type -> mealplanning.GetRecipeStepProductsRequest
	108, // 108: mealplanning.MealPlanningService.GetRecipeStepVessel:input_type -> mealplanning.GetRecipeStepVesselRequest
	109, // 109: mealplanning.MealPlanningService.GetRecipeStepVessels:input_type -> mealplanning.GetRecipeStepVesselsRequest
	110, // 110: mealplanning.MealPlanningService.GetRecipeSteps:input_type -> mealplanning.GetRecipeStepsRequest
	111, // 111: mealplanning.MealPlanningService.GetRecipeLists:input_type -> mealplanning.GetRecipeListsRequest
	112, // 112: mealplanning.MealPlanningService.GetRecipes:input_type -> mealplanning.GetRecipesRequest
	113, // 113: mealplanning.MealPlanningService.GetValidIngredient:input_type -> mealplanning.GetValidIngredientRequest
	114, // 114: mealplanning.MealPlanningService.GetValidIngredientGroup:input_type -> mealplanning.GetValidIngredientGroupRequest
	115, // 115: mealplanning.MealPlanningService.GetValidIngredientGroups:input_type -> mealplanning.GetValidIngredientGroupsRequest
	116, // 116: mealplanning.MealPlanningService.GetValidIngredientMeasurementUnit:input_type -> mealplanning.GetValidIngredientMeasurementUnitRequest
	117, // 117: mealplanning.MealPlanningService.GetValidIngredientMeasurementUnits:input_type -> mealplanning.GetValidIngredientMeasurementUnitsRequest
	118, // 118: mealplanning.MealPlanningService.GetValidIngredientMeasurementUnitsByIngredient:input_type -> mealplanning.GetValidIngredientMeasurementUnitsByIngredientRequest
	119, // 119: mealplanning.MealPlanningService.GetValidIngredientMeasurementUnitsByMeasurementUnit:input_type -> mealplanning.GetValidIngredientMeasurementUnitsByMeasurementUnitRequest
	120, // 120: mealplanning.MealPlanningService.GetValidIngredientPreparation:input_type -> mealplanning.GetValidIngredientPreparationRequest
	121, // 121: mealplanning.MealPlanningService.GetValidIngredientPreparations:input_type -> mealplanning.GetValidIngredientPreparationsRequest
	122, // 122: mealplanning.MealPlanningService.GetValidIngredientPreparationsByIngredient:input_type -> mealplanning.GetValidIngredientPreparationsByIngredientRequest
	123, // 123: mealplanning.MealPlanningService.GetValidIngredientPreparationsByPreparation:input_type -> mealplanning.GetValidIngredientPreparationsByPreparationRequest
	124, // 124: mealplanning.MealPlanningService.GetValidPrepTaskConfig:input_type -> mealplanning.GetValidPrepTaskConfigRequest
	125, // 125: mealplanning.MealPlanningService.GetValidPrepTaskConfigs:input_type -> mealplanning.GetValidPrepTaskConfigsRequest
	126, // 126: mealplanning.MealPlanningService.GetValidPrepTaskConfigsByIngredient:input_type -> mealplanning.GetValidPrepTaskConfigsByIngredientRequest
	127, // 127: mealplanning.MealPlanningService.GetValidPrepTaskConfigsByPreparation:input_type -> mealplanning.GetValidPrepTaskConfigsByPreparationRequest
	128, // 128: mealplanning.MealPlanningService.GetValidPrepTaskConfigsByIngredientAndPreparation:input_type -> mealplanning.GetValidPrepTaskConfigsByIngredientAndPreparationRequest
	129, // 129: mealplanning.MealPlanningService.GetValidIngredientState:input_type -> mealplanning.GetValidIngredientStateRequest
	130, // 130: mealplanning.MealPlanningService.GetValidIngredientStateIngredient:input_type -> mealplanning.GetValidIngredientStateIngredientRequest
	131, // 131: mealplanning.MealPlanningService.GetValidIngredientStateIngredients:input_type -> mealplanning.GetValidIngredientStateIngredientsRequest
	132, // 132: mealplanning.MealPlanningService.GetValidIngredientStateIngredientsByIngredient:input_type -> mealplanning.GetValidIngredientStateIngredientsByIngredientRequest
	133, // 133: mealplanning.MealPlanningService.GetValidIngredientStateIngredientsByIngredientState:input_type -> mealplanning.GetValidIngredientStateIngredientsByIngredientStateRequest
	134, // 134: mealplanning.MealPlanningService.GetValidIngredientStates:input_type -> mealplanning.GetValidIngredientStatesRequest
	135, // 135: mealplanning.MealPlanningService.GetValidIngredients:input_type -> mealplanning.GetValidIngredientsRequest
	136, // 136: mealplanning.MealPlanningService.GetValidInstrument:input_type -> mealplanning.GetValidInstrumentRequest
	137, // 137: mealplanning.MealPlanningService.GetValidInstruments:input_type -> mealplanning.GetValidInstrumentsRequest
	138, // 138: mealplanning.MealPlanningService.GetValidMeasurementUnit:input_type -> mealplanning.GetValidMeasurementUnitRequest
	139, // 139: mealplanning.MealPlanningService.GetValidMeasurementUnitConversion:input_type -> mealplanning.GetValidMeasurementUnitConversionRequest
	140, // 140: mealplanning.MealPlanningService.GetValidMeasurementUnitConversionsForUnit:input_type -> mealplanning.GetValidMeasurementUnitConversionsForUnitRequest
	141, // 141: mealplanning.MealPlanningService.GetValidMeasurementUnitConversionsForIngredients:input_type -> mealplanning.GetValidMeasurementUnitConversionsForIngredientsRequest
	142, // 142: mealplanning.MealPlanningService.GetMeasurementUnitConversionMismatches:input_type -> mealplanning.GetMeasurementUnitConversionMismatchesRequest
	143, // 143: mealplanning.MealPlanningService.GetValidMeasurementUnits:input_type -> mealplanning.GetValidMeasurementUnitsRequest
	144, // 144: mealplanning.MealPlanningService.GetValidPreparation:input_type -> mealplanning.GetValidPreparationRequest
	145, // 145: mealplanning.MealPlanningService.GetValidPreparationInstrument:input_type -> mealplanning.GetValidPreparationInstrumentRequest
	146, // 146: mealplanning.MealPlanningService.GetValidPreparationInstruments:input_type -> mealplanning.GetValidPreparationInstrumentsRequest
	147, // 147: mealplanning.MealPlanningService.GetValidPreparationInstrumentsByInstrument:input_type -> mealplanning.GetValidPreparationInstrumentsByInstrumentRequest
	148, // 148: mealplanning.MealPlanningService.GetValidPreparationInstrumentsByPreparation:input_type -> mealplanning.GetValidPreparationInstrumentsByPreparationRequest
	149, // 149: mealplanning.MealPlanningService.GetValidPreparationVessel:input_type -> mealplanning.GetValidPreparationVesselRequest
	150, // 150: mealplanning.MealPlanningService.GetValidPreparationVessels:input_type -> mealplanning.GetValidPreparationVesselsRequest
	151, // 151: mealplanning.MealPlanningService.GetValidPreparationVesselsByPreparation:input_type -> mealplanning.GetValidPreparationVesselsByPreparationRequest
	152, // 152: mealplanning.MealPlanningService.GetValidPreparationVesselsByVessel:input_type -> mealplanning.GetValidPreparationVesselsByVesselRequest
	153, // 153: mealplanning.MealPlanningService.GetValidPreparations:input_type -> mealplanning.GetValidPreparationsRequest
	154, // 154: mealplanning.MealPlanningService.GetValidVessel:input_type -> mealplanning.GetValidVesselRequest
	155, // 155: mealplanning.MealPlanningService.GetValidVessels:input_type -> mealplanning.GetValidVesselsRequest
	156, // 156: mealplanning.MealPlanningService.RunFinalizeMealPlanWorker:input_type -> mealplanning.RunFinalizeMealPlanWorkerRequest
	157, // 157: mealplanning.MealPlanningService.RunMealPlanGroceryListInitializerWorker:input_type -> mealplanning.RunMealPlanGroceryListInitializerWorkerRequest
	158, // 158: mealplanning.MealPlanningService.RunMealPlanTaskCreatorWorker:input_type -> mealplanning.RunMealPlanTaskCreatorWorkerRequest
	159, // 159: mealplanning.MealPlanningService.SearchForMeals:input_type -> mealplanning.SearchForMealsRequest
	160, // 160: mealplanning.MealPlanningService.SearchForRecipes:input_type -> mealplanning.SearchForRecipesRequest
	161, // 161: mealplanning.MealPlanningService.SearchForMealEligibleRecipes:input_type -> mealplanning.SearchForMealEligibleRecipesRequest
	162, // 162: mealplanning.MealPlanningService.SearchForRecipesWithInstrumentOwnership:input_type -> mealplanning.SearchForRecipesWithInstrumentOwnershipRequest
	163, // 163: mealplanning.MealPlanningService.SearchForValidIngredientGroups:input_type -> mealplanning.SearchForValidIngredientGroupsRequest
	164, // 164: mealplanning.MealPlanningService.SearchForValidIngredientStates:input_type -> mealplanning.SearchForValidIngredientStatesRequest
	165, // 165: mealplanning.MealPlanningService.SearchForValidIngredients:input_type -> mealplanning.SearchForValidIngredientsRequest
	166, // 166: mealplanning.MealPlanningService.SearchForValidInstruments:input_type -> mealplanning.SearchForValidInstrumentsRequest
	167, // 167: mealplanning.MealPlanningService.SearchForValidMeasurementUnits:input_type -> mealplanning.SearchForValidMeasurementUnitsRequest
	168, // 168: mealplanning.MealPlanningService.SearchForValidPreparations:input_type -> mealplanning.SearchForValidPreparationsRequest
	169, // 169: mealplanning.MealPlanningService.SearchForValidVessels:input_type -> mealplanning.SearchForValidVesselsRequest
	170, // 170: mealplanning.MealPlanningService.SearchValidIngredientsByPreparation:input_type -> mealplanning.SearchValidIngredientsByPreparationRequest
	171, // 171: mealplanning.MealPlanningService.SearchValidMeasurementUnitsByIngredient:input_type -> mealplanning.SearchValidMeasurementUnitsByIngredientRequest
	172, // 172: mealplanning.MealPlanningService.UpdateMealPlan:input_type -> mealplanning.UpdateMealPlanRequest
	173, // 173: mealplanning.MealPlanningService.UpdateMealPlanEvent:input_type -> mealplanning.UpdateMealPlanEventRequest
	174, // 174: mealplanning.MealPlanningService.SwapMealPlanEvents:input_type -> mealplanning.SwapMealPlanEventsRequest
	175, // 175: mealplanning.MealPlanningService.UpdateMealPlanGroceryListItem:input_type -> mealplanning.UpdateMealPlanGroceryListItemRequest
	176, // 176: mealplanning.MealPlanningService.UpdateMealPlanOption:input_type -> mealplanning.UpdateMealPlanOptionRequest
	177, // 177: mealplanning.MealPlanningService.UpdateMealPlanOptionVote:input_type -> mealplanning.UpdateMealPlanOptionVoteRequest
	178, // 178: mealplanning.MealPlanningService.UpdateMealPlanRecipeOptionSelection:input_type -> mealplanning.UpdateMealPlanRecipeOptionSelectionRequest
	179, // 179: mealplanning.MealPlanningService.UpdateMealPlanTaskStatus:input_type -> mealplanning.UpdateMealPlanTaskStatusRequest
	180, // 180: mealplanning.MealPlanningService.UpdateMealList:input_type -> mealplanning.UpdateMealListRequest
	181, // 181: mealplanning.MealPlanningService.UpdateMealListItem:input_type -> mealplanning.UpdateMealListItemRequest
	182, // 182: mealplanning.MealPlanningService.UpdateRecipe:input_type -> mealplanning.UpdateRecipeRequest
	183, // 183: mealplanning.MealPlanningService.UpdateRecipeStatus:input_type -> mealplanning.UpdateRecipeStatusRequest
	184, // 184: mealplanning.MealPlanningService.UpdateRecipePrepTask:input_type -> mealplanning.UpdateRecipePrepTaskRequest
	185, // 185: mealplanning.MealPlanningService.UpdateRecipeRating:input_type -> mealplanning.UpdateRecipeRatingRequest
	186, // 186: mealplanning.MealPlanningService.UpdateRecipeList:input_type -> mealplanning.UpdateRecipeListRequest
	187, // 187: mealplanning.MealPlanningService.UpdateRecipeListItem:input_type -> mealplanning.UpdateRecipeListItemRequest
	188, // 188: mealplanning.MealPlanningService.UpdateRecipeStep:input_type -> mealplanning.UpdateRecipeStepRequest
	189, // 189: mealplanning.MealPlanningService.UpdateRecipeStepCompletionCondition:input_type -> mealplanning.UpdateRecipeStepCompletionConditionRequest
	190, // 190: mealplanning.MealPlanningService.UpdateRecipeStepIngredient:input_type -> mealplanning.UpdateRecipeStepIngredientRequest
	191, // 191: mealplanning.MealPlanningService.UpdateRecipeStepInstrument:input_type -> mealplanning.UpdateRecipeStepInstrumentRequest
	192, // 192: mealplanning.MealPlanningService.UpdateRecipeStepProduct:input_type -> mealplanning.UpdateRecipeStepProductRequest
	193, // 193: mealplanning.MealPlanningService.UpdateRecipeStepVessel:input_type -> mealplanning.UpdateRecipeStepVesselRequest
	194, // 194: mealplanning.MealPlanningService.UpdateValidIngredient:input_type -> mealplanning.UpdateValidIngredientRequest
	195, // 195: mealplanning.MealPlanningService.UpdateValidIngredientGroup:input_type -> mealplanning.UpdateValidIngredientGroupRequest
	196, // 196: mealplanning.MealPlanningService.UpdateValidIngredientMeasurementUnit:input_type -> mealplanning.UpdateValidIngredientMeasurementUnitRequest
	197, // 197: mealplanning.MealPlanningService.UpdateValidIngredientPreparation:input_type -> mealplanning.UpdateValidIngredientPreparationRequest
	198, // 198: mealplanning.MealPlanningService.UpdateValidPrepTaskConfig:input_type -> mealplanning.UpdateValidPrepTaskConfigRequest
	199, // 199: mealplanning.MealPlanningService.UpdateValidIngredientState:input_type -> mealplanning.UpdateValidIngredientStateRequest
	200, // 200: mealplanning.MealPlanningService.UpdateValidIngredientStateIngredient:input_type -> mealplanning.UpdateValidIngredientStateIngredientRequest
	201, // 201: mealplanning.MealPlanningService.UpdateValidInstrument:input_type -> mealplanning.UpdateValidInstrumentRequest
	202, // 202: mealplanning.MealPlanningService.UpdateValidMeasurementUnit:input_type -> mealplanning.UpdateValidMeasurementUnitRequest
	203, // 203: mealplanning.MealPlanningService.UpdateValidMeasurementUnitConversion:input_type -> mealplanning.UpdateValidMeasurementUnitConversionRequest
	204, // 204: mealplanning.MealPlanningService.UpdateValidPreparation:input_type -> mealplanning.UpdateValidPreparationRequest
	205, // 205: mealplanning.MealPlanningService.UpdateValidPreparationInstrument:input_type -> mealplanning.UpdateValidPreparationInstrumentRequest
	206, // 206: mealplanning.MealPlanningService.UpdateValidPreparationVessel:input_type -> mealplanning.UpdateValidPreparationVesselRequest
	207, // 207: mealplanning.MealPlanningService.UpdateValidVessel:input_type -> mealplanning.UpdateValidVesselRequest
	208, // 208: mealplanning.MealPlanningService.ArchiveAccountInstrumentOwnership:input_type -> mealplanning.ArchiveAccountInstrumentOwnershipRequest
	209, // 209: mealplanning.MealPlanningService.ArchiveUserIngredientPreference:input_type -> mealplanning.ArchiveUserIngredientPreferenceRequest
	210, // 210: mealplanning.MealPlanningService.CreateAccountInstrumentOwnership:input_type -> mealplanning.CreateAccountInstrumentOwnershipRequest
	211, // 211: mealplanning.MealPlanningService.CreateUserIngredientPreference:input_type -> mealplanning.CreateUserIngredientPreferenceRequest
	212, // 212: mealplanning.MealPlanningService.GetAccountInstrumentOwnership:input_type -> mealplanning.GetAccountInstrumentOwnershipRequest
	213, // 213: mealplanning.MealPlanningService.GetAccountInstrumentOwnerships:input_type -> mealplanning.GetAccountInstrumentOwnershipsRequest
	214, // 214: mealplanning.MealPlanningService.SearchForValidInstrumentsNotOwnedByAccount:input_type -> mealplanning.SearchForValidInstrumentsNotOwnedByAccountRequest
	215, // 215: mealplanning.MealPlanningService.GetUserIngredientPreference:input_type -> mealplanning.GetUserIngredientPreferenceRequest
	216, // 216: mealplanning.MealPlanningService.GetUserIngredientPreferences:input_type -> mealplanning.GetUserIngredientPreferencesRequest
	217, // 217: mealplanning.MealPlanningService.UpdateAccountInstrumentOwnership:input_type -> mealplanning.UpdateAccountInstrumentOwnershipRequest
	218, // 218: mealplanning.MealPlanningService.UpdateUserIngredientPreference:input_type -> mealplanning.UpdateUserIngredientPreferenceRequest
	219, // 219: mealplanning.MealPlanningService.UploadMealImage:input_type -> mealplanning.UploadMealMediaRequest
	220, // 220: mealplanning.MealPlanningService.UploadRecipeImage:input_type -> mealplanning.UploadRecipeMediaRequest
	221, // 221: mealplanning.MealPlanningService.UploadPreparationMedia:input_type -> mealplanning.UploadPreparationMediaRequest
	222, // 222: mealplanning.MealPlanningService.UploadIngredientMedia:input_type -> mealplanning.UploadIngredientMediaRequest
	223, // 223: mealplanning.MealPlanningService.UploadRecipeStepImage:input_type -> mealplanning.UploadRecipeStepImageRequest
	224, // 224: mealplanning.MealPlanningService.ArchiveMeal:output_type -> mealplanning.ArchiveMealResponse
	225, // 225: mealplanning.MealPlanningService.ArchiveMealPlan:output_type -> mealplanning.ArchiveMealPlanResponse
	226, // 226: mealplanning.MealPlanningService.ArchiveMealPlanEvent:output_type -> mealplanning.ArchiveMealPlanEventResponse
	227, // 227: mealplanning.MealPlanningService.ArchiveMealPlanGroceryListItem:output_type -> mealplanning.ArchiveMealPlanGroceryListItemResponse
	228, // 228: mealplanning.MealPlanningService.ArchiveMealPlanOption:output_type -> mealplanning.ArchiveMealPlanOptionResponse
	229, // 229: mealplanning.MealPlanningService.ArchiveMealPlanOptionVote:output_type -> mealplanning.ArchiveMealPlanOptionVoteResponse
	230, // 230: mealplanning.MealPlanningService.ArchiveMealPlanRecipeOptionSelection:output_type -> mealplanning.ArchiveMealPlanRecipeOptionSelectionResponse
	231, // 231: mealplanning.MealPlanningService.ArchiveMealList:output_type -> mealplanning.ArchiveMealListResponse
	232, // 232: mealplanning.MealPlanningService.ArchiveMealListItem:output_type -> mealplanning.ArchiveMealListItemResponse
	233, // 233: mealplanning.MealPlanningService.ArchiveRecipe:output_type -> mealplanning.ArchiveRecipeResponse
	234, // 234: mealplanning.MealPlanningService.ArchiveRecipePrepTask:output_type -> mealplanning.ArchiveRecipePrepTaskResponse
	235, // 235: mealplanning.MealPlanningService.ArchiveRecipeRating:output_type -> mealplanning.ArchiveRecipeRatingResponse
	236, // 236: mealplanning.MealPlanningService.ArchiveRecipeList:output_type -> mealplanning.ArchiveRecipeListResponse
	237, // 237: mealplanning.MealPlanningService.ArchiveRecipeListItem:output_type -> mealplanning.ArchiveRecipeListItemResponse
	238, // 238: mealplanning.MealPlanningService.ArchiveRecipeStep:output_type -> mealplanning.ArchiveRecipeStepResponse
	239, // 239: mealplanning.MealPlanningService.ArchiveRecipeStepCompletionCondition:output_type -> mealplanning.ArchiveRecipeStepCompletionConditionResponse
	240, // 240: mealplanning.MealPlanningService.ArchiveRecipeStepIngredient:output_type -> mealplanning.ArchiveRecipeStepIngredientResponse
	241, // 241: mealplanning.MealPlanningService.ArchiveRecipeStepInstrument:output_type -> mealplanning.ArchiveRecipeStepInstrumentResponse
	242, // 242: mealplanning.MealPlanningService.ArchiveRecipeStepProduct:output_type -> mealplanning.ArchiveRecipeStepProductResponse
	243, // 243: mealplanning.MealPlanningService.ArchiveRecipeStepVessel:output_type -> mealplanning.ArchiveRecipeStepVesselResponse
	244, // 244: mealplanning.MealPlanningService.ArchiveValidIngredient:output_type -> mealplanning.ArchiveValidIngredientResponse
	245, // 245: mealplanning.MealPlanningService.ArchiveValidIngredientGroup:output_type -> mealplanning.ArchiveValidIngredientGroupResponse
	246, // 246: mealplanning.MealPlanningService.ArchiveValidIngredientMeasurementUnit:output_type -> mealplanning.ArchiveValidIngredientMeasurementUnitResponse
	247, // 247: mealplanning.MealPlanningService.ArchiveValidIngredientPreparation:output_type -> mealplanning.ArchiveValidIngredientPreparationResponse
	248, // 248: mealplanning.MealPlanningService.ArchiveValidPrepTaskConfig:output_type -> mealplanning.ArchiveValidPrepTaskConfigResponse
	249, // 249: mealplanning.MealPlanningService.ArchiveValidIngredientState:output_type -> mealplanning.ArchiveValidIngredientStateResponse
	250, // 250: mealplanning.MealPlanningService.ArchiveValidIngredientStateIngredient:output_type -> mealplanning.ArchiveValidIngredientStateIngredientResponse
	251, // 251: mealplanning.MealPlanningService.ArchiveValidInstrument:output_type -> mealplanning.ArchiveValidInstrumentResponse
	252, // 252: mealplanning.MealPlanningService.ArchiveValidMeasurementUnit:output_type -> mealplanning.ArchiveValidMeasurementUnitResponse
	253, // 253: mealplanning.MealPlanningService.ArchiveValidMeasurementUnitConversion:output_type -> mealplanning.ArchiveValidMeasurementUnitConversionResponse
	254, // 254: mealplanning.MealPlanningService.ArchiveValidPreparation:output_type -> mealplanning.ArchiveValidPreparationResponse
	255, // 255: mealplanning.MealPlanningService.ArchiveValidPreparationInstrument:output_type -> mealplanning.ArchiveValidPreparationInstrumentResponse
	256, // 256: mealplanning.MealPlanningService.ArchiveValidPreparationVessel:output_type -> mealplanning.ArchiveValidPreparationVesselResponse
	257, // 257: mealplanning.MealPlanningService.ArchiveValidVessel:output_type -> mealplanning.ArchiveValidVesselResponse
	258, // 258: mealplanning.MealPlanningService.CloneRecipe:output_type -> mealplanning.CloneRecipeResponse
	259, // 259: mealplanning.MealPlanningService.CreateMeal:output_type -> mealplanning.CreateMealResponse
	260, // 260: mealplanning.MealPlanningService.CreateMealPlan:output_type -> mealplanning.CreateMealPlanResponse
	261, // 261: mealplanning.MealPlanningService.CreateMealPlanEvent:output_type -> mealplanning.CreateMealPlanEventResponse
	262, // 262: mealplanning.MealPlanningService.CreateMealPlanOption:output_type -> mealplanning.CreateMealPlanOptionResponse
	263, // 263: mealplanning.MealPlanningService.CreateMealPlanOptionVote:output_type -> mealplanning.CreateMealPlanOptionVoteResponse
	264, // 264: mealplanning.MealPlanningService.CreateMealPlanRecipeOptionSelection:output_type -> mealplanning.CreateMealPlanRecipeOptionSelectionResponse
	265, // 265: mealplanning.MealPlanningService.CreateMealPlanTask:output_type -> mealplanning.CreateMealPlanTaskResponse
	266, // 266: mealplanning.MealPlanningService.CreateMealList:output_type -> mealplanning.CreateMealListResponse
	267, // 267: mealplanning.MealPlanningService.CreateMealListItem:output_type -> mealplanning.CreateMealListItemResponse
	268, // 268: mealplanning.MealPlanningService.CreateRecipe:output_type -> mealplanning.CreateRecipeResponse
	269, // 269: mealplanning.MealPlanningService.CreateRecipePrepTask:output_type -> mealplanning.CreateRecipePrepTaskResponse
	270, // 270: mealplanning.MealPlanningService.CreateRecipeRating:output_type -> mealplanning.CreateRecipeRatingResponse
	271, // 271: mealplanning.MealPlanningService.CreateRecipeList:output_type -> mealplanning.CreateRecipeListResponse
	272, // 272: mealplanning.MealPlanningService.CreateRecipeListItem:output_type -> mealplanning.CreateRecipeListItemResponse
	273, // 273: mealplanning.MealPlanningService.CreateRecipeStep:output_type -> mealplanning.CreateRecipeStepResponse
	274, // 274: mealplanning.MealPlanningService.CreateRecipeStepCompletionCondition:output_type -> mealplanning.CreateRecipeStepCompletionConditionResponse
	275, // 275: mealplanning.MealPlanningService.CreateRecipeStepIngredient:output_type -> mealplanning.CreateRecipeStepIngredientResponse
	276, // 276: mealplanning.MealPlanningService.CreateRecipeStepInstrument:output_type -> mealplanning.CreateRecipeStepInstrumentResponse
	277, // 277: mealplanning.MealPlanningService.CreateRecipeStepProduct:output_type -> mealplanning.CreateRecipeStepProductResponse
	278, // 278: mealplanning.MealPlanningService.CreateRecipeStepVessel:output_type -> mealplanning.CreateRecipeStepVesselResponse
	279, // 279: mealplanning.MealPlanningService.CreateValidIngredient:output_type -> mealplanning.CreateValidIngredientResponse
	280, // 280: mealplanning.MealPlanningService.CreateValidIngredientGroup:output_type -> mealplanning.CreateValidIngredientGroupResponse
	281, // 281: mealplanning.MealPlanningService.CreateValidIngredientMeasurementUnit:output_type -> mealplanning.CreateValidIngredientMeasurementUnitResponse
	282, // 282: mealplanning.MealPlanningService.CreateValidIngredientPreparation:output_type -> mealplanning.CreateValidIngredientPreparationResponse
	283, // 283: mealplanning.MealPlanningService.CreateValidPrepTaskConfig:output_type -> mealplanning.CreateValidPrepTaskConfigResponse
	284, // 284: mealplanning.MealPlanningService.CreateValidIngredientState:output_type -> mealplanning.CreateValidIngredientStateResponse
	285, // 285: mealplanning.MealPlanningService.CreateValidIngredientStateIngredient:output_type -> mealplanning.CreateValidIngredientStateIngredientResponse
	286, // 286: mealplanning.MealPlanningService.CreateValidInstrument:output_type -> mealplanning.CreateValidInstrumentResponse
	287, // 287: mealplanning.MealPlanningService.CreateValidMeasurementUnit:output_type -> mealplanning.CreateValidMeasurementUnitResponse
	288, // 288: mealplanning.MealPlanningService.CreateValidMeasurementUnitConversion:output_type -> mealplanning.CreateValidMeasurementUnitConversionResponse
	289, // 289: mealplanning.MealPlanningService.CreateValidPreparation:output_type -> mealplanning.CreateValidPreparationResponse
	290, // 290: mealplanning.MealPlanningService.CreateValidPreparationInstrument:output_type -> mealplanning.CreateValidPreparationInstrumentResponse
	291, // 291: mealplanning.MealPlanningService.CreateValidPreparationVessel:output_type -> mealplanning.CreateValidPreparationVesselResponse
	292, // 292: mealplanning.MealPlanningService.CreateValidVessel:output_type -> mealplanning.CreateValidVesselResponse
	293, // 293: mealplanning.MealPlanningService.FinalizeMealPlan:output_type -> mealplanning.FinalizeMealPlanResponse
	294, // 294: mealplanning.MealPlanningService.GetMeal:output_type -> mealplanning.GetMealResponse
	295, // 295: mealplanning.MealPlanningService.GetMealPlan:output_type -> mealplanning.GetMealPlanResponse
	296, // 296: mealplanning.MealPlanningService.GetMealPlanEvent:output_type -> mealplanning.GetMealPlanEventResponse
	297, // 297: mealplanning.MealPlanningService.GetMealPlanEvents:output_type -> mealplanning.GetMealPlanEventsResponse
	298, // 298: mealplanning.MealPlanningService.GetMealPlanGroceryListItem:output_type -> mealplanning.GetMealPlanGroceryListItemResponse
	299, // 299: mealplanning.MealPlanningService.GetMealPlanGroceryListItemsForMealPlan:output_type -> mealplanning.GetMealPlanGroceryListItemsForMealPlanResponse
	300, // 300: mealplanning.MealPlanningService.GetMealPlanOption:output_type -> mealplanning.GetMealPlanOptionResponse
	301, // 301: mealplanning.MealPlanningService.GetMealPlanOptionVote:output_type -> mealplanning.GetMealPlanOptionVoteResponse
	302, // 302: mealplanning.MealPlanningService.GetMealPlanOptionVotes:output_type -> mealplanning.GetMealPlanOptionVotesResponse
	303, // 303: mealplanning.MealPlanningService.GetMealPlanOptions:output_type -> mealplanning.GetMealPlanOptionsResponse
	304, // 304: mealplanning.MealPlanningService.GetMealPlanRecipeOptionSelection:output_type -> mealplanning.GetMealPlanRecipeOptionSelectionResponse
	305, // 305: mealplanning.MealPlanningService.GetMealPlanRecipeOptionSelectionsForMealPlanOption:output_type -> mealplanning.GetMealPlanRecipeOptionSelectionsForMealPlanOptionResponse
	306, // 306: mealplanning.MealPlanningService.GetMealPlanTask:output_type -> mealplanning.GetMealPlanTaskResponse
	307, // 307: mealplanning.MealPlanningService.GetMealPlanTasks:output_type -> mealplanning.GetMealPlanTasksResponse
	308, // 308: mealplanning.MealPlanningService.GetMealPlansForAccount:output_type -> mealplanning.GetMealPlansForAccountResponse
	309, // 309: mealplanning.MealPlanningService.GetMealLists:output_type -> mealplanning.GetMealListsResponse
	310, // 310: mealplanning.MealPlanningService.GetMeals:output_type -> mealplanning.GetMealsResponse
	311, // 311: mealplanning.MealPlanningService.GetMermaidDiagramForMeal:output_type -> mealplanning.GetMermaidDiagramForMealResponse
	312, // 312: mealplanning.MealPlanningService.GetMermaidDiagramForRecipe:output_type -> mealplanning.GetMermaidDiagramForRecipeResponse
	313, // 313: mealplanning.MealPlanningService.GetRandomValidIngredient:output_type -> mealplanning.GetRandomValidIngredientResponse
	314, // 314: mealplanning.MealPlanningService.GetRandomValidInstrument:output_type -> mealplanning.GetRandomValidInstrumentResponse
	315, // 315: mealplanning.MealPlanningService.GetRandomValidPreparation:output_type -> mealplanning.GetRandomValidPreparationResponse
	316, // 316: mealplanning.MealPlanningService.GetRandomValidVessel:output_type -> mealplanning.GetRandomValidVesselResponse
	317, // 317: mealplanning.MealPlanningService.GetRecipe:output_type -> mealplanning.GetRecipeResponse
	318, // 318: mealplanning.MealPlanningService.EstimateRecipePrepTasks:output_type -> mealplanning.EstimateRecipePrepTasksResponse
	319, // 319: mealplanning.MealPlanningService.GetRecipePrepTask:output_type -> mealplanning.GetRecipePrepTaskResponse
	320, // 320: mealplanning.MealPlanningService.GetRecipePrepTasks:output_type -> mealplanning.GetRecipePrepTasksResponse
	321, // 321: mealplanning.MealPlanningService.GetRecipeRating:output_type -> mealplanning.GetRecipeRatingResponse
	322, // 322: mealplanning.MealPlanningService.GetRecipeRatingsForRecipe:output_type -> mealplanning.GetRecipeRatingsForRecipeResponse
	323, // 323: mealplanning.MealPlanningService.GetRecipeStep:output_type -> mealplanning.GetRecipeStepResponse
	324, // 324: mealplanning.MealPlanningService.GetRecipeStepCompletionCondition:output_type -> mealplanning.GetRecipeStepCompletionConditionResponse
	325, // 325: mealplanning.MealPlanningService.GetRecipeStepCompletionConditions:output_type -> mealplanning.GetRecipeStepCompletionConditionsResponse
	326, // 326: mealplanning.MealPlanningService.GetRecipeStepIngredient:output_type -> mealplanning.GetRecipeStepIngredientResponse
	327, // 327: mealplanning.MealPlanningService.GetRecipeStepIngredients:output_type -> mealplanning.GetRecipeStepIngredientsResponse
	328, // 328: mealplanning.MealPlanningService.GetRecipeStepInstrument:output_type -> mealplanning.GetRecipeStepInstrumentResponse
	329, // 329: mealplanning.MealPlanningService.GetRecipeStepInstruments:output_type -> mealplanning.GetRecipeStepInstrumentsResponse
	330, // 330: mealplanning.MealPlanningService.GetRecipeStepProduct:output_type -> mealplanning.GetRecipeStepProductResponse
	331, // 331: mealplanning.MealPlanningService.GetRecipeStepProducts:output_type -> mealplanning.GetRecipeStepProductsResponse
	332, // 332: mealplanning.MealPlanningService.GetRecipeStepVessel:output_type -> mealplanning.GetRecipeStepVesselResponse
	333, // 333: mealplanning.MealPlanningService.GetRecipeStepVessels:output_type -> mealplanning.GetRecipeStepVesselsResponse
	334, // 334: mealplanning.MealPlanningService.GetRecipeSteps:output_type -> mealplanning.GetRecipeStepsResponse
	335, // 335: mealplanning.MealPlanningService.GetRecipeLists:output_type -> mealplanning.GetRecipeListsResponse
	336, // 336: mealplanning.MealPlanningService.GetRecipes:output_type -> mealplanning.GetRecipesResponse
	337, // 337: mealplanning.MealPlanningService.GetValidIngredient:output_type -> mealplanning.GetValidIngredientResponse
	338, // 338: mealplanning.MealPlanningService.GetValidIngredientGroup:output_type -> mealplanning.GetValidIngredientGroupResponse
	339, // 339: mealplanning.MealPlanningService.GetValidIngredientGroups:output_type -> mealplanning.GetValidIngredientGroupsResponse
	340, // 340: mealplanning.MealPlanningService.GetValidIngredientMeasurementUnit:output_type -> mealplanning.GetValidIngredientMeasurementUnitResponse
	341, // 341: mealplanning.MealPlanningService.GetValidIngredientMeasurementUnits:output_type -> mealplanning.GetValidIngredientMeasurementUnitsResponse
	342, // 342: mealplanning.MealPlanningService.GetValidIngredientMeasurementUnitsByIngredient:output_type -> mealplanning.GetValidIngredientMeasurementUnitsByIngredientResponse
	343, // 343: mealplanning.MealPlanningService.GetValidIngredientMeasurementUnitsByMeasurementUnit:output_type -> mealplanning.GetValidIngredientMeasurementUnitsByMeasurementUnitResponse
	344, // 344: mealplanning.MealPlanningService.GetValidIngredientPreparation:output_type -> mealplanning.GetValidIngredientPreparationResponse
	345, // 345: mealplanning.MealPlanningService.GetValidIngredientPreparations:output_type -> mealplanning.GetValidIngredientPreparationsResponse
	346, // 346: mealplanning.MealPlanningService.GetValidIngredientPreparationsByIngredient:output_type -> mealplanning.GetValidIngredientPreparationsByIngredientResponse
	347, // 347: mealplanning.MealPlanningService.GetValidIngredientPreparationsByPreparation:output_type -> mealplanning.GetValidIngredientPreparationsByPreparationResponse
	348, // 348: mealplanning.MealPlanningService.GetValidPrepTaskConfig:output_type -> mealplanning.GetValidPrepTaskConfigResponse
	349, // 349: mealplanning.MealPlanningService.GetValidPrepTaskConfigs:output_type -> mealplanning.GetValidPrepTaskConfigsResponse
	350, // 350: mealplanning.MealPlanningService.GetValidPrepTaskConfigsByIngredient:output_type -> mealplanning.GetValidPrepTaskConfigsByIngredientResponse
	351, // 351: mealplanning.MealPlanningService.GetValidPrepTaskConfigsByPreparation:output_type -> mealplanning.GetValidPrepTaskConfigsByPreparationResponse
	352, // 352: mealplanning.MealPlanningService.GetValidPrepTaskConfigsByIngredientAndPreparation:output_type -> mealplanning.GetValidPrepTaskConfigsByIngredientAndPreparationResponse
	353, // 353: mealplanning.MealPlanningService.GetValidIngredientState:output_type -> mealplanning.GetValidIngredientStateResponse
	354, // 354: mealplanning.MealPlanningService.GetValidIngredientStateIngredient:output_type -> mealplanning.GetValidIngredientStateIngredientResponse
	355, // 355: mealplanning.MealPlanningService.GetValidIngredientStateIngredients:output_type -> mealplanning.GetValidIngredientStateIngredientsResponse
	356, // 356: mealplanning.MealPlanningService.GetValidIngredientStateIngredientsByIngredient:output_type -> mealplanning.GetValidIngredientStateIngredientsByIngredientResponse
	357, // 357: mealplanning.MealPlanningService.GetValidIngredientStateIngredientsByIngredientState:output_type -> mealplanning.GetValidIngredientStateIngredientsByIngredientStateResponse
	358, // 358: mealplanning.MealPlanningService.GetValidIngredientStates:output_type -> mealplanning.GetValidIngredientStatesResponse
	359, // 359: mealplanning.MealPlanningService.GetValidIngredients:output_type -> mealplanning.GetValidIngredientsResponse
	360, // 360: mealplanning.MealPlanningService.GetValidInstrument:output_type -> mealplanning.GetValidInstrumentResponse
	361, // 361: mealplanning.MealPlanningService.GetValidInstruments:output_type -> mealplanning.GetValidInstrumentsResponse
	362, // 362: mealplanning.MealPlanningService.GetValidMeasurementUnit:output_type -> mealplanning.GetValidMeasurementUnitResponse
	363, // 363: mealplanning.MealPlanningService.GetValidMeasurementUnitConversion:output_type -> mealplanning.GetValidMeasurementUnitConversionResponse
	364, // 364: mealplanning.MealPlanningService.GetValidMeasurementUnitConversionsForUnit:output_type -> mealplanning.GetValidMeasurementUnitConversionsForUnitResponse
	365, // 365: mealplanning.MealPlanningService.GetValidMeasurementUnitConversionsForIngredients:output_type -> mealplanning.GetValidMeasurementUnitConversionsForIngredientsResponse
	366, // 366: mealplanning.MealPlanningService.GetMeasurementUnitConversionMismatches:output_type -> mealplanning.GetMeasurementUnitConversionMismatchesResponse
	367, // 367: mealplanning.MealPlanningService.GetValidMeasurementUnits:output_type -> mealplanning.GetValidMeasurementUnitsResponse
	368, // 368: mealplanning.MealPlanningService.GetValidPreparation:output_type -> mealplanning.GetValidPreparationResponse
	369, // 369: mealplanning.MealPlanningService.GetValidPreparationInstrument:output_type -> mealplanning.GetValidPreparationInstrumentResponse
	370, // 370: mealplanning.MealPlanningService.GetValidPreparationInstruments:output_type -> mealplanning.GetValidPreparationInstrumentsResponse
	371, // 371: mealplanning.MealPlanningService.GetValidPreparationInstrumentsByInstrument:output_type -> mealplanning.GetValidPreparationInstrumentsByInstrumentResponse
	372, // 372: mealplanning.MealPlanningService.GetValidPreparationInstrumentsByPreparation:output_type -> mealplanning.GetValidPreparationInstrumentsByPreparationResponse
	373, // 373: mealplanning.MealPlanningService.GetValidPreparationVessel:output_type -> mealplanning.GetValidPreparationVesselResponse
	374, // 374: mealplanning.MealPlanningService.GetValidPreparationVessels:output_type -> mealplanning.GetValidPreparationVesselsResponse
	375, // 375: mealplanning.MealPlanningService.GetValidPreparationVesselsByPreparation:output_type -> mealplanning.GetValidPreparationVesselsByPreparationResponse
	376, // 376: mealplanning.MealPlanningService.GetValidPreparationVesselsByVessel:output_type -> mealplanning.GetValidPreparationVesselsByVesselResponse
	377, // 377: mealplanning.MealPlanningService.GetValidPreparations:output_type -> mealplanning.GetValidPreparationsResponse
	378, // 378: mealplanning.MealPlanningService.GetValidVessel:output_type -> mealplanning.GetValidVesselResponse
	379, // 379: mealplanning.MealPlanningService.GetValidVessels:output_type -> mealplanning.GetValidVesselsResponse
	380, // 380: mealplanning.MealPlanningService.RunFinalizeMealPlanWorker:output_type -> mealplanning.RunFinalizeMealPlanWorkerResponse
	381, // 381: mealplanning.MealPlanningService.RunMealPlanGroceryListInitializerWorker:output_type -> mealplanning.RunMealPlanGroceryListInitializerWorkerResponse
	382, // 382: mealplanning.MealPlanningService.RunMealPlanTaskCreatorWorker:output_type -> mealplanning.RunMealPlanTaskCreatorWorkerResponse
	383, // 383: mealplanning.MealPlanningService.SearchForMeals:output_type -> mealplanning.SearchForMealsResponse
	384, // 384: mealplanning.MealPlanningService.SearchForRecipes:output_type -> mealplanning.SearchForRecipesResponse
	385, // 385: mealplanning.MealPlanningService.SearchForMealEligibleRecipes:output_type -> mealplanning.SearchForMealEligibleRecipesResponse
	386, // 386: mealplanning.MealPlanningService.SearchForRecipesWithInstrumentOwnership:output_type -> mealplanning.SearchForRecipesWithInstrumentOwnershipResponse
	387, // 387: mealplanning.MealPlanningService.SearchForValidIngredientGroups:output_type -> mealplanning.SearchForValidIngredientGroupsResponse
	388, // 388: mealplanning.MealPlanningService.SearchForValidIngredientStates:output_type -> mealplanning.SearchForValidIngredientStatesResponse
	389, // 389: mealplanning.MealPlanningService.SearchForValidIngredients:output_type -> mealplanning.SearchForValidIngredientsResponse
	390, // 390: mealplanning.MealPlanningService.SearchForValidInstruments:output_type -> mealplanning.SearchForValidInstrumentsResponse
	391, // 391: mealplanning.MealPlanningService.SearchForValidMeasurementUnits:output_type -> mealplanning.SearchForValidMeasurementUnitsResponse
	392, // 392: mealplanning.MealPlanningService.SearchForValidPreparations:output_type -> mealplanning.SearchForValidPreparationsResponse
	393, // 393: mealplanning.MealPlanningService.SearchForValidVessels:output_type -> mealplanning.SearchForValidVesselsResponse
	394, // 394: mealplanning.MealPlanningService.SearchValidIngredientsByPreparation:output_type -> mealplanning.SearchValidIngredientsByPreparationResponse
	395, // 395: mealplanning.MealPlanningService.SearchValidMeasurementUnitsByIngredient:output_type -> mealplanning.SearchValidMeasurementUnitsByIngredientResponse
	396, // 396: mealplanning.MealPlanningService.UpdateMealPlan:output_type -> mealplanning.UpdateMealPlanResponse
	397, // 397: mealplanning.MealPlanningService.UpdateMealPlanEvent:output_type -> mealplanning.UpdateMealPlanEventResponse
	398, // 398: mealplanning.MealPlanningService.SwapMealPlanEvents:output_type -> mealplanning.SwapMealPlanEventsResponse
	399, // 399: mealplanning.MealPlanningService.UpdateMealPlanGroceryListItem:output_type -> mealplanning.UpdateMealPlanGroceryListItemResponse
	400, // 400: mealplanning.MealPlanningService.UpdateMealPlanOption:output_type -> mealplanning.UpdateMealPlanOptionResponse
	401, // 401: mealplanning.MealPlanningService.UpdateMealPlanOptionVote:output_type -> mealplanning.UpdateMealPlanOptionVoteResponse
	402, // 402: mealplanning.MealPlanningService.UpdateMealPlanRecipeOptionSelection:output_type -> mealplanning.UpdateMealPlanRecipeOptionSelectionResponse
	403, // 403: mealplanning.MealPlanningService.UpdateMealPlanTaskStatus:output_type -> mealplanning.UpdateMealPlanTaskStatusResponse
	404, // 404: mealplanning.MealPlanningService.UpdateMealList:output_type -> mealplanning.UpdateMealListResponse
	405, // 405: mealplanning.MealPlanningService.UpdateMealListItem:output_type -> mealplanning.UpdateMealListItemResponse
	406, // 406: mealplanning.MealPlanningService.UpdateRecipe:output_type -> mealplanning.UpdateRecipeResponse
	407, // 407: mealplanning.MealPlanningService.UpdateRecipeStatus:output_type -> mealplanning.UpdateRecipeStatusResponse
	408, // 408: mealplanning.MealPlanningService.UpdateRecipePrepTask:output_type -> mealplanning.UpdateRecipePrepTaskResponse
	409, // 409: mealplanning.MealPlanningService.UpdateRecipeRating:output_type -> mealplanning.UpdateRecipeRatingResponse
	410, // 410: mealplanning.MealPlanningService.UpdateRecipeList:output_type -> mealplanning.UpdateRecipeListResponse
	411, // 411: mealplanning.MealPlanningService.UpdateRecipeListItem:output_type -> mealplanning.UpdateRecipeListItemResponse
	412, // 412: mealplanning.MealPlanningService.UpdateRecipeStep:output_type -> mealplanning.UpdateRecipeStepResponse
	413, // 413: mealplanning.MealPlanningService.UpdateRecipeStepCompletionCondition:output_type -> mealplanning.UpdateRecipeStepCompletionConditionResponse
	414, // 414: mealplanning.MealPlanningService.UpdateRecipeStepIngredient:output_type -> mealplanning.UpdateRecipeStepIngredientResponse
	415, // 415: mealplanning.MealPlanningService.UpdateRecipeStepInstrument:output_type -> mealplanning.UpdateRecipeStepInstrumentResponse
	416, // 416: mealplanning.MealPlanningService.UpdateRecipeStepProduct:output_type -> mealplanning.UpdateRecipeStepProductResponse
	417, // 417: mealplanning.MealPlanningService.UpdateRecipeStepVessel:output_type -> mealplanning.UpdateRecipeStepVesselResponse
	418, // 418: mealplanning.MealPlanningService.UpdateValidIngredient:output_type -> mealplanning.UpdateValidIngredientResponse
	419, // 419: mealplanning.MealPlanningService.UpdateValidIngredientGroup:output_type -> mealplanning.UpdateValidIngredientGroupResponse
	420, // 420: mealplanning.MealPlanningService.UpdateValidIngredientMeasurementUnit:output_type -> mealplanning.UpdateValidIngredientMeasurementUnitResponse
	421, // 421: mealplanning.MealPlanningService.UpdateValidIngredientPreparation:output_type -> mealplanning.UpdateValidIngredientPreparationResponse
	422, // 422: mealplanning.MealPlanningService.UpdateValidPrepTaskConfig:output_type -> mealplanning.UpdateValidPrepTaskConfigResponse
	423, // 423: mealplanning.MealPlanningService.UpdateValidIngredientState:output_type -> mealplanning.UpdateValidIngredientStateResponse
	424, // 424: mealplanning.MealPlanningService.UpdateValidIngredientStateIngredient:output_type -> mealplanning.UpdateValidIngredientStateIngredientResponse
	425, // 425: mealplanning.MealPlanningService.UpdateValidInstrument:output_type -> mealplanning.UpdateValidInstrumentResponse
	426, // 426: mealplanning.MealPlanningService.UpdateValidMeasurementUnit:output_type -> mealplanning.UpdateValidMeasurementUnitResponse
	427, // 427: mealplanning.MealPlanningService.UpdateValidMeasurementUnitConversion:output_type -> mealplanning.UpdateValidMeasurementUnitConversionResponse
	428, // 428: mealplanning.MealPlanningService.UpdateValidPreparation:output_type -> mealplanning.UpdateValidPreparationResponse
	429, // 429: mealplanning.MealPlanningService.UpdateValidPreparationInstrument:output_type -> mealplanning.UpdateValidPreparationInstrumentResponse
	430, // 430: mealplanning.MealPlanningService.UpdateValidPreparationVessel:output_type -> mealplanning.UpdateValidPreparationVesselResponse
	431, // 431: mealplanning.MealPlanningService.UpdateValidVessel:output_type -> mealplanning.UpdateValidVesselResponse
	432, // 432: mealplanning.MealPlanningService.ArchiveAccountInstrumentOwnership:output_type -> mealplanning.ArchiveAccountInstrumentOwnershipResponse
	433, // 433: mealplanning.MealPlanningService.ArchiveUserIngredientPreference:output_type -> mealplanning.ArchiveUserIngredientPreferenceResponse
	434, // 434: mealplanning.MealPlanningService.CreateAccountInstrumentOwnership:output_type -> mealplanning.CreateAccountInstrumentOwnershipResponse
	435, // 435: mealplanning.MealPlanningService.CreateUserIngredientPreference:output_type -> mealplanning.CreateUserIngredientPreferenceResponse
	436, // 436: mealplanning.MealPlanningService.GetAccountInstrumentOwnership:output_type -> mealplanning.GetAccountInstrumentOwnershipResponse
	437, // 437: mealplanning.MealPlanningService.GetAccountInstrumentOwnerships:output_type -> mealplanning.GetAccountInstrumentOwnershipsResponse
	438, // 438: mealplanning.MealPlanningService.SearchForValidInstrumentsNotOwnedByAccount:output_type -> mealplanning.SearchForValidInstrumentsNotOwnedByAccountResponse
	439, // 439: mealplanning.MealPlanningService.GetUserIngredientPreference:output_type -> mealplanning.GetUserIngredientPreferenceResponse
	440, // 440: mealplanning.MealPlanningService.GetUserIngredientPreferences:output_type -> mealplanning.GetUserIngredientPreferencesResponse
	441, // 441: mealplanning.MealPlanningService.UpdateAccountInstrumentOwnership:output_type -> mealplanning.UpdateAccountInstrumentOwnershipResponse
	442, // 442: mealplanning.MealPlanningService.UpdateUserIngredientPreference:output_type -> mealplanning.UpdateUserIngredientPreferenceResponse
	443, // 443: mealplanning.MealPlanningService.UploadMealImage:output_type -> mealplanning.UploadMealImageResponse
	444, // 444: mealplanning.MealPlanningService.UploadRecipeImage:output_type -> mealplanning.UploadRecipeImageResponse
	445, // 445: mealplanning.MealPlanningService.UploadPreparationMedia:output_type -> mealplanning.UploadPreparationMediaResponse
	446, // 446: mealplanning.MealPlanningService.UploadIngredientMedia:output_type -> mealplanning.UploadIngredientMediaResponse
	447, // 447: mealplanning.MealPlanningService.UploadRecipeStepImage:output_type -> mealplanning.UploadRecipeStepImageResponse
	224, // [224:448] is the sub-list for method output_type
	0,   // [0:224] is the sub-list for method input_type
	0,   // [0:0] is the sub-list for extension type_name
	0,   // [0:0] is the sub-list for extension extendee
	0,   // [0:0] is the sub-list for field type_name
}

func init() { file_mealplanning_mealplanning_service_proto_init() }
func file_mealplanning_mealplanning_service_proto_init() {
	if File_mealplanning_mealplanning_service_proto != nil {
		return
	}
	file_mealplanning_mealplanning_service_types_proto_init()
	type x struct{}
	out := protoimpl.TypeBuilder{
		File: protoimpl.DescBuilder{
			GoPackagePath: reflect.TypeOf(x{}).PkgPath(),
			RawDescriptor: unsafe.Slice(unsafe.StringData(file_mealplanning_mealplanning_service_proto_rawDesc), len(file_mealplanning_mealplanning_service_proto_rawDesc)),
			NumEnums:      0,
			NumMessages:   0,
			NumExtensions: 0,
			NumServices:   1,
		},
		GoTypes:           file_mealplanning_mealplanning_service_proto_goTypes,
		DependencyIndexes: file_mealplanning_mealplanning_service_proto_depIdxs,
	}.Build()
	File_mealplanning_mealplanning_service_proto = out.File
	file_mealplanning_mealplanning_service_proto_goTypes = nil
	file_mealplanning_mealplanning_service_proto_depIdxs = nil
}
